Date,Time,Object ID,Logical ID,Category,Event,Behavior,Confidence,Centroid X,Centroid Y,Snapshot
2026-09-11,01:37:19,3,3,bus,INTRUSION,CROSSED_RESTRICTED_ZONE,0.7503,307,222,C:\Users\sharm\CCTV-YOLO\IBVAP\backend\logs\snapshots\intrusion_0001.jpg
2026-09-11,01:37:21,4,1,person,SUSPICIOUS_ACTIVITY,RAPID MOVEMENT,0.8333,198,239,C:\Users\sharm\CCTV-YOLO\IBVAP\backend\logs\snapshots\suspicious_0001.jpg
2026-09-11,01:37:29,1,1,person,INTRUSION,CROSSED_RESTRICTED_ZONE,0.8957,163,242,C:\Users\sharm\CCTV-YOLO\IBVAP\backend\logs\snapshots\intrusion_0002.jpg
2026-09-11,01:37:30,1,1,person,INTRUSION,CROSSED_RESTRICTED_ZONE,0.8925,163,243,C:\Users\sharm\CCTV-YOLO\IBVAP\backend\logs\snapshots\intrusion_0003.jpg
2026-09-11,01:37:31,1,1,person,SUSPICIOUS_ACTIVITY,ERRATIC MOVEMENT | RAPID MOVEMENT,1.0000,214,337,C:\Users\sharm\CCTV-YOLO\IBVAP\backend\logs\snapshots\suspicious_0002.jpg
2026-09-11,01:37:31,1,1,person,INTRUSION,CROSSED_RESTRICTED_ZONE,0.8975,163,243,C:\Users\sharm\CCTV-YOLO\IBVAP\backend\logs\snapshots\intrusion_0004.jpg
2026-09-11,01:37:33,1,1,person,INTRUSION,CROSSED_RESTRICTED_ZONE,0.9113,197,235,C:\Users\sharm\CCTV-YOLO\IBVAP\backend\logs\snapshots\intrusion_0005.jpg
2026-09-11,01:37:34,1,1,person,INTRUSION,CROSSED_RESTRICTED_ZONE,0.9034,197,236,C:\Users\sharm\CCTV-YOLO\IBVAP\backend\logs\snapshots\intrusion_0006.jpg
2026-09-11,01:37:35,1,1,person,INTRUSION,CROSSED_RESTRICTED_ZONE,0.8900,197,237,C:\Users\sharm\CCTV-YOLO\IBVAP\backend\logs\snapshots\intrusion_0007.jpg
2026-09-11,01:37:36,1,1,person,INTRUSION,CROSSED_RESTRICTED_ZONE,0.8919,198,237,C:\Users\sharm\CCTV-YOLO\IBVAP\backend\logs\snapshots\intrusion_0008.jpg
2026-09-11,01:37:37,1,1,person,INTRUSION,CROSSED_RESTRICTED_ZONE,0.8858,198,237,C:\Users\sharm\CCTV-YOLO\IBVAP\backend\logs\snapshots\intrusion_0009.jpg
2026-09-11,01:37:38,1,1,person,INTRUSION,CROSSED_RESTRICTED_ZONE,0.8618,162,241,C:\Users\sharm\CCTV-YOLO\IBVAP\backend\logs\snapshots\intrusion_0010.jpg
2026-09-11,01:37:40,1,1,person,INTRUSION,CROSSED_RESTRICTED_ZONE,0.8924,140,240,C:\Users\sharm\CCTV-YOLO\IBVAP\backend\logs\snapshots\intrusion_0011.jpg
2026-09-11,01:37:41,1,1,person,INTRUSION,CROSSED_RESTRICTED_ZONE,0.8873,140,240,C:\Users\sharm\CCTV-YOLO\IBVAP\backend\logs\snapshots\intrusion_0012.jpg
2026-09-11,01:37:42,1,1,person,SUSPICIOUS_ACTIVITY,ERRATIC MOVEMENT | RAPID MOVEMENT,1.0000,234,340,C:\Users\sharm\CCTV-YOLO\IBVAP\backend\logs\snapshots\suspicious_0003.jpg
2026-09-11,01:37:42,1,1,person,INTRUSION,CROSSED_RESTRICTED_ZONE,0.9013,163,242,C:\Users\sharm\CCTV-YOLO\IBVAP\backend\logs\snapshots\intrusion_0013.jpg
2026-09-11,01:37:43,1,1,person,INTRUSION,CROSSED_RESTRICTED_ZONE,0.9083,140,240,C:\Users\sharm\CCTV-YOLO\IBVAP\backend\logs\snapshots\intrusion_0014.jpg
2026-09-11,01:37:44,1,1,person,INTRUSION,CROSSED_RESTRICTED_ZONE,0.8943,141,241,C:\Users\sharm\CCTV-YOLO\IBVAP\backend\logs\snapshots\intrusion_0015.jpg
2026-09-11,01:37:46,1,1,person,INTRUSION,CROSSED_RESTRICTED_ZONE,0.8896,141,241,C:\Users\sharm\CCTV-YOLO\IBVAP\backend\logs\snapshots\intrusion_0016.jpg
2026-09-11,01:37:48,1,1,person,INTRUSION,CROSSED_RESTRICTED_ZONE,0.9172,162,239,C:\Users\sharm\CCTV-YOLO\IBVAP\backend\logs\snapshots\intrusion_0017.jpg
2026-09-11,01:37:49,1,1,person,INTRUSION,CROSSED_RESTRICTED_ZONE,0.8861,162,239,C:\Users\sharm\CCTV-YOLO\IBVAP\backend\logs\snapshots\intrusion_0018.jpg
2026-09-11,01:37:50,1,1,person,INTRUSION,CROSSED_RESTRICTED_ZONE,0.9069,162,239,C:\Users\sharm\CCTV-YOLO\IBVAP\backend\logs\snapshots\intrusion_0019.jpg
2026-09-11,01:37:52,1,1,person,INTRUSION,CROSSED_RESTRICTED_ZONE,0.8134,162,239,C:\Users\sharm\CCTV-YOLO\IBVAP\backend\logs\snapshots\intrusion_0020.jpg
2026-09-11,01:37:53,1,1,person,SUSPICIOUS_ACTIVITY,ERRATIC MOVEMENT | RAPID MOVEMENT,1.0000,273,344,C:\Users\sharm\CCTV-YOLO\IBVAP\backend\logs\snapshots\suspicious_0004.jpg
2026-09-11,01:37:53,1,1,person,INTRUSION,CROSSED_RESTRICTED_ZONE,0.8169,162,239,C:\Users\sharm\CCTV-YOLO\IBVAP\backend\logs\snapshots\intrusion_0021.jpg
2026-09-11,01:37:54,1,1,person,INTRUSION,CROSSED_RESTRICTED_ZONE,0.2754,162,239,C:\Users\sharm\CCTV-YOLO\IBVAP\backend\logs\snapshots\intrusion_0022.jpg
2026-09-11,01:37:56,1,1,person,INTRUSION,CROSSED_RESTRICTED_ZONE,0.8757,162,239,C:\Users\sharm\CCTV-YOLO\IBVAP\backend\logs\snapshots\intrusion_0023.jpg
2026-09-11,01:37:57,1,1,person,INTRUSION,CROSSED_RESTRICTED_ZONE,0.8556,162,239,C:\Users\sharm\CCTV-YOLO\IBVAP\backend\logs\snapshots\intrusion_0024.jpg
2026-09-11,01:37:58,1,1,person,INTRUSION,CROSSED_RESTRICTED_ZONE,0.7353,163,239,C:\Users\sharm\CCTV-YOLO\IBVAP\backend\logs\snapshots\intrusion_0025.jpg
2026-09-11,01:38:00,1,1,person,INTRUSION,CROSSED_RESTRICTED_ZONE,0.8694,163,238,C:\Users\sharm\CCTV-YOLO\IBVAP\backend\logs\snapshots\intrusion_0026.jpg
2026-09-11,01:38:01,1,1,person,INTRUSION,CROSSED_RESTRICTED_ZONE,0.8652,163,238,C:\Users\sharm\CCTV-YOLO\IBVAP\backend\logs\snapshots\intrusion_0027.jpg
2026-09-11,01:38:02,1,1,person,INTRUSION,CROSSED_RESTRICTED_ZONE,0.8441,163,238,C:\Users\sharm\CCTV-YOLO\IBVAP\backend\logs\snapshots\intrusion_0028.jpg
2026-09-11,01:38:03,1,1,person,SUSPICIOUS_ACTIVITY,ERRATIC MOVEMENT | RAPID MOVEMENT,1.0000,335,286,C:\Users\sharm\CCTV-YOLO\IBVAP\backend\logs\snapshots\suspicious_0005.jpg
2026-09-11,01:38:04,1,1,person,INTRUSION,CROSSED_RESTRICTED_ZONE,0.8439,163,238,C:\Users\sharm\CCTV-YOLO\IBVAP\backend\logs\snapshots\intrusion_0029.jpg
2026-09-11,01:38:05,1,1,person,INTRUSION,CROSSED_RESTRICTED_ZONE,0.8434,163,238,C:\Users\sharm\CCTV-YOLO\IBVAP\backend\logs\snapshots\intrusion_0030.jpg
2026-09-11,01:38:07,1,1,person,INTRUSION,CROSSED_RESTRICTED_ZONE,0.8550,163,238,C:\Users\sharm\CCTV-YOLO\IBVAP\backend\logs\snapshots\intrusion_0031.jpg
2026-09-11,01:38:08,1,1,person,INTRUSION,CROSSED_RESTRICTED_ZONE,0.8559,163,237,C:\Users\sharm\CCTV-YOLO\IBVAP\backend\logs\snapshots\intrusion_0032.jpg
2026-09-11,01:38:09,1,1,person,INTRUSION,CROSSED_RESTRICTED_ZONE,0.8677,163,237,C:\Users\sharm\CCTV-YOLO\IBVAP\backend\logs\snapshots\intrusion_0033.jpg
2026-09-11,01:38:10,1,1,person,INTRUSION,CROSSED_RESTRICTED_ZONE,0.8768,163,237,C:\Users\sharm\CCTV-YOLO\IBVAP\backend\logs\snapshots\intrusion_0034.jpg
2026-09-11,01:38:11,1,1,person,INTRUSION,CROSSED_RESTRICTED_ZONE,0.8875,163,237,C:\Users\sharm\CCTV-YOLO\IBVAP\backend\logs\snapshots\intrusion_0035.jpg
2026-09-11,01:38:12,1,1,person,INTRUSION,CROSSED_RESTRICTED_ZONE,0.8848,163,236,C:\Users\sharm\CCTV-YOLO\IBVAP\backend\logs\snapshots\intrusion_0036.jpg
2026-09-11,01:38:13,1,1,person,INTRUSION,CROSSED_RESTRICTED_ZONE,0.8862,163,236,C:\Users\sharm\CCTV-YOLO\IBVAP\backend\logs\snapshots\intrusion_0037.jpg
2026-09-11,01:38:14,1,1,person,SUSPICIOUS_ACTIVITY,ERRATIC MOVEMENT | RAPID MOVEMENT,1.0000,355,280,C:\Users\sharm\CCTV-YOLO\IBVAP\backend\logs\snapshots\suspicious_0006.jpg
2026-09-11,01:38:14,1,1,person,INTRUSION,CROSSED_RESTRICTED_ZONE,0.8847,163,236,C:\Users\sharm\CCTV-YOLO\IBVAP\backend\logs\snapshots\intrusion_0038.jpg
2026-09-11,01:38:15,1,1,person,INTRUSION,CROSSED_RESTRICTED_ZONE,0.8824,163,236,C:\Users\sharm\CCTV-YOLO\IBVAP\backend\logs\snapshots\intrusion_0039.jpg
2026-09-11,01:38:16,1,1,person,INTRUSION,CROSSED_RESTRICTED_ZONE,0.8760,163,236,C:\Users\sharm\CCTV-YOLO\IBVAP\backend\logs\snapshots\intrusion_0040.jpg
2026-09-11,01:38:17,1,1,person,INTRUSION,CROSSED_RESTRICTED_ZONE,0.8561,163,235,C:\Users\sharm\CCTV-YOLO\IBVAP\backend\logs\snapshots\intrusion_0041.jpg
2026-09-11,01:38:18,1,1,person,INTRUSION,CROSSED_RESTRICTED_ZONE,0.8592,163,235,C:\Users\sharm\CCTV-YOLO\IBVAP\backend\logs\snapshots\intrusion_0042.jpg
2026-09-11,01:38:20,1,1,person,INTRUSION,CROSSED_RESTRICTED_ZONE,0.8577,163,235,C:\Users\sharm\CCTV-YOLO\IBVAP\backend\logs\snapshots\intrusion_0043.jpg
2026-09-11,01:38:21,1,1,person,INTRUSION,CROSSED_RESTRICTED_ZONE,0.8227,163,235,C:\Users\sharm\CCTV-YOLO\IBVAP\backend\logs\snapshots\intrusion_0044.jpg
2026-09-11,01:38:21,1,1,person,INTRUSION,CROSSED_RESTRICTED_ZONE,0.8700,163,235,C:\Users\sharm\CCTV-YOLO\IBVAP\backend\logs\snapshots\intrusion_0045.jpg
2026-09-11,01:38:23,1,1,person,INTRUSION,CROSSED_RESTRICTED_ZONE,0.8695,163,235,C:\Users\sharm\CCTV-YOLO\IBVAP\backend\logs\snapshots\intrusion_0046.jpg
2026-09-11,01:38:24,1,1,person,INTRUSION,CROSSED_RESTRICTED_ZONE,0.8836,163,235,C:\Users\sharm\CCTV-YOLO\IBVAP\backend\logs\snapshots\intrusion_0047.jpg
2026-09-11,01:38:25,1,1,person,SUSPICIOUS_ACTIVITY,ERRATIC MOVEMENT | RAPID MOVEMENT,1.0000,369,278,C:\Users\sharm\CCTV-YOLO\IBVAP\backend\logs\snapshots\suspicious_0007.jpg
2026-09-11,01:38:25,1,1,person,INTRUSION,CROSSED_RESTRICTED_ZONE,0.8843,164,235,C:\Users\sharm\CCTV-YOLO\IBVAP\backend\logs\snapshots\intrusion_0048.jpg
2026-09-11,01:38:27,1,1,person,INTRUSION,CROSSED_RESTRICTED_ZONE,0.8868,164,234,C:\Users\sharm\CCTV-YOLO\IBVAP\backend\logs\snapshots\intrusion_0049.jpg
2026-09-11,01:38:28,1,1,person,INTRUSION,CROSSED_RESTRICTED_ZONE,0.8931,164,234,C:\Users\sharm\CCTV-YOLO\IBVAP\backend\logs\snapshots\intrusion_0050.jpg
2026-09-11,01:38:30,1,1,person,INTRUSION,CROSSED_RESTRICTED_ZONE,0.8877,164,234,C:\Users\sharm\CCTV-YOLO\IBVAP\backend\logs\snapshots\intrusion_0051.jpg
2026-09-11,01:38:31,1,1,person,INTRUSION,CROSSED_RESTRICTED_ZONE,0.8879,164,233,C:\Users\sharm\CCTV-YOLO\IBVAP\backend\logs\snapshots\intrusion_0052.jpg
2026-09-11,01:38:31,3,3,bus,INTRUSION,CROSSED_RESTRICTED_ZONE,0.7503,307,222,C:\Users\sharm\CCTV-YOLO\IBVAP\backend\logs\snapshots\intrusion_0001.jpg
2026-09-11,01:38:32,1,1,person,INTRUSION,CROSSED_RESTRICTED_ZONE,0.6026,165,233,C:\Users\sharm\CCTV-YOLO\IBVAP\backend\logs\snapshots\intrusion_0053.jpg
2026-09-11,01:38:32,1,1,person,INTRUSION,CROSSED_RESTRICTED_ZONE,0.8821,165,233,C:\Users\sharm\CCTV-YOLO\IBVAP\backend\logs\snapshots\intrusion_0054.jpg
2026-09-11,01:38:33,4,1,person,SUSPICIOUS_ACTIVITY,RAPID MOVEMENT,0.8333,198,239,C:\Users\sharm\CCTV-YOLO\IBVAP\backend\logs\snapshots\suspicious_0001.jpg
2026-09-11,01:38:34,1,1,person,INTRUSION,CROSSED_RESTRICTED_ZONE,0.8824,165,233,C:\Users\sharm\CCTV-YOLO\IBVAP\backend\logs\snapshots\intrusion_0055.jpg
2026-09-11,01:38:35,1,1,person,SUSPICIOUS_ACTIVITY,ERRATIC MOVEMENT | RAPID MOVEMENT,1.0000,385,278,C:\Users\sharm\CCTV-YOLO\IBVAP\backend\logs\snapshots\suspicious_0008.jpg
2026-09-11,01:38:35,1,1,person,INTRUSION,CROSSED_RESTRICTED_ZONE,0.8818,165,233,C:\Users\sharm\CCTV-YOLO\IBVAP\backend\logs\snapshots\intrusion_0056.jpg
2026-09-11,01:38:37,1,1,person,INTRUSION,CROSSED_RESTRICTED_ZONE,0.8840,165,233,C:\Users\sharm\CCTV-YOLO\IBVAP\backend\logs\snapshots\intrusion_0057.jpg
2026-09-11,01:38:38,1,1,person,INTRUSION,CROSSED_RESTRICTED_ZONE,0.8873,165,233,C:\Users\sharm\CCTV-YOLO\IBVAP\backend\logs\snapshots\intrusion_0058.jpg
2026-09-11,01:38:39,1,1,person,INTRUSION,CROSSED_RESTRICTED_ZONE,0.8930,165,233,C:\Users\sharm\CCTV-YOLO\IBVAP\backend\logs\snapshots\intrusion_0059.jpg
2026-09-11,01:38:41,1,1,person,INTRUSION,CROSSED_RESTRICTED_ZONE,0.8931,165,233,C:\Users\sharm\CCTV-YOLO\IBVAP\backend\logs\snapshots\intrusion_0060.jpg
2026-09-11,01:38:42,1,1,person,INTRUSION,CROSSED_RESTRICTED_ZONE,0.8911,165,233,C:\Users\sharm\CCTV-YOLO\IBVAP\backend\logs\snapshots\intrusion_0061.jpg
2026-09-11,01:38:43,1,1,person,SUSPICIOUS_ACTIVITY,ERRATIC MOVEMENT | RAPID MOVEMENT,1.0000,207,336,C:\Users\sharm\CCTV-YOLO\IBVAP\backend\logs\snapshots\suspicious_0002.jpg
2026-09-11,01:38:44,1,1,person,INTRUSION,CROSSED_RESTRICTED_ZONE,0.8957,163,242,C:\Users\sharm\CCTV-YOLO\IBVAP\backend\logs\snapshots\intrusion_0002.jpg
2026-09-11,01:38:44,1,1,person,INTRUSION,CROSSED_RESTRICTED_ZONE,0.8977,166,233,C:\Users\sharm\CCTV-YOLO\IBVAP\backend\logs\snapshots\intrusion_0062.jpg
2026-09-11,01:38:45,1,1,person,INTRUSION,CROSSED_RESTRICTED_ZONE,0.8907,166,233,C:\Users\sharm\CCTV-YOLO\IBVAP\backend\logs\snapshots\intrusion_0063.jpg
2026-09-11,01:38:45,1,1,person,INTRUSION,CROSSED_RESTRICTED_ZONE,0.8925,163,243,C:\Users\sharm\CCTV-YOLO\IBVAP\backend\logs\snapshots\intrusion_0003.jpg
2026-09-11,01:38:46,1,1,person,INTRUSION,CROSSED_RESTRICTED_ZONE,0.8975,163,243,C:\Users\sharm\CCTV-YOLO\IBVAP\backend\logs\snapshots\intrusion_0004.jpg
2026-09-11,01:38:46,1,1,person,SUSPICIOUS_ACTIVITY,ERRATIC MOVEMENT | RAPID MOVEMENT,1.0000,376,278,C:\Users\sharm\CCTV-YOLO\IBVAP\backend\logs\snapshots\suspicious_0009.jpg
2026-09-11,01:38:46,1,1,person,INTRUSION,CROSSED_RESTRICTED_ZONE,0.8782,165,233,C:\Users\sharm\CCTV-YOLO\IBVAP\backend\logs\snapshots\intrusion_0064.jpg
2026-09-11,01:38:48,1,1,person,INTRUSION,CROSSED_RESTRICTED_ZONE,0.9113,197,235,C:\Users\sharm\CCTV-YOLO\IBVAP\backend\logs\snapshots\intrusion_0005.jpg
2026-09-11,01:38:48,1,1,person,INTRUSION,CROSSED_RESTRICTED_ZONE,0.7516,165,232,C:\Users\sharm\CCTV-YOLO\IBVAP\backend\logs\snapshots\intrusion_0065.jpg
2026-09-11,01:38:50,1,1,person,INTRUSION,CROSSED_RESTRICTED_ZONE,0.7970,165,232,C:\Users\sharm\CCTV-YOLO\IBVAP\backend\logs\snapshots\intrusion_0066.jpg
2026-09-11,01:38:50,1,1,person,INTRUSION,CROSSED_RESTRICTED_ZONE,0.9034,197,236,C:\Users\sharm\CCTV-YOLO\IBVAP\backend\logs\snapshots\intrusion_0006.jpg
2026-09-11,01:38:51,1,1,person,INTRUSION,CROSSED_RESTRICTED_ZONE,0.8449,165,233,C:\Users\sharm\CCTV-YOLO\IBVAP\backend\logs\snapshots\intrusion_0067.jpg
2026-09-11,01:38:51,1,1,person,INTRUSION,CROSSED_RESTRICTED_ZONE,0.8900,197,237,C:\Users\sharm\CCTV-YOLO\IBVAP\backend\logs\snapshots\intrusion_0007.jpg
2026-09-11,01:38:53,1,1,person,INTRUSION,CROSSED_RESTRICTED_ZONE,0.8419,165,232,C:\Users\sharm\CCTV-YOLO\IBVAP\backend\logs\snapshots\intrusion_0068.jpg
2026-09-11,01:38:53,1,1,person,SUSPICIOUS_ACTIVITY,ERRATIC MOVEMENT | RAPID MOVEMENT,1.0000,221,338,C:\Users\sharm\CCTV-YOLO\IBVAP\backend\logs\snapshots\suspicious_0003.jpg
2026-09-11,01:38:53,1,1,person,INTRUSION,CROSSED_RESTRICTED_ZONE,0.8919,198,237,C:\Users\sharm\CCTV-YOLO\IBVAP\backend\logs\snapshots\intrusion_0008.jpg
2026-09-11,01:38:54,1,1,person,INTRUSION,CROSSED_RESTRICTED_ZONE,0.8858,198,237,C:\Users\sharm\CCTV-YOLO\IBVAP\backend\logs\snapshots\intrusion_0009.jpg
2026-09-11,01:38:54,1,1,person,INTRUSION,CROSSED_RESTRICTED_ZONE,0.8488,165,232,C:\Users\sharm\CCTV-YOLO\IBVAP\backend\logs\snapshots\intrusion_0069.jpg
2026-09-11,01:38:55,1,1,person,INTRUSION,CROSSED_RESTRICTED_ZONE,0.8502,165,232,C:\Users\sharm\CCTV-YOLO\IBVAP\backend\logs\snapshots\intrusion_0070.jpg
2026-09-11,01:38:55,1,1,person,INTRUSION,CROSSED_RESTRICTED_ZONE,0.8618,162,241,C:\Users\sharm\CCTV-YOLO\IBVAP\backend\logs\snapshots\intrusion_0010.jpg
2026-09-11,01:38:56,1,1,person,INTRUSION,CROSSED_RESTRICTED_ZONE,0.8924,140,240,C:\Users\sharm\CCTV-YOLO\IBVAP\backend\logs\snapshots\intrusion_0011.jpg
2026-09-11,01:38:56,1,1,person,INTRUSION,CROSSED_RESTRICTED_ZONE,0.8435,165,232,C:\Users\sharm\CCTV-YOLO\IBVAP\backend\logs\snapshots\intrusion_0071.jpg
2026-09-11,01:38:58,1,1,person,SUSPICIOUS_ACTIVITY,ERRATIC MOVEMENT | RAPID MOVEMENT,1.0000,339,283,C:\Users\sharm\CCTV-YOLO\IBVAP\backend\logs\snapshots\suspicious_0010.jpg
2026-09-11,01:38:58,1,1,person,INTRUSION,CROSSED_RESTRICTED_ZONE,0.8873,140,240,C:\Users\sharm\CCTV-YOLO\IBVAP\backend\logs\snapshots\intrusion_0012.jpg
2026-09-11,01:38:58,1,1,person,INTRUSION,CROSSED_RESTRICTED_ZONE,0.8383,166,232,C:\Users\sharm\CCTV-YOLO\IBVAP\backend\logs\snapshots\intrusion_0072.jpg
2026-09-11,01:39:00,1,1,person,INTRUSION,CROSSED_RESTRICTED_ZONE,0.9013,163,242,C:\Users\sharm\CCTV-YOLO\IBVAP\backend\logs\snapshots\intrusion_0013.jpg
2026-09-11,01:39:00,1,1,person,INTRUSION,CROSSED_RESTRICTED_ZONE,0.8683,166,232,C:\Users\sharm\CCTV-YOLO\IBVAP\backend\logs\snapshots\intrusion_0073.jpg
2026-09-11,01:39:01,1,1,person,INTRUSION,CROSSED_RESTRICTED_ZONE,0.8799,166,232,C:\Users\sharm\CCTV-YOLO\IBVAP\backend\logs\snapshots\intrusion_0074.jpg
2026-09-11,01:39:01,1,1,person,INTRUSION,CROSSED_RESTRICTED_ZONE,0.9083,140,240,C:\Users\sharm\CCTV-YOLO\IBVAP\backend\logs\snapshots\intrusion_0014.jpg
2026-09-11,01:39:02,1,1,person,INTRUSION,CROSSED_RESTRICTED_ZONE,0.8767,166,232,C:\Users\sharm\CCTV-YOLO\IBVAP\backend\logs\snapshots\intrusion_0075.jpg
2026-09-11,01:39:02,1,1,person,INTRUSION,CROSSED_RESTRICTED_ZONE,0.8943,141,241,C:\Users\sharm\CCTV-YOLO\IBVAP\backend\logs\snapshots\intrusion_0015.jpg
2026-09-11,01:39:03,1,1,person,INTRUSION,CROSSED_RESTRICTED_ZONE,0.8726,166,232,C:\Users\sharm\CCTV-YOLO\IBVAP\backend\logs\snapshots\intrusion_0076.jpg
2026-09-11,01:39:03,1,1,person,SUSPICIOUS_ACTIVITY,ERRATIC MOVEMENT | RAPID MOVEMENT,1.0000,248,341,C:\Users\sharm\CCTV-YOLO\IBVAP\backend\logs\snapshots\suspicious_0004.jpg
2026-09-11,01:39:03,1,1,person,INTRUSION,CROSSED_RESTRICTED_ZONE,0.8896,141,241,C:\Users\sharm\CCTV-YOLO\IBVAP\backend\logs\snapshots\intrusion_0016.jpg
2026-09-11,01:39:04,1,1,person,INTRUSION,CROSSED_RESTRICTED_ZONE,0.9172,162,239,C:\Users\sharm\CCTV-YOLO\IBVAP\backend\logs\snapshots\intrusion_0017.jpg
2026-09-11,01:39:04,1,1,person,INTRUSION,CROSSED_RESTRICTED_ZONE,0.6456,166,232,C:\Users\sharm\CCTV-YOLO\IBVAP\backend\logs\snapshots\intrusion_0077.jpg
2026-09-11,01:39:05,1,1,person,INTRUSION,CROSSED_RESTRICTED_ZONE,0.8861,162,239,C:\Users\sharm\CCTV-YOLO\IBVAP\backend\logs\snapshots\intrusion_0018.jpg
2026-09-11,01:39:05,1,1,person,INTRUSION,CROSSED_RESTRICTED_ZONE,0.5370,166,232,C:\Users\sharm\CCTV-YOLO\IBVAP\backend\logs\snapshots\intrusion_0078.jpg
2026-09-11,01:39:06,1,1,person,INTRUSION,CROSSED_RESTRICTED_ZONE,0.2197,166,232,C:\Users\sharm\CCTV-YOLO\IBVAP\backend\logs\snapshots\intrusion_0079.jpg
2026-09-11,01:39:06,1,1,person,INTRUSION,CROSSED_RESTRICTED_ZONE,0.9069,162,239,C:\Users\sharm\CCTV-YOLO\IBVAP\backend\logs\snapshots\intrusion_0019.jpg
2026-09-11,01:39:07,1,1,person,INTRUSION,CROSSED_RESTRICTED_ZONE,0.8490,166,232,C:\Users\sharm\CCTV-YOLO\IBVAP\backend\logs\snapshots\intrusion_0080.jpg
2026-09-11,01:39:08,1,1,person,INTRUSION,CROSSED_RESTRICTED_ZONE,0.8134,162,239,C:\Users\sharm\CCTV-YOLO\IBVAP\backend\logs\snapshots\intrusion_0020.jpg
2026-09-11,01:39:09,1,1,person,SUSPICIOUS_ACTIVITY,ERRATIC MOVEMENT | RAPID MOVEMENT,1.0000,281,320,C:\Users\sharm\CCTV-YOLO\IBVAP\backend\logs\snapshots\suspicious_0011.jpg
2026-09-11,01:39:09,1,1,person,INTRUSION,CROSSED_RESTRICTED_ZONE,0.8750,166,231,C:\Users\sharm\CCTV-YOLO\IBVAP\backend\logs\snapshots\intrusion_0081.jpg
2026-09-11,01:39:09,1,1,person,INTRUSION,CROSSED_RESTRICTED_ZONE,0.8169,162,239,C:\Users\sharm\CCTV-YOLO\IBVAP\backend\logs\snapshots\intrusion_0021.jpg
2026-09-11,01:39:10,1,1,person,INTRUSION,CROSSED_RESTRICTED_ZONE,0.7845,167,232,C:\Users\sharm\CCTV-YOLO\IBVAP\backend\logs\snapshots\intrusion_0082.jpg
2026-09-11,01:39:10,1,1,person,INTRUSION,CROSSED_RESTRICTED_ZONE,0.2754,162,239,C:\Users\sharm\CCTV-YOLO\IBVAP\backend\logs\snapshots\intrusion_0022.jpg
2026-09-11,01:39:11,1,1,person,INTRUSION,CROSSED_RESTRICTED_ZONE,0.7928,167,232,C:\Users\sharm\CCTV-YOLO\IBVAP\backend\logs\snapshots\intrusion_0083.jpg
2026-09-11,01:39:11,1,1,person,INTRUSION,CROSSED_RESTRICTED_ZONE,0.8757,162,239,C:\Users\sharm\CCTV-YOLO\IBVAP\backend\logs\snapshots\intrusion_0023.jpg
2026-09-11,01:39:12,1,1,person,INTRUSION,CROSSED_RESTRICTED_ZONE,0.5646,167,232,C:\Users\sharm\CCTV-YOLO\IBVAP\backend\logs\snapshots\intrusion_0084.jpg
2026-09-11,01:39:12,1,1,person,INTRUSION,CROSSED_RESTRICTED_ZONE,0.8556,162,239,C:\Users\sharm\CCTV-YOLO\IBVAP\backend\logs\snapshots\intrusion_0024.jpg
2026-09-11,01:39:13,1,1,person,INTRUSION,CROSSED_RESTRICTED_ZONE,0.7353,163,239,C:\Users\sharm\CCTV-YOLO\IBVAP\backend\logs\snapshots\intrusion_0025.jpg
2026-09-11,01:39:13,1,1,person,INTRUSION,CROSSED_RESTRICTED_ZONE,0.4647,167,232,C:\Users\sharm\CCTV-YOLO\IBVAP\backend\logs\snapshots\intrusion_0085.jpg
2026-09-11,01:39:15,1,1,person,INTRUSION,CROSSED_RESTRICTED_ZONE,0.7922,166,232,C:\Users\sharm\CCTV-YOLO\IBVAP\backend\logs\snapshots\intrusion_0086.jpg
2026-09-11,01:39:15,1,1,person,SUSPICIOUS_ACTIVITY,ERRATIC MOVEMENT | RAPID MOVEMENT,1.0000,314,300,C:\Users\sharm\CCTV-YOLO\IBVAP\backend\logs\snapshots\suspicious_0005.jpg
2026-09-11,01:39:15,1,1,person,INTRUSION,CROSSED_RESTRICTED_ZONE,0.8694,163,238,C:\Users\sharm\CCTV-YOLO\IBVAP\backend\logs\snapshots\intrusion_0026.jpg
2026-09-11,01:39:17,1,1,person,INTRUSION,CROSSED_RESTRICTED_ZONE,0.8652,163,238,C:\Users\sharm\CCTV-YOLO\IBVAP\backend\logs\snapshots\intrusion_0027.jpg
2026-09-11,01:39:17,1,1,person,INTRUSION,CROSSED_RESTRICTED_ZONE,0.7487,166,232,C:\Users\sharm\CCTV-YOLO\IBVAP\backend\logs\snapshots\intrusion_0087.jpg
2026-09-11,01:39:19,1,1,person,INTRUSION,CROSSED_RESTRICTED_ZONE,0.8756,166,232,C:\Users\sharm\CCTV-YOLO\IBVAP\backend\logs\snapshots\intrusion_0088.jpg
2026-09-11,01:39:19,1,1,person,INTRUSION,CROSSED_RESTRICTED_ZONE,0.8441,163,238,C:\Users\sharm\CCTV-YOLO\IBVAP\backend\logs\snapshots\intrusion_0028.jpg
2026-09-11,01:39:20,1,1,person,SUSPICIOUS_ACTIVITY,ERRATIC MOVEMENT | RAPID MOVEMENT,1.0000,253,346,C:\Users\sharm\CCTV-YOLO\IBVAP\backend\logs\snapshots\suspicious_0012.jpg
2026-09-11,01:39:20,1,1,person,INTRUSION,CROSSED_RESTRICTED_ZONE,0.8439,163,238,C:\Users\sharm\CCTV-YOLO\IBVAP\backend\logs\snapshots\intrusion_0029.jpg
2026-09-11,01:39:20,1,1,person,INTRUSION,CROSSED_RESTRICTED_ZONE,0.8709,166,232,C:\Users\sharm\CCTV-YOLO\IBVAP\backend\logs\snapshots\intrusion_0089.jpg
2026-09-11,01:39:22,1,1,person,INTRUSION,CROSSED_RESTRICTED_ZONE,0.8434,163,238,C:\Users\sharm\CCTV-YOLO\IBVAP\backend\logs\snapshots\intrusion_0030.jpg
2026-09-11,01:39:22,1,1,person,INTRUSION,CROSSED_RESTRICTED_ZONE,0.8669,185,226,C:\Users\sharm\CCTV-YOLO\IBVAP\backend\logs\snapshots\intrusion_0090.jpg
2026-09-11,01:39:24,1,1,person,INTRUSION,CROSSED_RESTRICTED_ZONE,0.8550,163,238,C:\Users\sharm\CCTV-YOLO\IBVAP\backend\logs\snapshots\intrusion_0031.jpg
2026-09-11,01:39:24,1,1,person,INTRUSION,CROSSED_RESTRICTED_ZONE,0.9024,185,226,C:\Users\sharm\CCTV-YOLO\IBVAP\backend\logs\snapshots\intrusion_0091.jpg
2026-09-11,01:39:26,1,1,person,SUSPICIOUS_ACTIVITY,ERRATIC MOVEMENT | RAPID MOVEMENT,1.0000,347,280,C:\Users\sharm\CCTV-YOLO\IBVAP\backend\logs\snapshots\suspicious_0006.jpg
2026-09-11,01:39:26,1,1,person,INTRUSION,CROSSED_RESTRICTED_ZONE,0.8559,163,237,C:\Users\sharm\CCTV-YOLO\IBVAP\backend\logs\snapshots\intrusion_0032.jpg
2026-09-11,01:39:26,1,1,person,INTRUSION,CROSSED_RESTRICTED_ZONE,0.9216,185,226,C:\Users\sharm\CCTV-YOLO\IBVAP\backend\logs\snapshots\intrusion_0092.jpg
2026-09-11,01:39:28,1,1,person,INTRUSION,CROSSED_RESTRICTED_ZONE,0.9122,185,226,C:\Users\sharm\CCTV-YOLO\IBVAP\backend\logs\snapshots\intrusion_0093.jpg
2026-09-11,01:39:28,1,1,person,INTRUSION,CROSSED_RESTRICTED_ZONE,0.8677,163,237,C:\Users\sharm\CCTV-YOLO\IBVAP\backend\logs\snapshots\intrusion_0033.jpg
2026-09-11,01:39:30,1,1,person,INTRUSION,CROSSED_RESTRICTED_ZONE,0.8989,185,227,C:\Users\sharm\CCTV-YOLO\IBVAP\backend\logs\snapshots\intrusion_0094.jpg
2026-09-11,01:39:30,1,1,person,INTRUSION,CROSSED_RESTRICTED_ZONE,0.8768,163,237,C:\Users\sharm\CCTV-YOLO\IBVAP\backend\logs\snapshots\intrusion_0034.jpg
2026-09-11,01:39:31,1,1,person,SUSPICIOUS_ACTIVITY,ERRATIC MOVEMENT | RAPID MOVEMENT,1.0000,231,339,C:\Users\sharm\CCTV-YOLO\IBVAP\backend\logs\snapshots\suspicious_0013.jpg
2026-09-11,01:39:31,1,1,person,INTRUSION,CROSSED_RESTRICTED_ZONE,0.8840,185,227,C:\Users\sharm\CCTV-YOLO\IBVAP\backend\logs\snapshots\intrusion_0095.jpg
2026-09-11,01:39:31,1,1,person,INTRUSION,CROSSED_RESTRICTED_ZONE,0.8875,163,237,C:\Users\sharm\CCTV-YOLO\IBVAP\backend\logs\snapshots\intrusion_0035.jpg
2026-09-11,01:39:32,1,1,person,INTRUSION,CROSSED_RESTRICTED_ZONE,0.8978,186,227,C:\Users\sharm\CCTV-YOLO\IBVAP\backend\logs\snapshots\intrusion_0096.jpg
2026-09-11,01:39:32,1,1,person,INTRUSION,CROSSED_RESTRICTED_ZONE,0.8848,163,236,C:\Users\sharm\CCTV-YOLO\IBVAP\backend\logs\snapshots\intrusion_0036.jpg
2026-09-11,01:39:33,1,1,person,INTRUSION,CROSSED_RESTRICTED_ZONE,0.8898,186,228,C:\Users\sharm\CCTV-YOLO\IBVAP\backend\logs\snapshots\intrusion_0097.jpg
2026-09-11,01:39:33,1,1,person,INTRUSION,CROSSED_RESTRICTED_ZONE,0.8862,163,236,C:\Users\sharm\CCTV-YOLO\IBVAP\backend\logs\snapshots\intrusion_0037.jpg
2026-09-11,01:39:34,1,1,person,INTRUSION,CROSSED_RESTRICTED_ZONE,0.8974,186,228,C:\Users\sharm\CCTV-YOLO\IBVAP\backend\logs\snapshots\intrusion_0098.jpg
2026-09-11,01:39:35,1,1,person,INTRUSION,CROSSED_RESTRICTED_ZONE,0.8847,163,236,C:\Users\sharm\CCTV-YOLO\IBVAP\backend\logs\snapshots\intrusion_0038.jpg
2026-09-11,01:39:36,1,1,person,INTRUSION,CROSSED_RESTRICTED_ZONE,0.9045,186,228,C:\Users\sharm\CCTV-YOLO\IBVAP\backend\logs\snapshots\intrusion_0099.jpg
2026-09-11,01:39:36,1,1,person,SUSPICIOUS_ACTIVITY,ERRATIC MOVEMENT | RAPID MOVEMENT,1.0000,355,280,C:\Users\sharm\CCTV-YOLO\IBVAP\backend\logs\snapshots\suspicious_0007.jpg
2026-09-11,01:39:36,1,1,person,INTRUSION,CROSSED_RESTRICTED_ZONE,0.8824,163,236,C:\Users\sharm\CCTV-YOLO\IBVAP\backend\logs\snapshots\intrusion_0039.jpg
2026-09-11,01:39:36,1,1,person,INTRUSION,CROSSED_RESTRICTED_ZONE,0.9167,186,228,C:\Users\sharm\CCTV-YOLO\IBVAP\backend\logs\snapshots\intrusion_0100.jpg
2026-09-11,01:39:37,1,1,person,INTRUSION,CROSSED_RESTRICTED_ZONE,0.8760,163,236,C:\Users\sharm\CCTV-YOLO\IBVAP\backend\logs\snapshots\intrusion_0040.jpg
2026-09-11,01:39:37,1,1,person,INTRUSION,CROSSED_RESTRICTED_ZONE,0.9110,186,227,C:\Users\sharm\CCTV-YOLO\IBVAP\backend\logs\snapshots\intrusion_0101.jpg
2026-09-11,01:39:37,1,1,person,INTRUSION,CROSSED_RESTRICTED_ZONE,0.8561,163,235,C:\Users\sharm\CCTV-YOLO\IBVAP\backend\logs\snapshots\intrusion_0041.jpg
2026-09-11,01:39:39,1,1,person,INTRUSION,CROSSED_RESTRICTED_ZONE,0.9296,184,230,C:\Users\sharm\CCTV-YOLO\IBVAP\backend\logs\snapshots\intrusion_0102.jpg
2026-09-11,01:39:40,1,1,person,INTRUSION,CROSSED_RESTRICTED_ZONE,0.8592,163,235,C:\Users\sharm\CCTV-YOLO\IBVAP\backend\logs\snapshots\intrusion_0042.jpg
2026-09-11,01:39:42,1,1,person,SUSPICIOUS_ACTIVITY,ERRATIC MOVEMENT | RAPID MOVEMENT,1.0000,193,338,C:\Users\sharm\CCTV-YOLO\IBVAP\backend\logs\snapshots\suspicious_0014.jpg
2026-09-11,01:39:43,1,1,person,INTRUSION,CROSSED_RESTRICTED_ZONE,0.8577,163,235,C:\Users\sharm\CCTV-YOLO\IBVAP\backend\logs\snapshots\intrusion_0043.jpg
2026-09-11,01:39:44,1,1,person,INTRUSION,CROSSED_RESTRICTED_ZONE,0.8227,163,235,C:\Users\sharm\CCTV-YOLO\IBVAP\backend\logs\snapshots\intrusion_0044.jpg
2026-09-11,01:39:46,1,1,person,INTRUSION,CROSSED_RESTRICTED_ZONE,0.8700,163,235,C:\Users\sharm\CCTV-YOLO\IBVAP\backend\logs\snapshots\intrusion_0045.jpg
2026-09-11,01:39:47,1,1,person,SUSPICIOUS_ACTIVITY,ERRATIC MOVEMENT | RAPID MOVEMENT,1.0000,366,278,C:\Users\sharm\CCTV-YOLO\IBVAP\backend\logs\snapshots\suspicious_0008.jpg
2026-09-11,01:39:47,1,1,person,INTRUSION,CROSSED_RESTRICTED_ZONE,0.8695,163,235,C:\Users\sharm\CCTV-YOLO\IBVAP\backend\logs\snapshots\intrusion_0046.jpg
2026-09-11,01:39:49,1,1,person,INTRUSION,CROSSED_RESTRICTED_ZONE,0.8836,163,235,C:\Users\sharm\CCTV-YOLO\IBVAP\backend\logs\snapshots\intrusion_0047.jpg
2026-09-11,01:39:50,1,1,person,INTRUSION,CROSSED_RESTRICTED_ZONE,0.8843,164,235,C:\Users\sharm\CCTV-YOLO\IBVAP\backend\logs\snapshots\intrusion_0048.jpg
2026-09-11,01:39:51,1,1,person,INTRUSION,CROSSED_RESTRICTED_ZONE,0.8868,164,234,C:\Users\sharm\CCTV-YOLO\IBVAP\backend\logs\snapshots\intrusion_0049.jpg
2026-09-11,01:39:52,1,1,person,INTRUSION,CROSSED_RESTRICTED_ZONE,0.8931,164,234,C:\Users\sharm\CCTV-YOLO\IBVAP\backend\logs\snapshots\intrusion_0050.jpg
2026-09-11,01:39:52,1,1,person,INTRUSION,CROSSED_RESTRICTED_ZONE,0.8877,164,234,C:\Users\sharm\CCTV-YOLO\IBVAP\backend\logs\snapshots\intrusion_0051.jpg
2026-09-11,01:39:52,1,1,person,SUSPICIOUS_ACTIVITY,ERRATIC MOVEMENT | RAPID MOVEMENT,1.0000,109,332,C:\Users\sharm\CCTV-YOLO\IBVAP\backend\logs\snapshots\suspicious_0015.jpg
2026-09-11,01:39:53,1,1,person,INTRUSION,CROSSED_RESTRICTED_ZONE,0.8879,164,233,C:\Users\sharm\CCTV-YOLO\IBVAP\backend\logs\snapshots\intrusion_0052.jpg
2026-09-11,01:39:53,1,1,person,INTRUSION,CROSSED_RESTRICTED_ZONE,0.6026,165,233,C:\Users\sharm\CCTV-YOLO\IBVAP\backend\logs\snapshots\intrusion_0053.jpg
2026-09-11,01:39:54,70,4,person,SUSPICIOUS_ACTIVITY,RAPID MOVEMENT,0.4167,174,226,C:\Users\sharm\CCTV-YOLO\IBVAP\backend\logs\snapshots\suspicious_0016.jpg
2026-09-11,01:39:54,1,1,person,INTRUSION,CROSSED_RESTRICTED_ZONE,0.9075,209,333,C:\Users\sharm\CCTV-YOLO\IBVAP\backend\logs\snapshots\intrusion_0103.jpg
2026-09-11,01:39:54,1,1,person,INTRUSION,CROSSED_RESTRICTED_ZONE,0.8821,165,233,C:\Users\sharm\CCTV-YOLO\IBVAP\backend\logs\snapshots\intrusion_0054.jpg
2026-09-11,01:39:55,1,1,person,INTRUSION,CROSSED_RESTRICTED_ZONE,0.8824,165,233,C:\Users\sharm\CCTV-YOLO\IBVAP\backend\logs\snapshots\intrusion_0055.jpg
2026-09-11,01:39:55,1,1,person,INTRUSION,CROSSED_RESTRICTED_ZONE,0.9015,195,229,C:\Users\sharm\CCTV-YOLO\IBVAP\backend\logs\snapshots\intrusion_0104.jpg
2026-09-11,01:39:55,1,1,person,INTRUSION,CROSSED_RESTRICTED_ZONE,0.8818,165,233,C:\Users\sharm\CCTV-YOLO\IBVAP\backend\logs\snapshots\intrusion_0056.jpg
2026-09-11,01:39:55,1,1,person,INTRUSION,CROSSED_RESTRICTED_ZONE,0.8840,196,228,C:\Users\sharm\CCTV-YOLO\IBVAP\backend\logs\snapshots\intrusion_0105.jpg
2026-09-11,01:39:56,1,1,person,INTRUSION,CROSSED_RESTRICTED_ZONE,0.8840,165,233,C:\Users\sharm\CCTV-YOLO\IBVAP\backend\logs\snapshots\intrusion_0057.jpg
2026-09-11,01:39:56,1,1,person,INTRUSION,CROSSED_RESTRICTED_ZONE,0.8431,195,229,C:\Users\sharm\CCTV-YOLO\IBVAP\backend\logs\snapshots\intrusion_0106.jpg
2026-09-11,01:39:56,1,1,person,INTRUSION,CROSSED_RESTRICTED_ZONE,0.8873,165,233,C:\Users\sharm\CCTV-YOLO\IBVAP\backend\logs\snapshots\intrusion_0058.jpg
2026-09-11,01:39:56,1,1,person,INTRUSION,CROSSED_RESTRICTED_ZONE,0.7204,195,231,C:\Users\sharm\CCTV-YOLO\IBVAP\backend\logs\snapshots\intrusion_0107.jpg
2026-09-11,01:39:57,1,1,person,INTRUSION,CROSSED_RESTRICTED_ZONE,0.8930,165,233,C:\Users\sharm\CCTV-YOLO\IBVAP\backend\logs\snapshots\intrusion_0059.jpg
2026-09-11,01:39:57,1,1,person,INTRUSION,CROSSED_RESTRICTED_ZONE,0.7053,194,233,C:\Users\sharm\CCTV-YOLO\IBVAP\backend\logs\snapshots\intrusion_0108.jpg
2026-09-11,01:39:57,1,1,person,SUSPICIOUS_ACTIVITY,ERRATIC MOVEMENT | RAPID MOVEMENT,1.0000,383,278,C:\Users\sharm\CCTV-YOLO\IBVAP\backend\logs\snapshots\suspicious_0009.jpg
2026-09-11,01:39:57,1,1,person,INTRUSION,CROSSED_RESTRICTED_ZONE,0.8931,165,233,C:\Users\sharm\CCTV-YOLO\IBVAP\backend\logs\snapshots\intrusion_0060.jpg
2026-09-11,01:39:58,1,1,person,INTRUSION,CROSSED_RESTRICTED_ZONE,0.8290,195,237,C:\Users\sharm\CCTV-YOLO\IBVAP\backend\logs\snapshots\intrusion_0109.jpg
2026-09-11,01:39:58,1,1,person,INTRUSION,CROSSED_RESTRICTED_ZONE,0.8911,165,233,C:\Users\sharm\CCTV-YOLO\IBVAP\backend\logs\snapshots\intrusion_0061.jpg
2026-09-11,01:39:58,1,1,person,INTRUSION,CROSSED_RESTRICTED_ZONE,0.8821,195,239,C:\Users\sharm\CCTV-YOLO\IBVAP\backend\logs\snapshots\intrusion_0110.jpg
2026-09-11,01:39:59,1,1,person,INTRUSION,CROSSED_RESTRICTED_ZONE,0.8977,166,233,C:\Users\sharm\CCTV-YOLO\IBVAP\backend\logs\snapshots\intrusion_0062.jpg
2026-09-11,01:39:59,1,1,person,INTRUSION,CROSSED_RESTRICTED_ZONE,0.8422,195,241,C:\Users\sharm\CCTV-YOLO\IBVAP\backend\logs\snapshots\intrusion_0111.jpg
2026-09-11,01:39:59,1,1,person,INTRUSION,CROSSED_RESTRICTED_ZONE,0.8907,166,233,C:\Users\sharm\CCTV-YOLO\IBVAP\backend\logs\snapshots\intrusion_0063.jpg
2026-09-11,01:39:59,1,1,person,INTRUSION,CROSSED_RESTRICTED_ZONE,0.7194,196,241,C:\Users\sharm\CCTV-YOLO\IBVAP\backend\logs\snapshots\intrusion_0112.jpg
2026-09-11,01:40:00,1,1,person,INTRUSION,CROSSED_RESTRICTED_ZONE,0.8782,165,233,C:\Users\sharm\CCTV-YOLO\IBVAP\backend\logs\snapshots\intrusion_0064.jpg
2026-09-11,01:40:00,1,1,person,INTRUSION,CROSSED_RESTRICTED_ZONE,0.8085,196,241,C:\Users\sharm\CCTV-YOLO\IBVAP\backend\logs\snapshots\intrusion_0113.jpg
2026-09-11,01:40:00,1,1,person,INTRUSION,CROSSED_RESTRICTED_ZONE,0.7516,165,232,C:\Users\sharm\CCTV-YOLO\IBVAP\backend\logs\snapshots\intrusion_0065.jpg
2026-09-11,01:40:01,1,1,person,INTRUSION,CROSSED_RESTRICTED_ZONE,0.7135,196,241,C:\Users\sharm\CCTV-YOLO\IBVAP\backend\logs\snapshots\intrusion_0114.jpg
2026-09-11,01:40:01,1,1,person,INTRUSION,CROSSED_RESTRICTED_ZONE,0.7970,165,232,C:\Users\sharm\CCTV-YOLO\IBVAP\backend\logs\snapshots\intrusion_0066.jpg
2026-09-11,01:40:01,1,1,person,INTRUSION,CROSSED_RESTRICTED_ZONE,0.5293,196,240,C:\Users\sharm\CCTV-YOLO\IBVAP\backend\logs\snapshots\intrusion_0115.jpg
2026-09-11,01:40:02,1,1,person,INTRUSION,CROSSED_RESTRICTED_ZONE,0.8449,165,233,C:\Users\sharm\CCTV-YOLO\IBVAP\backend\logs\snapshots\intrusion_0067.jpg
2026-09-11,01:40:02,1,1,person,INTRUSION,CROSSED_RESTRICTED_ZONE,0.4209,195,240,C:\Users\sharm\CCTV-YOLO\IBVAP\backend\logs\snapshots\intrusion_0116.jpg
2026-09-11,01:40:02,1,1,person,INTRUSION,CROSSED_RESTRICTED_ZONE,0.8419,165,232,C:\Users\sharm\CCTV-YOLO\IBVAP\backend\logs\snapshots\intrusion_0068.jpg
2026-09-11,01:40:02,1,1,person,SUSPICIOUS_ACTIVITY,ERRATIC MOVEMENT | RAPID MOVEMENT,1.0000,267,324,C:\Users\sharm\CCTV-YOLO\IBVAP\backend\logs\snapshots\suspicious_0017.jpg
2026-09-11,01:40:02,1,1,person,INTRUSION,CROSSED_RESTRICTED_ZONE,0.7909,195,240,C:\Users\sharm\CCTV-YOLO\IBVAP\backend\logs\snapshots\intrusion_0117.jpg
2026-09-11,01:40:03,1,1,person,INTRUSION,CROSSED_RESTRICTED_ZONE,0.8488,165,232,C:\Users\sharm\CCTV-YOLO\IBVAP\backend\logs\snapshots\intrusion_0069.jpg
2026-09-11,01:40:03,1,1,person,INTRUSION,CROSSED_RESTRICTED_ZONE,0.8565,196,239,C:\Users\sharm\CCTV-YOLO\IBVAP\backend\logs\snapshots\intrusion_0118.jpg
2026-09-11,01:40:04,1,1,person,INTRUSION,CROSSED_RESTRICTED_ZONE,0.8502,165,232,C:\Users\sharm\CCTV-YOLO\IBVAP\backend\logs\snapshots\intrusion_0070.jpg
2026-09-11,01:40:04,1,1,person,INTRUSION,CROSSED_RESTRICTED_ZONE,0.8199,196,239,C:\Users\sharm\CCTV-YOLO\IBVAP\backend\logs\snapshots\intrusion_0119.jpg
2026-09-11,01:40:04,1,1,person,INTRUSION,CROSSED_RESTRICTED_ZONE,0.8435,165,232,C:\Users\sharm\CCTV-YOLO\IBVAP\backend\logs\snapshots\intrusion_0071.jpg
2026-09-11,01:40:04,68,4,person,SUSPICIOUS_ACTIVITY,ERRATIC MOVEMENT | RAPID MOVEMENT,1.0000,160,228,C:\Users\sharm\CCTV-YOLO\IBVAP\backend\logs\snapshots\suspicious_0018.jpg
2026-09-11,01:40:04,1,1,person,INTRUSION,CROSSED_RESTRICTED_ZONE,0.7985,195,239,C:\Users\sharm\CCTV-YOLO\IBVAP\backend\logs\snapshots\intrusion_0120.jpg
2026-09-11,01:40:05,1,1,person,INTRUSION,CROSSED_RESTRICTED_ZONE,0.8383,166,232,C:\Users\sharm\CCTV-YOLO\IBVAP\backend\logs\snapshots\intrusion_0072.jpg
2026-09-11,01:40:05,1,1,person,INTRUSION,CROSSED_RESTRICTED_ZONE,0.8923,196,238,C:\Users\sharm\CCTV-YOLO\IBVAP\backend\logs\snapshots\intrusion_0121.jpg
2026-09-11,01:40:05,1,1,person,INTRUSION,CROSSED_RESTRICTED_ZONE,0.8683,166,232,C:\Users\sharm\CCTV-YOLO\IBVAP\backend\logs\snapshots\intrusion_0073.jpg
2026-09-11,01:40:05,1,1,person,INTRUSION,CROSSED_RESTRICTED_ZONE,0.8813,196,238,C:\Users\sharm\CCTV-YOLO\IBVAP\backend\logs\snapshots\intrusion_0122.jpg
2026-09-11,01:40:06,1,1,person,INTRUSION,CROSSED_RESTRICTED_ZONE,0.8799,166,232,C:\Users\sharm\CCTV-YOLO\IBVAP\backend\logs\snapshots\intrusion_0074.jpg
2026-09-11,01:40:06,1,1,person,INTRUSION,CROSSED_RESTRICTED_ZONE,0.8578,196,238,C:\Users\sharm\CCTV-YOLO\IBVAP\backend\logs\snapshots\intrusion_0123.jpg
2026-09-11,01:40:07,1,1,person,INTRUSION,CROSSED_RESTRICTED_ZONE,0.8767,166,232,C:\Users\sharm\CCTV-YOLO\IBVAP\backend\logs\snapshots\intrusion_0075.jpg
2026-09-11,01:40:07,1,1,person,INTRUSION,CROSSED_RESTRICTED_ZONE,0.7877,196,238,C:\Users\sharm\CCTV-YOLO\IBVAP\backend\logs\snapshots\intrusion_0124.jpg
2026-09-11,01:40:07,1,1,person,INTRUSION,CROSSED_RESTRICTED_ZONE,0.8726,166,232,C:\Users\sharm\CCTV-YOLO\IBVAP\backend\logs\snapshots\intrusion_0076.jpg
2026-09-11,01:40:07,1,1,person,INTRUSION,CROSSED_RESTRICTED_ZONE,0.8377,196,238,C:\Users\sharm\CCTV-YOLO\IBVAP\backend\logs\snapshots\intrusion_0125.jpg
2026-09-11,01:40:08,1,1,person,SUSPICIOUS_ACTIVITY,ERRATIC MOVEMENT | RAPID MOVEMENT,1.0000,302,293,C:\Users\sharm\CCTV-YOLO\IBVAP\backend\logs\snapshots\suspicious_0010.jpg
2026-09-11,01:40:08,1,1,person,INTRUSION,CROSSED_RESTRICTED_ZONE,0.6456,166,232,C:\Users\sharm\CCTV-YOLO\IBVAP\backend\logs\snapshots\intrusion_0077.jpg
2026-09-11,01:40:08,1,1,person,INTRUSION,CROSSED_RESTRICTED_ZONE,0.8448,196,238,C:\Users\sharm\CCTV-YOLO\IBVAP\backend\logs\snapshots\intrusion_0126.jpg
2026-09-11,01:40:08,1,1,person,INTRUSION,CROSSED_RESTRICTED_ZONE,0.5370,166,232,C:\Users\sharm\CCTV-YOLO\IBVAP\backend\logs\snapshots\intrusion_0078.jpg
2026-09-11,01:40:08,1,1,person,INTRUSION,CROSSED_RESTRICTED_ZONE,0.8520,196,238,C:\Users\sharm\CCTV-YOLO\IBVAP\backend\logs\snapshots\intrusion_0127.jpg
2026-09-11,01:40:09,1,1,person,INTRUSION,CROSSED_RESTRICTED_ZONE,0.2197,166,232,C:\Users\sharm\CCTV-YOLO\IBVAP\backend\logs\snapshots\intrusion_0079.jpg
2026-09-11,01:40:09,1,1,person,INTRUSION,CROSSED_RESTRICTED_ZONE,0.8891,196,238,C:\Users\sharm\CCTV-YOLO\IBVAP\backend\logs\snapshots\intrusion_0128.jpg
2026-09-11,01:40:10,1,1,person,INTRUSION,CROSSED_RESTRICTED_ZONE,0.8490,166,232,C:\Users\sharm\CCTV-YOLO\IBVAP\backend\logs\snapshots\intrusion_0080.jpg
2026-09-11,01:40:10,1,1,person,INTRUSION,CROSSED_RESTRICTED_ZONE,0.8859,196,238,C:\Users\sharm\CCTV-YOLO\IBVAP\backend\logs\snapshots\intrusion_0129.jpg
2026-09-11,01:40:10,1,1,person,INTRUSION,CROSSED_RESTRICTED_ZONE,0.8750,166,231,C:\Users\sharm\CCTV-YOLO\IBVAP\backend\logs\snapshots\intrusion_0081.jpg
2026-09-11,01:40:10,1,1,person,INTRUSION,CROSSED_RESTRICTED_ZONE,0.8775,195,238,C:\Users\sharm\CCTV-YOLO\IBVAP\backend\logs\snapshots\intrusion_0130.jpg
2026-09-11,01:40:11,1,1,person,INTRUSION,CROSSED_RESTRICTED_ZONE,0.7845,167,232,C:\Users\sharm\CCTV-YOLO\IBVAP\backend\logs\snapshots\intrusion_0082.jpg
2026-09-11,01:40:11,1,1,person,INTRUSION,CROSSED_RESTRICTED_ZONE,0.8635,194,238,C:\Users\sharm\CCTV-YOLO\IBVAP\backend\logs\snapshots\intrusion_0131.jpg
2026-09-11,01:40:11,1,1,person,INTRUSION,CROSSED_RESTRICTED_ZONE,0.7928,167,232,C:\Users\sharm\CCTV-YOLO\IBVAP\backend\logs\snapshots\intrusion_0083.jpg
2026-09-11,01:40:11,1,1,person,INTRUSION,CROSSED_RESTRICTED_ZONE,0.8458,194,238,C:\Users\sharm\CCTV-YOLO\IBVAP\backend\logs\snapshots\intrusion_0132.jpg
2026-09-11,01:40:12,1,1,person,INTRUSION,CROSSED_RESTRICTED_ZONE,0.5646,167,232,C:\Users\sharm\CCTV-YOLO\IBVAP\backend\logs\snapshots\intrusion_0084.jpg
2026-09-11,01:40:12,1,1,person,INTRUSION,CROSSED_RESTRICTED_ZONE,0.8584,194,239,C:\Users\sharm\CCTV-YOLO\IBVAP\backend\logs\snapshots\intrusion_0133.jpg
2026-09-11,01:40:13,1,1,person,INTRUSION,CROSSED_RESTRICTED_ZONE,0.4647,167,232,C:\Users\sharm\CCTV-YOLO\IBVAP\backend\logs\snapshots\intrusion_0085.jpg
2026-09-11,01:40:13,1,1,person,SUSPICIOUS_ACTIVITY,ERRATIC MOVEMENT | RAPID MOVEMENT,1.0000,362,295,C:\Users\sharm\CCTV-YOLO\IBVAP\backend\logs\snapshots\suspicious_0019.jpg
2026-09-11,01:40:13,1,1,person,INTRUSION,CROSSED_RESTRICTED_ZONE,0.8516,194,239,C:\Users\sharm\CCTV-YOLO\IBVAP\backend\logs\snapshots\intrusion_0134.jpg
2026-09-11,01:40:13,1,1,person,INTRUSION,CROSSED_RESTRICTED_ZONE,0.7922,166,232,C:\Users\sharm\CCTV-YOLO\IBVAP\backend\logs\snapshots\intrusion_0086.jpg
2026-09-11,01:40:13,1,1,person,INTRUSION,CROSSED_RESTRICTED_ZONE,0.8349,194,239,C:\Users\sharm\CCTV-YOLO\IBVAP\backend\logs\snapshots\intrusion_0135.jpg
2026-09-11,01:40:14,1,1,person,INTRUSION,CROSSED_RESTRICTED_ZONE,0.7487,166,232,C:\Users\sharm\CCTV-YOLO\IBVAP\backend\logs\snapshots\intrusion_0087.jpg
2026-09-11,01:40:14,1,1,person,INTRUSION,CROSSED_RESTRICTED_ZONE,0.8016,194,239,C:\Users\sharm\CCTV-YOLO\IBVAP\backend\logs\snapshots\intrusion_0136.jpg
2026-09-11,01:40:14,1,1,person,INTRUSION,CROSSED_RESTRICTED_ZONE,0.8756,166,232,C:\Users\sharm\CCTV-YOLO\IBVAP\backend\logs\snapshots\intrusion_0088.jpg
2026-09-11,01:40:14,68,4,person,SUSPICIOUS_ACTIVITY,ERRATIC MOVEMENT | RAPID MOVEMENT,1.0000,159,228,C:\Users\sharm\CCTV-YOLO\IBVAP\backend\logs\snapshots\suspicious_0020.jpg
2026-09-11,01:40:14,1,1,person,INTRUSION,CROSSED_RESTRICTED_ZONE,0.7021,194,238,C:\Users\sharm\CCTV-YOLO\IBVAP\backend\logs\snapshots\intrusion_0137.jpg
2026-09-11,01:40:15,1,1,person,INTRUSION,CROSSED_RESTRICTED_ZONE,0.8709,166,232,C:\Users\sharm\CCTV-YOLO\IBVAP\backend\logs\snapshots\intrusion_0089.jpg
2026-09-11,01:40:15,1,1,person,INTRUSION,CROSSED_RESTRICTED_ZONE,0.1192,194,238,C:\Users\sharm\CCTV-YOLO\IBVAP\backend\logs\snapshots\intrusion_0138.jpg
2026-09-11,01:40:15,1,1,person,INTRUSION,CROSSED_RESTRICTED_ZONE,0.8669,185,226,C:\Users\sharm\CCTV-YOLO\IBVAP\backend\logs\snapshots\intrusion_0090.jpg
2026-09-11,01:40:16,103,6,person,INTRUSION,CROSSED_RESTRICTED_ZONE,0.3137,477,220,C:\Users\sharm\CCTV-YOLO\IBVAP\backend\logs\snapshots\intrusion_0139.jpg
2026-09-11,01:40:16,1,1,person,INTRUSION,CROSSED_RESTRICTED_ZONE,0.9024,185,226,C:\Users\sharm\CCTV-YOLO\IBVAP\backend\logs\snapshots\intrusion_0091.jpg
2026-09-11,01:40:17,1,1,person,INTRUSION,CROSSED_RESTRICTED_ZONE,0.9216,185,226,C:\Users\sharm\CCTV-YOLO\IBVAP\backend\logs\snapshots\intrusion_0092.jpg
2026-09-11,01:40:17,1,1,person,INTRUSION,CROSSED_RESTRICTED_ZONE,0.9122,185,226,C:\Users\sharm\CCTV-YOLO\IBVAP\backend\logs\snapshots\intrusion_0093.jpg
2026-09-11,01:40:18,1,1,person,SUSPICIOUS_ACTIVITY,ERRATIC MOVEMENT | RAPID MOVEMENT,1.0000,234,341,C:\Users\sharm\CCTV-YOLO\IBVAP\backend\logs\snapshots\suspicious_0011.jpg
2026-09-11,01:40:18,1,1,person,INTRUSION,CROSSED_RESTRICTED_ZONE,0.8989,185,227,C:\Users\sharm\CCTV-YOLO\IBVAP\backend\logs\snapshots\intrusion_0094.jpg
2026-09-11,01:40:18,110,6,person,SUSPICIOUS_ACTIVITY,RAPID MOVEMENT,0.4167,368,297,C:\Users\sharm\CCTV-YOLO\IBVAP\backend\logs\snapshots\suspicious_0021.jpg
2026-09-11,01:40:18,1,1,person,INTRUSION,CROSSED_RESTRICTED_ZONE,0.8840,185,227,C:\Users\sharm\CCTV-YOLO\IBVAP\backend\logs\snapshots\intrusion_0095.jpg
2026-09-11,01:40:19,1,1,person,INTRUSION,CROSSED_RESTRICTED_ZONE,0.8978,186,227,C:\Users\sharm\CCTV-YOLO\IBVAP\backend\logs\snapshots\intrusion_0096.jpg
2026-09-11,01:40:20,1,1,person,INTRUSION,CROSSED_RESTRICTED_ZONE,0.8898,186,228,C:\Users\sharm\CCTV-YOLO\IBVAP\backend\logs\snapshots\intrusion_0097.jpg
2026-09-11,01:40:20,1,1,person,INTRUSION,CROSSED_RESTRICTED_ZONE,0.8974,186,228,C:\Users\sharm\CCTV-YOLO\IBVAP\backend\logs\snapshots\intrusion_0098.jpg
2026-09-11,01:40:21,1,1,person,INTRUSION,CROSSED_RESTRICTED_ZONE,0.9045,186,228,C:\Users\sharm\CCTV-YOLO\IBVAP\backend\logs\snapshots\intrusion_0099.jpg
2026-09-11,01:40:21,1,1,person,INTRUSION,CROSSED_RESTRICTED_ZONE,0.9167,186,228,C:\Users\sharm\CCTV-YOLO\IBVAP\backend\logs\snapshots\intrusion_0100.jpg
2026-09-11,01:40:22,1,1,person,INTRUSION,CROSSED_RESTRICTED_ZONE,0.9110,186,227,C:\Users\sharm\CCTV-YOLO\IBVAP\backend\logs\snapshots\intrusion_0101.jpg
2026-09-11,01:40:23,1,1,person,INTRUSION,CROSSED_RESTRICTED_ZONE,0.9296,184,230,C:\Users\sharm\CCTV-YOLO\IBVAP\backend\logs\snapshots\intrusion_0102.jpg
2026-09-11,01:40:23,157,1,person,SUSPICIOUS_ACTIVITY,ERRATIC MOVEMENT,1.0000,205,240,C:\Users\sharm\CCTV-YOLO\IBVAP\backend\logs\snapshots\suspicious_0022.jpg
2026-09-11,01:40:24,3,3,bus,INTRUSION,CROSSED_RESTRICTED_ZONE,0.9508,317,224,C:\Users\sharm\CCTV-YOLO\IBVAP\backend\logs\snapshots\intrusion_0140.jpg
2026-09-11,01:40:24,3,3,bus,INTRUSION,CROSSED_RESTRICTED_ZONE,0.9501,318,225,C:\Users\sharm\CCTV-YOLO\IBVAP\backend\logs\snapshots\intrusion_0141.jpg
2026-09-11,01:40:25,119,4,person,SUSPICIOUS_ACTIVITY,ERRATIC MOVEMENT | LOITERING | RAPID MOVEMENT,1.0000,186,234,C:\Users\sharm\CCTV-YOLO\IBVAP\backend\logs\snapshots\suspicious_0023.jpg
2026-09-11,01:40:25,3,3,bus,INTRUSION,CROSSED_RESTRICTED_ZONE,0.9513,320,224,C:\Users\sharm\CCTV-YOLO\IBVAP\backend\logs\snapshots\intrusion_0142.jpg
2026-09-11,01:40:25,3,3,bus,INTRUSION,CROSSED_RESTRICTED_ZONE,0.9497,322,224,C:\Users\sharm\CCTV-YOLO\IBVAP\backend\logs\snapshots\intrusion_0143.jpg
2026-09-11,01:40:26,3,3,bus,INTRUSION,CROSSED_RESTRICTED_ZONE,0.9369,323,224,C:\Users\sharm\CCTV-YOLO\IBVAP\backend\logs\snapshots\intrusion_0144.jpg
2026-09-11,01:40:26,209,4,person,SUSPICIOUS_ACTIVITY,RAPID MOVEMENT,0.4167,174,226,C:\Users\sharm\CCTV-YOLO\IBVAP\backend\logs\snapshots\suspicious_0012.jpg
2026-09-11,01:40:27,3,3,bus,INTRUSION,CROSSED_RESTRICTED_ZONE,0.9486,325,223,C:\Users\sharm\CCTV-YOLO\IBVAP\backend\logs\snapshots\intrusion_0145.jpg
2026-09-11,01:40:27,1,1,person,INTRUSION,CROSSED_RESTRICTED_ZONE,0.9075,209,333,C:\Users\sharm\CCTV-YOLO\IBVAP\backend\logs\snapshots\intrusion_0103.jpg
2026-09-11,01:40:27,3,3,bus,INTRUSION,CROSSED_RESTRICTED_ZONE,0.9488,327,223,C:\Users\sharm\CCTV-YOLO\IBVAP\backend\logs\snapshots\intrusion_0146.jpg
2026-09-11,01:40:27,1,1,person,INTRUSION,CROSSED_RESTRICTED_ZONE,0.9015,195,229,C:\Users\sharm\CCTV-YOLO\IBVAP\backend\logs\snapshots\intrusion_0104.jpg
2026-09-11,01:40:28,4,1,person,INTRUSION,CROSSED_RESTRICTED_ZONE,0.1559,238,235,C:\Users\sharm\CCTV-YOLO\IBVAP\backend\logs\snapshots\intrusion_0147.jpg
2026-09-11,01:40:28,1,1,person,SUSPICIOUS_ACTIVITY,ERRATIC MOVEMENT | RAPID MOVEMENT,1.0000,225,333,C:\Users\sharm\CCTV-YOLO\IBVAP\backend\logs\snapshots\suspicious_0013.jpg
2026-09-11,01:40:28,1,1,person,INTRUSION,CROSSED_RESTRICTED_ZONE,0.8840,196,228,C:\Users\sharm\CCTV-YOLO\IBVAP\backend\logs\snapshots\intrusion_0105.jpg
2026-09-11,01:40:28,3,3,bus,INTRUSION,CROSSED_RESTRICTED_ZONE,0.9470,328,223,C:\Users\sharm\CCTV-YOLO\IBVAP\backend\logs\snapshots\intrusion_0148.jpg
2026-09-11,01:40:29,1,1,person,INTRUSION,CROSSED_RESTRICTED_ZONE,0.8431,195,229,C:\Users\sharm\CCTV-YOLO\IBVAP\backend\logs\snapshots\intrusion_0106.jpg
2026-09-11,01:40:29,110,6,person,SUSPICIOUS_ACTIVITY,ERRATIC MOVEMENT,1.0000,156,339,C:\Users\sharm\CCTV-YOLO\IBVAP\backend\logs\snapshots\suspicious_0024.jpg
2026-09-11,01:40:29,3,3,bus,INTRUSION,CROSSED_RESTRICTED_ZONE,0.9429,331,223,C:\Users\sharm\CCTV-YOLO\IBVAP\backend\logs\snapshots\intrusion_0149.jpg
2026-09-11,01:40:29,1,1,person,INTRUSION,CROSSED_RESTRICTED_ZONE,0.7204,195,231,C:\Users\sharm\CCTV-YOLO\IBVAP\backend\logs\snapshots\intrusion_0107.jpg
2026-09-11,01:40:29,3,3,bus,INTRUSION,CROSSED_RESTRICTED_ZONE,0.9427,334,223,C:\Users\sharm\CCTV-YOLO\IBVAP\backend\logs\snapshots\intrusion_0150.jpg
2026-09-11,01:40:30,1,1,person,INTRUSION,CROSSED_RESTRICTED_ZONE,0.7053,194,233,C:\Users\sharm\CCTV-YOLO\IBVAP\backend\logs\snapshots\intrusion_0108.jpg
2026-09-11,01:40:30,3,3,bus,INTRUSION,CROSSED_RESTRICTED_ZONE,0.9543,338,225,C:\Users\sharm\CCTV-YOLO\IBVAP\backend\logs\snapshots\intrusion_0151.jpg
2026-09-11,01:40:30,1,1,person,INTRUSION,CROSSED_RESTRICTED_ZONE,0.8290,195,237,C:\Users\sharm\CCTV-YOLO\IBVAP\backend\logs\snapshots\intrusion_0109.jpg
2026-09-11,01:40:31,3,3,bus,INTRUSION,CROSSED_RESTRICTED_ZONE,0.9500,340,225,C:\Users\sharm\CCTV-YOLO\IBVAP\backend\logs\snapshots\intrusion_0152.jpg
2026-09-11,01:40:31,1,1,person,INTRUSION,CROSSED_RESTRICTED_ZONE,0.8821,195,239,C:\Users\sharm\CCTV-YOLO\IBVAP\backend\logs\snapshots\intrusion_0110.jpg
2026-09-11,01:40:31,3,3,bus,INTRUSION,CROSSED_RESTRICTED_ZONE,0.9472,343,225,C:\Users\sharm\CCTV-YOLO\IBVAP\backend\logs\snapshots\intrusion_0153.jpg
2026-09-11,01:40:31,1,1,person,INTRUSION,CROSSED_RESTRICTED_ZONE,0.8422,195,241,C:\Users\sharm\CCTV-YOLO\IBVAP\backend\logs\snapshots\intrusion_0111.jpg
2026-09-11,01:40:32,3,3,bus,INTRUSION,CROSSED_RESTRICTED_ZONE,0.9484,345,224,C:\Users\sharm\CCTV-YOLO\IBVAP\backend\logs\snapshots\intrusion_0154.jpg
2026-09-11,01:40:32,1,1,person,INTRUSION,CROSSED_RESTRICTED_ZONE,0.7194,196,241,C:\Users\sharm\CCTV-YOLO\IBVAP\backend\logs\snapshots\intrusion_0112.jpg
2026-09-11,01:40:32,110,6,person,INTRUSION,CROSSED_RESTRICTED_ZONE,0.8933,206,336,C:\Users\sharm\CCTV-YOLO\IBVAP\backend\logs\snapshots\intrusion_0155.jpg
2026-09-11,01:40:33,1,1,person,INTRUSION,CROSSED_RESTRICTED_ZONE,0.8085,196,241,C:\Users\sharm\CCTV-YOLO\IBVAP\backend\logs\snapshots\intrusion_0113.jpg
2026-09-11,01:40:33,3,3,bus,INTRUSION,CROSSED_RESTRICTED_ZONE,0.9506,347,223,C:\Users\sharm\CCTV-YOLO\IBVAP\backend\logs\snapshots\intrusion_0156.jpg
2026-09-11,01:40:33,1,1,person,INTRUSION,CROSSED_RESTRICTED_ZONE,0.7135,196,241,C:\Users\sharm\CCTV-YOLO\IBVAP\backend\logs\snapshots\intrusion_0114.jpg
2026-09-11,01:40:34,3,3,bus,INTRUSION,CROSSED_RESTRICTED_ZONE,0.9517,349,224,C:\Users\sharm\CCTV-YOLO\IBVAP\backend\logs\snapshots\intrusion_0157.jpg
2026-09-11,01:40:34,1,1,person,INTRUSION,CROSSED_RESTRICTED_ZONE,0.5293,196,240,C:\Users\sharm\CCTV-YOLO\IBVAP\backend\logs\snapshots\intrusion_0115.jpg
2026-09-11,01:40:34,3,3,bus,INTRUSION,CROSSED_RESTRICTED_ZONE,0.9068,352,223,C:\Users\sharm\CCTV-YOLO\IBVAP\backend\logs\snapshots\intrusion_0158.jpg
2026-09-11,01:40:34,1,1,person,INTRUSION,CROSSED_RESTRICTED_ZONE,0.4209,195,240,C:\Users\sharm\CCTV-YOLO\IBVAP\backend\logs\snapshots\intrusion_0116.jpg
2026-09-11,01:40:35,3,3,bus,INTRUSION,CROSSED_RESTRICTED_ZONE,0.9490,356,223,C:\Users\sharm\CCTV-YOLO\IBVAP\backend\logs\snapshots\intrusion_0159.jpg
2026-09-11,01:40:35,1,1,person,INTRUSION,CROSSED_RESTRICTED_ZONE,0.7909,195,240,C:\Users\sharm\CCTV-YOLO\IBVAP\backend\logs\snapshots\intrusion_0117.jpg
2026-09-11,01:40:35,3,3,bus,INTRUSION,CROSSED_RESTRICTED_ZONE,0.9266,360,225,C:\Users\sharm\CCTV-YOLO\IBVAP\backend\logs\snapshots\intrusion_0160.jpg
2026-09-11,01:40:36,1,1,person,INTRUSION,CROSSED_RESTRICTED_ZONE,0.8565,196,239,C:\Users\sharm\CCTV-YOLO\IBVAP\backend\logs\snapshots\intrusion_0118.jpg
2026-09-11,01:40:36,3,3,bus,INTRUSION,CROSSED_RESTRICTED_ZONE,0.9349,362,226,C:\Users\sharm\CCTV-YOLO\IBVAP\backend\logs\snapshots\intrusion_0161.jpg
2026-09-11,01:40:36,207,4,person,SUSPICIOUS_ACTIVITY,ERRATIC MOVEMENT | RAPID MOVEMENT,1.0000,160,227,C:\Users\sharm\CCTV-YOLO\IBVAP\backend\logs\snapshots\suspicious_0014.jpg
2026-09-11,01:40:36,1,1,person,INTRUSION,CROSSED_RESTRICTED_ZONE,0.8199,196,239,C:\Users\sharm\CCTV-YOLO\IBVAP\backend\logs\snapshots\intrusion_0119.jpg
2026-09-11,01:40:36,3,3,bus,INTRUSION,CROSSED_RESTRICTED_ZONE,0.9292,364,226,C:\Users\sharm\CCTV-YOLO\IBVAP\backend\logs\snapshots\intrusion_0162.jpg
2026-09-11,01:40:37,1,1,person,INTRUSION,CROSSED_RESTRICTED_ZONE,0.7985,195,239,C:\Users\sharm\CCTV-YOLO\IBVAP\backend\logs\snapshots\intrusion_0120.jpg
2026-09-11,01:40:37,3,3,bus,INTRUSION,CROSSED_RESTRICTED_ZONE,0.9212,365,225,C:\Users\sharm\CCTV-YOLO\IBVAP\backend\logs\snapshots\intrusion_0163.jpg
2026-09-11,01:40:37,1,1,person,INTRUSION,CROSSED_RESTRICTED_ZONE,0.8923,196,238,C:\Users\sharm\CCTV-YOLO\IBVAP\backend\logs\snapshots\intrusion_0121.jpg
2026-09-11,01:40:38,3,3,bus,INTRUSION,CROSSED_RESTRICTED_ZONE,0.9321,366,225,C:\Users\sharm\CCTV-YOLO\IBVAP\backend\logs\snapshots\intrusion_0164.jpg
2026-09-11,01:40:38,1,1,person,SUSPICIOUS_ACTIVITY,ERRATIC MOVEMENT | RAPID MOVEMENT,1.0000,302,287,C:\Users\sharm\CCTV-YOLO\IBVAP\backend\logs\snapshots\suspicious_0015.jpg
2026-09-11,01:40:38,1,1,person,INTRUSION,CROSSED_RESTRICTED_ZONE,0.8813,196,238,C:\Users\sharm\CCTV-YOLO\IBVAP\backend\logs\snapshots\intrusion_0122.jpg
2026-09-11,01:40:38,3,3,bus,INTRUSION,CROSSED_RESTRICTED_ZONE,0.9416,367,225,C:\Users\sharm\CCTV-YOLO\IBVAP\backend\logs\snapshots\intrusion_0165.jpg
2026-09-11,01:40:39,1,1,person,INTRUSION,CROSSED_RESTRICTED_ZONE,0.8578,196,238,C:\Users\sharm\CCTV-YOLO\IBVAP\backend\logs\snapshots\intrusion_0123.jpg
2026-09-11,01:40:39,110,6,person,SUSPICIOUS_ACTIVITY,ERRATIC MOVEMENT,1.0000,255,335,C:\Users\sharm\CCTV-YOLO\IBVAP\backend\logs\snapshots\suspicious_0025.jpg
2026-09-11,01:40:39,3,3,bus,INTRUSION,CROSSED_RESTRICTED_ZONE,0.9402,367,225,C:\Users\sharm\CCTV-YOLO\IBVAP\backend\logs\snapshots\intrusion_0166.jpg
2026-09-11,01:40:39,1,1,person,INTRUSION,CROSSED_RESTRICTED_ZONE,0.7877,196,238,C:\Users\sharm\CCTV-YOLO\IBVAP\backend\logs\snapshots\intrusion_0124.jpg
2026-09-11,01:40:40,3,3,bus,INTRUSION,CROSSED_RESTRICTED_ZONE,0.9373,366,225,C:\Users\sharm\CCTV-YOLO\IBVAP\backend\logs\snapshots\intrusion_0167.jpg
2026-09-11,01:40:40,1,1,person,INTRUSION,CROSSED_RESTRICTED_ZONE,0.8377,196,238,C:\Users\sharm\CCTV-YOLO\IBVAP\backend\logs\snapshots\intrusion_0125.jpg
2026-09-11,01:40:40,3,3,bus,INTRUSION,CROSSED_RESTRICTED_ZONE,0.9371,366,224,C:\Users\sharm\CCTV-YOLO\IBVAP\backend\logs\snapshots\intrusion_0168.jpg
2026-09-11,01:40:40,1,1,person,INTRUSION,CROSSED_RESTRICTED_ZONE,0.8448,196,238,C:\Users\sharm\CCTV-YOLO\IBVAP\backend\logs\snapshots\intrusion_0126.jpg
2026-09-11,01:40:41,3,3,bus,INTRUSION,CROSSED_RESTRICTED_ZONE,0.9424,366,224,C:\Users\sharm\CCTV-YOLO\IBVAP\backend\logs\snapshots\intrusion_0169.jpg
2026-09-11,01:40:41,1,1,person,INTRUSION,CROSSED_RESTRICTED_ZONE,0.8520,196,238,C:\Users\sharm\CCTV-YOLO\IBVAP\backend\logs\snapshots\intrusion_0127.jpg
2026-09-11,01:40:41,3,3,bus,INTRUSION,CROSSED_RESTRICTED_ZONE,0.9357,366,224,C:\Users\sharm\CCTV-YOLO\IBVAP\backend\logs\snapshots\intrusion_0170.jpg
2026-09-11,01:40:42,1,1,person,INTRUSION,CROSSED_RESTRICTED_ZONE,0.8891,196,238,C:\Users\sharm\CCTV-YOLO\IBVAP\backend\logs\snapshots\intrusion_0128.jpg
2026-09-11,01:40:42,3,3,bus,INTRUSION,CROSSED_RESTRICTED_ZONE,0.8880,366,224,C:\Users\sharm\CCTV-YOLO\IBVAP\backend\logs\snapshots\intrusion_0171.jpg
2026-09-11,01:40:42,1,1,person,INTRUSION,CROSSED_RESTRICTED_ZONE,0.8859,196,238,C:\Users\sharm\CCTV-YOLO\IBVAP\backend\logs\snapshots\intrusion_0129.jpg
2026-09-11,01:40:43,3,3,bus,INTRUSION,CROSSED_RESTRICTED_ZONE,0.9409,366,224,C:\Users\sharm\CCTV-YOLO\IBVAP\backend\logs\snapshots\intrusion_0172.jpg
2026-09-11,01:40:43,1,1,person,INTRUSION,CROSSED_RESTRICTED_ZONE,0.8775,195,238,C:\Users\sharm\CCTV-YOLO\IBVAP\backend\logs\snapshots\intrusion_0130.jpg
2026-09-11,01:40:43,3,3,bus,INTRUSION,CROSSED_RESTRICTED_ZONE,0.9402,366,224,C:\Users\sharm\CCTV-YOLO\IBVAP\backend\logs\snapshots\intrusion_0173.jpg
2026-09-11,01:40:43,1,1,person,INTRUSION,CROSSED_RESTRICTED_ZONE,0.8635,194,238,C:\Users\sharm\CCTV-YOLO\IBVAP\backend\logs\snapshots\intrusion_0131.jpg
2026-09-11,01:40:44,3,3,bus,INTRUSION,CROSSED_RESTRICTED_ZONE,0.9403,366,224,C:\Users\sharm\CCTV-YOLO\IBVAP\backend\logs\snapshots\intrusion_0174.jpg
2026-09-11,01:40:44,1,1,person,INTRUSION,CROSSED_RESTRICTED_ZONE,0.8458,194,238,C:\Users\sharm\CCTV-YOLO\IBVAP\backend\logs\snapshots\intrusion_0132.jpg
2026-09-11,01:40:44,3,3,bus,INTRUSION,CROSSED_RESTRICTED_ZONE,0.9258,366,224,C:\Users\sharm\CCTV-YOLO\IBVAP\backend\logs\snapshots\intrusion_0175.jpg
2026-09-11,01:40:45,1,1,person,INTRUSION,CROSSED_RESTRICTED_ZONE,0.8584,194,239,C:\Users\sharm\CCTV-YOLO\IBVAP\backend\logs\snapshots\intrusion_0133.jpg
2026-09-11,01:40:45,3,3,bus,INTRUSION,CROSSED_RESTRICTED_ZONE,0.9380,366,224,C:\Users\sharm\CCTV-YOLO\IBVAP\backend\logs\snapshots\intrusion_0176.jpg
2026-09-11,01:40:45,1,1,person,INTRUSION,CROSSED_RESTRICTED_ZONE,0.8516,194,239,C:\Users\sharm\CCTV-YOLO\IBVAP\backend\logs\snapshots\intrusion_0134.jpg
2026-09-11,01:40:46,3,3,bus,INTRUSION,CROSSED_RESTRICTED_ZONE,0.9345,366,224,C:\Users\sharm\CCTV-YOLO\IBVAP\backend\logs\snapshots\intrusion_0177.jpg
2026-09-11,01:40:46,1,1,person,INTRUSION,CROSSED_RESTRICTED_ZONE,0.8349,194,239,C:\Users\sharm\CCTV-YOLO\IBVAP\backend\logs\snapshots\intrusion_0135.jpg
2026-09-11,01:40:46,3,3,bus,INTRUSION,CROSSED_RESTRICTED_ZONE,0.9344,366,224,C:\Users\sharm\CCTV-YOLO\IBVAP\backend\logs\snapshots\intrusion_0178.jpg
2026-09-11,01:40:46,207,4,person,SUSPICIOUS_ACTIVITY,ERRATIC MOVEMENT | RAPID MOVEMENT,1.0000,159,228,C:\Users\sharm\CCTV-YOLO\IBVAP\backend\logs\snapshots\suspicious_0016.jpg
2026-09-11,01:40:46,1,1,person,INTRUSION,CROSSED_RESTRICTED_ZONE,0.8016,194,239,C:\Users\sharm\CCTV-YOLO\IBVAP\backend\logs\snapshots\intrusion_0136.jpg
2026-09-11,01:40:47,3,3,bus,INTRUSION,CROSSED_RESTRICTED_ZONE,0.9371,366,224,C:\Users\sharm\CCTV-YOLO\IBVAP\backend\logs\snapshots\intrusion_0179.jpg
2026-09-11,01:40:47,1,1,person,INTRUSION,CROSSED_RESTRICTED_ZONE,0.7021,194,238,C:\Users\sharm\CCTV-YOLO\IBVAP\backend\logs\snapshots\intrusion_0137.jpg
2026-09-11,01:40:47,3,3,bus,INTRUSION,CROSSED_RESTRICTED_ZONE,0.9408,366,224,C:\Users\sharm\CCTV-YOLO\IBVAP\backend\logs\snapshots\intrusion_0180.jpg
2026-09-11,01:40:48,1,1,person,INTRUSION,CROSSED_RESTRICTED_ZONE,0.1192,194,238,C:\Users\sharm\CCTV-YOLO\IBVAP\backend\logs\snapshots\intrusion_0138.jpg
2026-09-11,01:40:48,3,3,bus,INTRUSION,CROSSED_RESTRICTED_ZONE,0.9413,366,224,C:\Users\sharm\CCTV-YOLO\IBVAP\backend\logs\snapshots\intrusion_0181.jpg
2026-09-11,01:40:48,4,1,person,SUSPICIOUS_ACTIVITY,ERRATIC MOVEMENT | RAPID MOVEMENT,1.0000,194,237,C:\Users\sharm\CCTV-YOLO\IBVAP\backend\logs\snapshots\suspicious_0017.jpg
2026-09-11,01:40:49,3,3,bus,INTRUSION,CROSSED_RESTRICTED_ZONE,0.9162,366,224,C:\Users\sharm\CCTV-YOLO\IBVAP\backend\logs\snapshots\intrusion_0182.jpg
2026-09-11,01:40:49,240,6,person,INTRUSION,CROSSED_RESTRICTED_ZONE,0.3137,477,220,C:\Users\sharm\CCTV-YOLO\IBVAP\backend\logs\snapshots\intrusion_0139.jpg
2026-09-11,01:40:49,110,6,person,SUSPICIOUS_ACTIVITY,ERRATIC MOVEMENT,1.0000,232,336,C:\Users\sharm\CCTV-YOLO\IBVAP\backend\logs\snapshots\suspicious_0026.jpg
2026-09-11,01:40:49,3,3,bus,INTRUSION,CROSSED_RESTRICTED_ZONE,0.9041,366,224,C:\Users\sharm\CCTV-YOLO\IBVAP\backend\logs\snapshots\intrusion_0183.jpg
2026-09-11,01:40:50,3,3,bus,INTRUSION,CROSSED_RESTRICTED_ZONE,0.9500,367,224,C:\Users\sharm\CCTV-YOLO\IBVAP\backend\logs\snapshots\intrusion_0184.jpg
2026-09-11,01:40:50,3,3,bus,INTRUSION,CROSSED_RESTRICTED_ZONE,0.9304,367,224,C:\Users\sharm\CCTV-YOLO\IBVAP\backend\logs\snapshots\intrusion_0185.jpg
2026-09-11,01:40:51,248,6,person,SUSPICIOUS_ACTIVITY,RAPID MOVEMENT,0.4167,368,297,C:\Users\sharm\CCTV-YOLO\IBVAP\backend\logs\snapshots\suspicious_0018.jpg
2026-09-11,01:40:51,3,3,bus,INTRUSION,CROSSED_RESTRICTED_ZONE,0.9323,367,224,C:\Users\sharm\CCTV-YOLO\IBVAP\backend\logs\snapshots\intrusion_0186.jpg
2026-09-11,01:40:52,3,3,bus,INTRUSION,CROSSED_RESTRICTED_ZONE,0.9331,367,224,C:\Users\sharm\CCTV-YOLO\IBVAP\backend\logs\snapshots\intrusion_0187.jpg
2026-09-11,01:40:52,3,3,bus,INTRUSION,CROSSED_RESTRICTED_ZONE,0.9385,367,225,C:\Users\sharm\CCTV-YOLO\IBVAP\backend\logs\snapshots\intrusion_0188.jpg
2026-09-11,01:40:53,3,3,bus,INTRUSION,CROSSED_RESTRICTED_ZONE,0.9335,367,224,C:\Users\sharm\CCTV-YOLO\IBVAP\backend\logs\snapshots\intrusion_0189.jpg
2026-09-11,01:40:53,3,3,bus,INTRUSION,CROSSED_RESTRICTED_ZONE,0.9272,367,224,C:\Users\sharm\CCTV-YOLO\IBVAP\backend\logs\snapshots\intrusion_0190.jpg
2026-09-11,01:40:54,3,3,bus,INTRUSION,CROSSED_RESTRICTED_ZONE,0.9260,367,225,C:\Users\sharm\CCTV-YOLO\IBVAP\backend\logs\snapshots\intrusion_0191.jpg
2026-09-11,01:40:54,3,3,bus,INTRUSION,CROSSED_RESTRICTED_ZONE,0.9239,367,225,C:\Users\sharm\CCTV-YOLO\IBVAP\backend\logs\snapshots\intrusion_0192.jpg
2026-09-11,01:40:55,3,3,bus,INTRUSION,CROSSED_RESTRICTED_ZONE,0.9321,367,226,C:\Users\sharm\CCTV-YOLO\IBVAP\backend\logs\snapshots\intrusion_0193.jpg
2026-09-11,01:40:55,3,3,bus,INTRUSION,CROSSED_RESTRICTED_ZONE,0.9508,317,224,C:\Users\sharm\CCTV-YOLO\IBVAP\backend\logs\snapshots\intrusion_0140.jpg
2026-09-11,01:40:56,3,3,bus,INTRUSION,CROSSED_RESTRICTED_ZONE,0.9303,366,225,C:\Users\sharm\CCTV-YOLO\IBVAP\backend\logs\snapshots\intrusion_0194.jpg
2026-09-11,01:40:56,3,3,bus,INTRUSION,CROSSED_RESTRICTED_ZONE,0.9501,318,225,C:\Users\sharm\CCTV-YOLO\IBVAP\backend\logs\snapshots\intrusion_0141.jpg
2026-09-11,01:40:56,3,3,bus,INTRUSION,CROSSED_RESTRICTED_ZONE,0.9344,367,224,C:\Users\sharm\CCTV-YOLO\IBVAP\backend\logs\snapshots\intrusion_0195.jpg
2026-09-11,01:40:56,3,3,bus,INTRUSION,CROSSED_RESTRICTED_ZONE,0.9513,320,224,C:\Users\sharm\CCTV-YOLO\IBVAP\backend\logs\snapshots\intrusion_0142.jpg
2026-09-11,01:40:57,3,3,bus,INTRUSION,CROSSED_RESTRICTED_ZONE,0.9324,366,224,C:\Users\sharm\CCTV-YOLO\IBVAP\backend\logs\snapshots\intrusion_0196.jpg
2026-09-11,01:40:57,257,4,person,SUSPICIOUS_ACTIVITY,ERRATIC MOVEMENT | LOITERING | RAPID MOVEMENT,1.0000,185,234,C:\Users\sharm\CCTV-YOLO\IBVAP\backend\logs\snapshots\suspicious_0019.jpg
2026-09-11,01:40:57,3,3,bus,INTRUSION,CROSSED_RESTRICTED_ZONE,0.9497,322,224,C:\Users\sharm\CCTV-YOLO\IBVAP\backend\logs\snapshots\intrusion_0143.jpg
2026-09-11,01:40:57,3,3,bus,INTRUSION,CROSSED_RESTRICTED_ZONE,0.9354,367,224,C:\Users\sharm\CCTV-YOLO\IBVAP\backend\logs\snapshots\intrusion_0197.jpg
2026-09-11,01:40:57,3,3,bus,INTRUSION,CROSSED_RESTRICTED_ZONE,0.9369,323,224,C:\Users\sharm\CCTV-YOLO\IBVAP\backend\logs\snapshots\intrusion_0144.jpg
2026-09-11,01:40:58,3,3,bus,INTRUSION,CROSSED_RESTRICTED_ZONE,0.9232,368,223,C:\Users\sharm\CCTV-YOLO\IBVAP\backend\logs\snapshots\intrusion_0198.jpg
2026-09-11,01:40:58,3,3,bus,INTRUSION,CROSSED_RESTRICTED_ZONE,0.9486,325,223,C:\Users\sharm\CCTV-YOLO\IBVAP\backend\logs\snapshots\intrusion_0145.jpg
2026-09-11,01:40:58,3,3,bus,INTRUSION,CROSSED_RESTRICTED_ZONE,0.9262,368,223,C:\Users\sharm\CCTV-YOLO\IBVAP\backend\logs\snapshots\intrusion_0199.jpg
2026-09-11,01:40:59,4,1,person,SUSPICIOUS_ACTIVITY,ERRATIC MOVEMENT | RAPID MOVEMENT,1.0000,235,236,C:\Users\sharm\CCTV-YOLO\IBVAP\backend\logs\snapshots\suspicious_0020.jpg
2026-09-11,01:40:59,3,3,bus,INTRUSION,CROSSED_RESTRICTED_ZONE,0.9488,327,223,C:\Users\sharm\CCTV-YOLO\IBVAP\backend\logs\snapshots\intrusion_0146.jpg
2026-09-11,01:40:59,3,3,bus,INTRUSION,CROSSED_RESTRICTED_ZONE,0.8815,368,223,C:\Users\sharm\CCTV-YOLO\IBVAP\backend\logs\snapshots\intrusion_0200.jpg
2026-09-11,01:40:59,4,1,person,INTRUSION,CROSSED_RESTRICTED_ZONE,0.1559,238,235,C:\Users\sharm\CCTV-YOLO\IBVAP\backend\logs\snapshots\intrusion_0147.jpg
2026-09-11,01:41:00,110,6,person,SUSPICIOUS_ACTIVITY,ERRATIC MOVEMENT,1.0000,192,334,C:\Users\sharm\CCTV-YOLO\IBVAP\backend\logs\snapshots\suspicious_0027.jpg
2026-09-11,01:41:00,314,1,person,SUSPICIOUS_ACTIVITY,ERRATIC MOVEMENT | RAPID MOVEMENT,1.0000,268,238,C:\Users\sharm\CCTV-YOLO\IBVAP\backend\logs\snapshots\suspicious_0028.jpg
2026-09-11,01:41:00,314,1,person,INTRUSION,CROSSED_RESTRICTED_ZONE,0.3241,268,238,C:\Users\sharm\CCTV-YOLO\IBVAP\backend\logs\snapshots\intrusion_0201.jpg
2026-09-11,01:41:00,3,3,bus,INTRUSION,CROSSED_RESTRICTED_ZONE,0.9470,328,223,C:\Users\sharm\CCTV-YOLO\IBVAP\backend\logs\snapshots\intrusion_0148.jpg
2026-09-11,01:41:00,3,3,bus,INTRUSION,CROSSED_RESTRICTED_ZONE,0.9429,331,223,C:\Users\sharm\CCTV-YOLO\IBVAP\backend\logs\snapshots\intrusion_0149.jpg
2026-09-11,01:41:01,3,3,bus,INTRUSION,CROSSED_RESTRICTED_ZONE,0.9432,368,228,C:\Users\sharm\CCTV-YOLO\IBVAP\backend\logs\snapshots\intrusion_0202.jpg
2026-09-11,01:41:01,248,6,person,SUSPICIOUS_ACTIVITY,ERRATIC MOVEMENT,1.0000,163,339,C:\Users\sharm\CCTV-YOLO\IBVAP\backend\logs\snapshots\suspicious_0021.jpg
2026-09-11,01:41:01,3,3,bus,INTRUSION,CROSSED_RESTRICTED_ZONE,0.9427,334,223,C:\Users\sharm\CCTV-YOLO\IBVAP\backend\logs\snapshots\intrusion_0150.jpg
2026-09-11,01:41:01,323,4,person,SUSPICIOUS_ACTIVITY,ERRATIC MOVEMENT | LOITERING | RAPID MOVEMENT,1.0000,227,239,C:\Users\sharm\CCTV-YOLO\IBVAP\backend\logs\snapshots\suspicious_0029.jpg
2026-09-11,01:41:01,3,3,bus,INTRUSION,CROSSED_RESTRICTED_ZONE,0.9461,368,228,C:\Users\sharm\CCTV-YOLO\IBVAP\backend\logs\snapshots\intrusion_0203.jpg
2026-09-11,01:41:01,3,3,bus,INTRUSION,CROSSED_RESTRICTED_ZONE,0.9543,338,225,C:\Users\sharm\CCTV-YOLO\IBVAP\backend\logs\snapshots\intrusion_0151.jpg
2026-09-11,01:41:02,3,3,bus,INTRUSION,CROSSED_RESTRICTED_ZONE,0.9447,368,228,C:\Users\sharm\CCTV-YOLO\IBVAP\backend\logs\snapshots\intrusion_0204.jpg
2026-09-11,01:41:02,3,3,bus,INTRUSION,CROSSED_RESTRICTED_ZONE,0.9500,340,225,C:\Users\sharm\CCTV-YOLO\IBVAP\backend\logs\snapshots\intrusion_0152.jpg
2026-09-11,01:41:02,323,4,person,INTRUSION,CROSSED_RESTRICTED_ZONE,0.3499,239,240,C:\Users\sharm\CCTV-YOLO\IBVAP\backend\logs\snapshots\intrusion_0205.jpg
2026-09-11,01:41:03,3,3,bus,INTRUSION,CROSSED_RESTRICTED_ZONE,0.9472,343,225,C:\Users\sharm\CCTV-YOLO\IBVAP\backend\logs\snapshots\intrusion_0153.jpg
2026-09-11,01:41:03,3,3,bus,INTRUSION,CROSSED_RESTRICTED_ZONE,0.9474,368,226,C:\Users\sharm\CCTV-YOLO\IBVAP\backend\logs\snapshots\intrusion_0206.jpg
2026-09-11,01:41:03,3,3,bus,INTRUSION,CROSSED_RESTRICTED_ZONE,0.9484,345,224,C:\Users\sharm\CCTV-YOLO\IBVAP\backend\logs\snapshots\intrusion_0154.jpg
2026-09-11,01:41:03,323,4,person,INTRUSION,CROSSED_RESTRICTED_ZONE,0.4187,239,240,C:\Users\sharm\CCTV-YOLO\IBVAP\backend\logs\snapshots\intrusion_0207.jpg
2026-09-11,01:41:04,248,6,person,INTRUSION,CROSSED_RESTRICTED_ZONE,0.8933,206,336,C:\Users\sharm\CCTV-YOLO\IBVAP\backend\logs\snapshots\intrusion_0155.jpg
2026-09-11,01:41:04,3,3,bus,INTRUSION,CROSSED_RESTRICTED_ZONE,0.9453,369,225,C:\Users\sharm\CCTV-YOLO\IBVAP\backend\logs\snapshots\intrusion_0208.jpg
2026-09-11,01:41:04,3,3,bus,INTRUSION,CROSSED_RESTRICTED_ZONE,0.9506,347,223,C:\Users\sharm\CCTV-YOLO\IBVAP\backend\logs\snapshots\intrusion_0156.jpg
2026-09-11,01:41:04,323,4,person,INTRUSION,CROSSED_RESTRICTED_ZONE,0.3927,239,240,C:\Users\sharm\CCTV-YOLO\IBVAP\backend\logs\snapshots\intrusion_0209.jpg
2026-09-11,01:41:05,3,3,bus,INTRUSION,CROSSED_RESTRICTED_ZONE,0.9517,349,224,C:\Users\sharm\CCTV-YOLO\IBVAP\backend\logs\snapshots\intrusion_0157.jpg
2026-09-11,01:41:05,3,3,bus,INTRUSION,CROSSED_RESTRICTED_ZONE,0.9468,368,226,C:\Users\sharm\CCTV-YOLO\IBVAP\backend\logs\snapshots\intrusion_0210.jpg
2026-09-11,01:41:06,3,3,bus,INTRUSION,CROSSED_RESTRICTED_ZONE,0.9068,352,223,C:\Users\sharm\CCTV-YOLO\IBVAP\backend\logs\snapshots\intrusion_0158.jpg
2026-09-11,01:41:06,323,4,person,INTRUSION,CROSSED_RESTRICTED_ZONE,0.3958,238,240,C:\Users\sharm\CCTV-YOLO\IBVAP\backend\logs\snapshots\intrusion_0211.jpg
2026-09-11,01:41:06,3,3,bus,INTRUSION,CROSSED_RESTRICTED_ZONE,0.9490,356,223,C:\Users\sharm\CCTV-YOLO\IBVAP\backend\logs\snapshots\intrusion_0159.jpg
2026-09-11,01:41:06,3,3,bus,INTRUSION,CROSSED_RESTRICTED_ZONE,0.9446,368,225,C:\Users\sharm\CCTV-YOLO\IBVAP\backend\logs\snapshots\intrusion_0212.jpg
2026-09-11,01:41:07,323,4,person,INTRUSION,CROSSED_RESTRICTED_ZONE,0.3486,239,239,C:\Users\sharm\CCTV-YOLO\IBVAP\backend\logs\snapshots\intrusion_0213.jpg
2026-09-11,01:41:07,3,3,bus,INTRUSION,CROSSED_RESTRICTED_ZONE,0.9266,360,225,C:\Users\sharm\CCTV-YOLO\IBVAP\backend\logs\snapshots\intrusion_0160.jpg
2026-09-11,01:41:07,3,3,bus,INTRUSION,CROSSED_RESTRICTED_ZONE,0.9468,368,226,C:\Users\sharm\CCTV-YOLO\IBVAP\backend\logs\snapshots\intrusion_0214.jpg
2026-09-11,01:41:07,3,3,bus,INTRUSION,CROSSED_RESTRICTED_ZONE,0.9349,362,226,C:\Users\sharm\CCTV-YOLO\IBVAP\backend\logs\snapshots\intrusion_0161.jpg
2026-09-11,01:41:08,323,4,person,INTRUSION,CROSSED_RESTRICTED_ZONE,0.4066,239,241,C:\Users\sharm\CCTV-YOLO\IBVAP\backend\logs\snapshots\intrusion_0215.jpg
2026-09-11,01:41:08,3,3,bus,INTRUSION,CROSSED_RESTRICTED_ZONE,0.9292,364,226,C:\Users\sharm\CCTV-YOLO\IBVAP\backend\logs\snapshots\intrusion_0162.jpg
2026-09-11,01:41:08,3,3,bus,INTRUSION,CROSSED_RESTRICTED_ZONE,0.9402,368,225,C:\Users\sharm\CCTV-YOLO\IBVAP\backend\logs\snapshots\intrusion_0216.jpg
2026-09-11,01:41:09,3,3,bus,INTRUSION,CROSSED_RESTRICTED_ZONE,0.9212,365,225,C:\Users\sharm\CCTV-YOLO\IBVAP\backend\logs\snapshots\intrusion_0163.jpg
2026-09-11,01:41:09,323,4,person,INTRUSION,CROSSED_RESTRICTED_ZONE,0.3642,240,242,C:\Users\sharm\CCTV-YOLO\IBVAP\backend\logs\snapshots\intrusion_0217.jpg
2026-09-11,01:41:09,3,3,bus,INTRUSION,CROSSED_RESTRICTED_ZONE,0.9321,366,225,C:\Users\sharm\CCTV-YOLO\IBVAP\backend\logs\snapshots\intrusion_0164.jpg
2026-09-11,01:42:48,3,3,bus,INTRUSION,CROSSED_RESTRICTED_ZONE,0.7503,307,222,C:\Users\sharm\CCTV-YOLO\IBVAP\backend\logs\snapshots\intrusion_0001.jpg
2026-09-11,01:42:48,4,1,person,SUSPICIOUS_ACTIVITY,RAPID MOVEMENT,0.8333,198,239,C:\Users\sharm\CCTV-YOLO\IBVAP\backend\logs\snapshots\suspicious_0001.jpg
2026-09-11,01:42:50,1,1,person,INTRUSION,CROSSED_RESTRICTED_ZONE,0.8975,163,243,C:\Users\sharm\CCTV-YOLO\IBVAP\backend\logs\snapshots\intrusion_0002.jpg
2026-09-11,01:42:51,1,1,person,INTRUSION,CROSSED_RESTRICTED_ZONE,0.9113,197,235,C:\Users\sharm\CCTV-YOLO\IBVAP\backend\logs\snapshots\intrusion_0003.jpg
2026-09-11,01:42:51,1,1,person,INTRUSION,CROSSED_RESTRICTED_ZONE,0.9034,197,236,C:\Users\sharm\CCTV-YOLO\IBVAP\backend\logs\snapshots\intrusion_0004.jpg
2026-09-11,01:42:52,1,1,person,INTRUSION,CROSSED_RESTRICTED_ZONE,0.8900,197,237,C:\Users\sharm\CCTV-YOLO\IBVAP\backend\logs\snapshots\intrusion_0005.jpg
2026-09-11,01:42:53,1,1,person,INTRUSION,CROSSED_RESTRICTED_ZONE,0.8919,198,237,C:\Users\sharm\CCTV-YOLO\IBVAP\backend\logs\snapshots\intrusion_0006.jpg
2026-09-11,01:42:54,1,1,person,INTRUSION,CROSSED_RESTRICTED_ZONE,0.8858,198,237,C:\Users\sharm\CCTV-YOLO\IBVAP\backend\logs\snapshots\intrusion_0007.jpg
2026-09-11,01:42:54,1,1,person,INTRUSION,CROSSED_RESTRICTED_ZONE,0.8618,162,241,C:\Users\sharm\CCTV-YOLO\IBVAP\backend\logs\snapshots\intrusion_0008.jpg
2026-09-11,01:42:55,1,1,person,INTRUSION,CROSSED_RESTRICTED_ZONE,0.8924,140,240,C:\Users\sharm\CCTV-YOLO\IBVAP\backend\logs\snapshots\intrusion_0009.jpg
2026-09-11,01:42:56,1,1,person,INTRUSION,CROSSED_RESTRICTED_ZONE,0.8873,140,240,C:\Users\sharm\CCTV-YOLO\IBVAP\backend\logs\snapshots\intrusion_0010.jpg
2026-09-11,01:42:57,1,1,person,INTRUSION,CROSSED_RESTRICTED_ZONE,0.9013,163,242,C:\Users\sharm\CCTV-YOLO\IBVAP\backend\logs\snapshots\intrusion_0011.jpg
2026-09-11,01:42:57,1,1,person,INTRUSION,CROSSED_RESTRICTED_ZONE,0.9083,140,240,C:\Users\sharm\CCTV-YOLO\IBVAP\backend\logs\snapshots\intrusion_0012.jpg
2026-09-11,01:42:58,1,1,person,INTRUSION,CROSSED_RESTRICTED_ZONE,0.8943,141,241,C:\Users\sharm\CCTV-YOLO\IBVAP\backend\logs\snapshots\intrusion_0013.jpg
2026-09-11,01:42:59,1,1,person,SUSPICIOUS_ACTIVITY,ERRATIC MOVEMENT | RAPID MOVEMENT,1.0000,248,341,C:\Users\sharm\CCTV-YOLO\IBVAP\backend\logs\snapshots\suspicious_0002.jpg
2026-09-11,01:42:59,1,1,person,INTRUSION,CROSSED_RESTRICTED_ZONE,0.8896,141,241,C:\Users\sharm\CCTV-YOLO\IBVAP\backend\logs\snapshots\intrusion_0014.jpg
2026-09-11,01:42:59,1,1,person,INTRUSION,CROSSED_RESTRICTED_ZONE,0.9172,162,239,C:\Users\sharm\CCTV-YOLO\IBVAP\backend\logs\snapshots\intrusion_0015.jpg
2026-09-11,01:43:00,1,1,person,INTRUSION,CROSSED_RESTRICTED_ZONE,0.8861,162,239,C:\Users\sharm\CCTV-YOLO\IBVAP\backend\logs\snapshots\intrusion_0016.jpg
2026-09-11,01:43:00,1,1,person,INTRUSION,CROSSED_RESTRICTED_ZONE,0.9069,162,239,C:\Users\sharm\CCTV-YOLO\IBVAP\backend\logs\snapshots\intrusion_0017.jpg
2026-09-11,01:43:01,1,1,person,INTRUSION,CROSSED_RESTRICTED_ZONE,0.8134,162,239,C:\Users\sharm\CCTV-YOLO\IBVAP\backend\logs\snapshots\intrusion_0018.jpg
2026-09-11,01:43:02,1,1,person,INTRUSION,CROSSED_RESTRICTED_ZONE,0.8169,162,239,C:\Users\sharm\CCTV-YOLO\IBVAP\backend\logs\snapshots\intrusion_0019.jpg
2026-09-11,01:43:02,1,1,person,INTRUSION,CROSSED_RESTRICTED_ZONE,0.2754,162,239,C:\Users\sharm\CCTV-YOLO\IBVAP\backend\logs\snapshots\intrusion_0020.jpg
2026-09-11,01:43:03,1,1,person,INTRUSION,CROSSED_RESTRICTED_ZONE,0.8757,162,239,C:\Users\sharm\CCTV-YOLO\IBVAP\backend\logs\snapshots\intrusion_0021.jpg
2026-09-11,01:43:04,1,1,person,INTRUSION,CROSSED_RESTRICTED_ZONE,0.8556,162,239,C:\Users\sharm\CCTV-YOLO\IBVAP\backend\logs\snapshots\intrusion_0022.jpg
2026-09-11,01:43:04,1,1,person,INTRUSION,CROSSED_RESTRICTED_ZONE,0.7353,163,239,C:\Users\sharm\CCTV-YOLO\IBVAP\backend\logs\snapshots\intrusion_0023.jpg
2026-09-11,01:43:05,1,1,person,INTRUSION,CROSSED_RESTRICTED_ZONE,0.8694,163,238,C:\Users\sharm\CCTV-YOLO\IBVAP\backend\logs\snapshots\intrusion_0024.jpg
2026-09-11,01:43:06,1,1,person,INTRUSION,CROSSED_RESTRICTED_ZONE,0.8652,163,238,C:\Users\sharm\CCTV-YOLO\IBVAP\backend\logs\snapshots\intrusion_0025.jpg
2026-09-11,01:43:06,1,1,person,INTRUSION,CROSSED_RESTRICTED_ZONE,0.8441,163,238,C:\Users\sharm\CCTV-YOLO\IBVAP\backend\logs\snapshots\intrusion_0026.jpg
2026-09-11,01:43:07,1,1,person,INTRUSION,CROSSED_RESTRICTED_ZONE,0.8439,163,238,C:\Users\sharm\CCTV-YOLO\IBVAP\backend\logs\snapshots\intrusion_0027.jpg
2026-09-11,01:43:07,1,1,person,INTRUSION,CROSSED_RESTRICTED_ZONE,0.8434,163,238,C:\Users\sharm\CCTV-YOLO\IBVAP\backend\logs\snapshots\intrusion_0028.jpg
2026-09-11,01:43:08,1,1,person,INTRUSION,CROSSED_RESTRICTED_ZONE,0.8550,163,238,C:\Users\sharm\CCTV-YOLO\IBVAP\backend\logs\snapshots\intrusion_0029.jpg
2026-09-11,01:43:09,1,1,person,SUSPICIOUS_ACTIVITY,ERRATIC MOVEMENT | RAPID MOVEMENT,1.0000,347,280,C:\Users\sharm\CCTV-YOLO\IBVAP\backend\logs\snapshots\suspicious_0003.jpg
2026-09-11,01:43:09,1,1,person,INTRUSION,CROSSED_RESTRICTED_ZONE,0.8559,163,237,C:\Users\sharm\CCTV-YOLO\IBVAP\backend\logs\snapshots\intrusion_0030.jpg
2026-09-11,01:43:09,1,1,person,INTRUSION,CROSSED_RESTRICTED_ZONE,0.8677,163,237,C:\Users\sharm\CCTV-YOLO\IBVAP\backend\logs\snapshots\intrusion_0031.jpg
2026-09-11,01:43:10,1,1,person,INTRUSION,CROSSED_RESTRICTED_ZONE,0.8768,163,237,C:\Users\sharm\CCTV-YOLO\IBVAP\backend\logs\snapshots\intrusion_0032.jpg
2026-09-11,01:43:11,1,1,person,INTRUSION,CROSSED_RESTRICTED_ZONE,0.8875,163,237,C:\Users\sharm\CCTV-YOLO\IBVAP\backend\logs\snapshots\intrusion_0033.jpg
2026-09-11,01:43:11,1,1,person,INTRUSION,CROSSED_RESTRICTED_ZONE,0.8848,163,236,C:\Users\sharm\CCTV-YOLO\IBVAP\backend\logs\snapshots\intrusion_0034.jpg
2026-09-11,01:43:12,1,1,person,INTRUSION,CROSSED_RESTRICTED_ZONE,0.8862,163,236,C:\Users\sharm\CCTV-YOLO\IBVAP\backend\logs\snapshots\intrusion_0035.jpg
2026-09-11,01:43:13,1,1,person,INTRUSION,CROSSED_RESTRICTED_ZONE,0.8847,163,236,C:\Users\sharm\CCTV-YOLO\IBVAP\backend\logs\snapshots\intrusion_0036.jpg
2026-09-11,01:43:13,1,1,person,INTRUSION,CROSSED_RESTRICTED_ZONE,0.8824,163,236,C:\Users\sharm\CCTV-YOLO\IBVAP\backend\logs\snapshots\intrusion_0037.jpg
2026-09-11,01:43:14,1,1,person,INTRUSION,CROSSED_RESTRICTED_ZONE,0.8760,163,236,C:\Users\sharm\CCTV-YOLO\IBVAP\backend\logs\snapshots\intrusion_0038.jpg
2026-09-11,01:43:15,1,1,person,INTRUSION,CROSSED_RESTRICTED_ZONE,0.8561,163,235,C:\Users\sharm\CCTV-YOLO\IBVAP\backend\logs\snapshots\intrusion_0039.jpg
2026-09-11,01:43:15,1,1,person,INTRUSION,CROSSED_RESTRICTED_ZONE,0.8592,163,235,C:\Users\sharm\CCTV-YOLO\IBVAP\backend\logs\snapshots\intrusion_0040.jpg
2026-09-11,01:43:16,1,1,person,INTRUSION,CROSSED_RESTRICTED_ZONE,0.8577,163,235,C:\Users\sharm\CCTV-YOLO\IBVAP\backend\logs\snapshots\intrusion_0041.jpg
2026-09-11,01:43:17,1,1,person,INTRUSION,CROSSED_RESTRICTED_ZONE,0.8227,163,235,C:\Users\sharm\CCTV-YOLO\IBVAP\backend\logs\snapshots\intrusion_0042.jpg
2026-09-11,01:43:17,1,1,person,INTRUSION,CROSSED_RESTRICTED_ZONE,0.8700,163,235,C:\Users\sharm\CCTV-YOLO\IBVAP\backend\logs\snapshots\intrusion_0043.jpg
2026-09-11,01:43:18,1,1,person,INTRUSION,CROSSED_RESTRICTED_ZONE,0.8695,163,235,C:\Users\sharm\CCTV-YOLO\IBVAP\backend\logs\snapshots\intrusion_0044.jpg
2026-09-11,01:43:18,1,1,person,INTRUSION,CROSSED_RESTRICTED_ZONE,0.8836,163,235,C:\Users\sharm\CCTV-YOLO\IBVAP\backend\logs\snapshots\intrusion_0045.jpg
2026-09-11,01:43:19,1,1,person,SUSPICIOUS_ACTIVITY,ERRATIC MOVEMENT | RAPID MOVEMENT,1.0000,369,278,C:\Users\sharm\CCTV-YOLO\IBVAP\backend\logs\snapshots\suspicious_0004.jpg
2026-09-11,01:43:19,1,1,person,INTRUSION,CROSSED_RESTRICTED_ZONE,0.8843,164,235,C:\Users\sharm\CCTV-YOLO\IBVAP\backend\logs\snapshots\intrusion_0046.jpg
2026-09-11,01:43:20,1,1,person,INTRUSION,CROSSED_RESTRICTED_ZONE,0.8868,164,234,C:\Users\sharm\CCTV-YOLO\IBVAP\backend\logs\snapshots\intrusion_0047.jpg
2026-09-11,01:43:20,1,1,person,INTRUSION,CROSSED_RESTRICTED_ZONE,0.8931,164,234,C:\Users\sharm\CCTV-YOLO\IBVAP\backend\logs\snapshots\intrusion_0048.jpg
2026-09-11,01:43:21,1,1,person,INTRUSION,CROSSED_RESTRICTED_ZONE,0.8877,164,234,C:\Users\sharm\CCTV-YOLO\IBVAP\backend\logs\snapshots\intrusion_0049.jpg
2026-09-11,01:43:22,1,1,person,INTRUSION,CROSSED_RESTRICTED_ZONE,0.8879,164,233,C:\Users\sharm\CCTV-YOLO\IBVAP\backend\logs\snapshots\intrusion_0050.jpg
2026-09-11,01:43:22,1,1,person,INTRUSION,CROSSED_RESTRICTED_ZONE,0.6026,165,233,C:\Users\sharm\CCTV-YOLO\IBVAP\backend\logs\snapshots\intrusion_0051.jpg
2026-09-11,01:43:23,1,1,person,INTRUSION,CROSSED_RESTRICTED_ZONE,0.8821,165,233,C:\Users\sharm\CCTV-YOLO\IBVAP\backend\logs\snapshots\intrusion_0052.jpg
2026-09-11,01:43:24,1,1,person,INTRUSION,CROSSED_RESTRICTED_ZONE,0.8824,165,233,C:\Users\sharm\CCTV-YOLO\IBVAP\backend\logs\snapshots\intrusion_0053.jpg
2026-09-11,01:43:24,1,1,person,INTRUSION,CROSSED_RESTRICTED_ZONE,0.8818,165,233,C:\Users\sharm\CCTV-YOLO\IBVAP\backend\logs\snapshots\intrusion_0054.jpg
2026-09-11,01:43:25,1,1,person,INTRUSION,CROSSED_RESTRICTED_ZONE,0.8840,165,233,C:\Users\sharm\CCTV-YOLO\IBVAP\backend\logs\snapshots\intrusion_0055.jpg
2026-09-11,01:43:25,1,1,person,INTRUSION,CROSSED_RESTRICTED_ZONE,0.8873,165,233,C:\Users\sharm\CCTV-YOLO\IBVAP\backend\logs\snapshots\intrusion_0056.jpg
2026-09-11,01:43:26,1,1,person,INTRUSION,CROSSED_RESTRICTED_ZONE,0.8930,165,233,C:\Users\sharm\CCTV-YOLO\IBVAP\backend\logs\snapshots\intrusion_0057.jpg
2026-09-11,01:43:27,1,1,person,INTRUSION,CROSSED_RESTRICTED_ZONE,0.8931,165,233,C:\Users\sharm\CCTV-YOLO\IBVAP\backend\logs\snapshots\intrusion_0058.jpg
2026-09-11,01:43:28,1,1,person,INTRUSION,CROSSED_RESTRICTED_ZONE,0.8911,165,233,C:\Users\sharm\CCTV-YOLO\IBVAP\backend\logs\snapshots\intrusion_0059.jpg
2026-09-11,01:43:28,1,1,person,INTRUSION,CROSSED_RESTRICTED_ZONE,0.8977,166,233,C:\Users\sharm\CCTV-YOLO\IBVAP\backend\logs\snapshots\intrusion_0060.jpg
2026-09-11,01:43:29,1,1,person,INTRUSION,CROSSED_RESTRICTED_ZONE,0.8907,166,233,C:\Users\sharm\CCTV-YOLO\IBVAP\backend\logs\snapshots\intrusion_0061.jpg
2026-09-11,01:43:30,1,1,person,SUSPICIOUS_ACTIVITY,ERRATIC MOVEMENT | RAPID MOVEMENT,1.0000,376,278,C:\Users\sharm\CCTV-YOLO\IBVAP\backend\logs\snapshots\suspicious_0005.jpg
2026-09-11,01:43:30,1,1,person,INTRUSION,CROSSED_RESTRICTED_ZONE,0.8782,165,233,C:\Users\sharm\CCTV-YOLO\IBVAP\backend\logs\snapshots\intrusion_0062.jpg
2026-09-11,01:43:30,1,1,person,INTRUSION,CROSSED_RESTRICTED_ZONE,0.7516,165,232,C:\Users\sharm\CCTV-YOLO\IBVAP\backend\logs\snapshots\intrusion_0063.jpg
2026-09-11,01:43:31,1,1,person,INTRUSION,CROSSED_RESTRICTED_ZONE,0.7970,165,232,C:\Users\sharm\CCTV-YOLO\IBVAP\backend\logs\snapshots\intrusion_0064.jpg
2026-09-11,01:43:32,1,1,person,INTRUSION,CROSSED_RESTRICTED_ZONE,0.8449,165,233,C:\Users\sharm\CCTV-YOLO\IBVAP\backend\logs\snapshots\intrusion_0065.jpg
2026-09-11,01:43:32,1,1,person,INTRUSION,CROSSED_RESTRICTED_ZONE,0.8419,165,232,C:\Users\sharm\CCTV-YOLO\IBVAP\backend\logs\snapshots\intrusion_0066.jpg
2026-09-11,01:43:33,1,1,person,INTRUSION,CROSSED_RESTRICTED_ZONE,0.8488,165,232,C:\Users\sharm\CCTV-YOLO\IBVAP\backend\logs\snapshots\intrusion_0067.jpg
2026-09-11,01:43:33,1,1,person,INTRUSION,CROSSED_RESTRICTED_ZONE,0.8502,165,232,C:\Users\sharm\CCTV-YOLO\IBVAP\backend\logs\snapshots\intrusion_0068.jpg
2026-09-11,01:43:34,1,1,person,INTRUSION,CROSSED_RESTRICTED_ZONE,0.8435,165,232,C:\Users\sharm\CCTV-YOLO\IBVAP\backend\logs\snapshots\intrusion_0069.jpg
2026-09-11,01:43:35,1,1,person,INTRUSION,CROSSED_RESTRICTED_ZONE,0.8383,166,232,C:\Users\sharm\CCTV-YOLO\IBVAP\backend\logs\snapshots\intrusion_0070.jpg
2026-09-11,01:43:35,1,1,person,INTRUSION,CROSSED_RESTRICTED_ZONE,0.8683,166,232,C:\Users\sharm\CCTV-YOLO\IBVAP\backend\logs\snapshots\intrusion_0071.jpg
2026-09-11,01:43:36,1,1,person,INTRUSION,CROSSED_RESTRICTED_ZONE,0.8799,166,232,C:\Users\sharm\CCTV-YOLO\IBVAP\backend\logs\snapshots\intrusion_0072.jpg
2026-09-11,01:43:37,1,1,person,INTRUSION,CROSSED_RESTRICTED_ZONE,0.8767,166,232,C:\Users\sharm\CCTV-YOLO\IBVAP\backend\logs\snapshots\intrusion_0073.jpg
2026-09-11,01:43:37,1,1,person,INTRUSION,CROSSED_RESTRICTED_ZONE,0.8726,166,232,C:\Users\sharm\CCTV-YOLO\IBVAP\backend\logs\snapshots\intrusion_0074.jpg
2026-09-11,01:43:38,1,1,person,INTRUSION,CROSSED_RESTRICTED_ZONE,0.6456,166,232,C:\Users\sharm\CCTV-YOLO\IBVAP\backend\logs\snapshots\intrusion_0075.jpg
2026-09-11,01:43:39,1,1,person,INTRUSION,CROSSED_RESTRICTED_ZONE,0.5370,166,232,C:\Users\sharm\CCTV-YOLO\IBVAP\backend\logs\snapshots\intrusion_0076.jpg
2026-09-11,01:43:39,1,1,person,INTRUSION,CROSSED_RESTRICTED_ZONE,0.2197,166,232,C:\Users\sharm\CCTV-YOLO\IBVAP\backend\logs\snapshots\intrusion_0077.jpg
2026-09-11,01:43:40,1,1,person,SUSPICIOUS_ACTIVITY,ERRATIC MOVEMENT | RAPID MOVEMENT,1.0000,285,319,C:\Users\sharm\CCTV-YOLO\IBVAP\backend\logs\snapshots\suspicious_0006.jpg
2026-09-11,01:43:40,1,1,person,INTRUSION,CROSSED_RESTRICTED_ZONE,0.8490,166,232,C:\Users\sharm\CCTV-YOLO\IBVAP\backend\logs\snapshots\intrusion_0078.jpg
2026-09-11,01:43:41,1,1,person,INTRUSION,CROSSED_RESTRICTED_ZONE,0.8750,166,231,C:\Users\sharm\CCTV-YOLO\IBVAP\backend\logs\snapshots\intrusion_0079.jpg
2026-09-11,01:43:41,1,1,person,INTRUSION,CROSSED_RESTRICTED_ZONE,0.7845,167,232,C:\Users\sharm\CCTV-YOLO\IBVAP\backend\logs\snapshots\intrusion_0080.jpg
2026-09-11,01:43:42,1,1,person,INTRUSION,CROSSED_RESTRICTED_ZONE,0.7928,167,232,C:\Users\sharm\CCTV-YOLO\IBVAP\backend\logs\snapshots\intrusion_0081.jpg
2026-09-11,01:43:43,1,1,person,INTRUSION,CROSSED_RESTRICTED_ZONE,0.5646,167,232,C:\Users\sharm\CCTV-YOLO\IBVAP\backend\logs\snapshots\intrusion_0082.jpg
2026-09-11,01:43:43,1,1,person,INTRUSION,CROSSED_RESTRICTED_ZONE,0.4647,167,232,C:\Users\sharm\CCTV-YOLO\IBVAP\backend\logs\snapshots\intrusion_0083.jpg
2026-09-11,01:43:44,1,1,person,INTRUSION,CROSSED_RESTRICTED_ZONE,0.7922,166,232,C:\Users\sharm\CCTV-YOLO\IBVAP\backend\logs\snapshots\intrusion_0084.jpg
2026-09-11,01:43:45,1,1,person,INTRUSION,CROSSED_RESTRICTED_ZONE,0.7487,166,232,C:\Users\sharm\CCTV-YOLO\IBVAP\backend\logs\snapshots\intrusion_0085.jpg
2026-09-11,01:43:45,1,1,person,INTRUSION,CROSSED_RESTRICTED_ZONE,0.8756,166,232,C:\Users\sharm\CCTV-YOLO\IBVAP\backend\logs\snapshots\intrusion_0086.jpg
2026-09-11,01:43:46,1,1,person,INTRUSION,CROSSED_RESTRICTED_ZONE,0.8709,166,232,C:\Users\sharm\CCTV-YOLO\IBVAP\backend\logs\snapshots\intrusion_0087.jpg
2026-09-11,01:43:47,1,1,person,INTRUSION,CROSSED_RESTRICTED_ZONE,0.8669,185,226,C:\Users\sharm\CCTV-YOLO\IBVAP\backend\logs\snapshots\intrusion_0088.jpg
2026-09-11,01:43:47,1,1,person,INTRUSION,CROSSED_RESTRICTED_ZONE,0.9024,185,226,C:\Users\sharm\CCTV-YOLO\IBVAP\backend\logs\snapshots\intrusion_0089.jpg
2026-09-11,01:43:48,1,1,person,INTRUSION,CROSSED_RESTRICTED_ZONE,0.9216,185,226,C:\Users\sharm\CCTV-YOLO\IBVAP\backend\logs\snapshots\intrusion_0090.jpg
2026-09-11,01:43:49,1,1,person,INTRUSION,CROSSED_RESTRICTED_ZONE,0.9122,185,226,C:\Users\sharm\CCTV-YOLO\IBVAP\backend\logs\snapshots\intrusion_0091.jpg
2026-09-11,01:43:49,1,1,person,INTRUSION,CROSSED_RESTRICTED_ZONE,0.8989,185,227,C:\Users\sharm\CCTV-YOLO\IBVAP\backend\logs\snapshots\intrusion_0092.jpg
2026-09-11,01:43:50,1,1,person,INTRUSION,CROSSED_RESTRICTED_ZONE,0.8840,185,227,C:\Users\sharm\CCTV-YOLO\IBVAP\backend\logs\snapshots\intrusion_0093.jpg
2026-09-11,01:43:50,1,1,person,SUSPICIOUS_ACTIVITY,ERRATIC MOVEMENT | RAPID MOVEMENT,1.0000,225,338,C:\Users\sharm\CCTV-YOLO\IBVAP\backend\logs\snapshots\suspicious_0007.jpg
2026-09-11,01:43:50,1,1,person,INTRUSION,CROSSED_RESTRICTED_ZONE,0.8978,186,227,C:\Users\sharm\CCTV-YOLO\IBVAP\backend\logs\snapshots\intrusion_0094.jpg
2026-09-11,01:43:51,1,1,person,INTRUSION,CROSSED_RESTRICTED_ZONE,0.8898,186,228,C:\Users\sharm\CCTV-YOLO\IBVAP\backend\logs\snapshots\intrusion_0095.jpg
2026-09-11,01:43:52,1,1,person,INTRUSION,CROSSED_RESTRICTED_ZONE,0.8974,186,228,C:\Users\sharm\CCTV-YOLO\IBVAP\backend\logs\snapshots\intrusion_0096.jpg
2026-09-11,01:43:52,1,1,person,INTRUSION,CROSSED_RESTRICTED_ZONE,0.9045,186,228,C:\Users\sharm\CCTV-YOLO\IBVAP\backend\logs\snapshots\intrusion_0097.jpg
2026-09-11,01:43:53,1,1,person,INTRUSION,CROSSED_RESTRICTED_ZONE,0.9167,186,228,C:\Users\sharm\CCTV-YOLO\IBVAP\backend\logs\snapshots\intrusion_0098.jpg
2026-09-11,01:43:54,1,1,person,INTRUSION,CROSSED_RESTRICTED_ZONE,0.9110,186,227,C:\Users\sharm\CCTV-YOLO\IBVAP\backend\logs\snapshots\intrusion_0099.jpg
2026-09-11,01:44:01,4,1,person,SUSPICIOUS_ACTIVITY,ERRATIC MOVEMENT | RAPID MOVEMENT,1.0000,201,236,C:\Users\sharm\CCTV-YOLO\IBVAP\backend\logs\snapshots\suspicious_0008.jpg
2026-09-11,01:44:02,69,4,person,SUSPICIOUS_ACTIVITY,RAPID MOVEMENT,0.4167,174,226,C:\Users\sharm\CCTV-YOLO\IBVAP\backend\logs\snapshots\suspicious_0009.jpg
2026-09-11,01:44:02,1,1,person,INTRUSION,CROSSED_RESTRICTED_ZONE,0.9037,211,333,C:\Users\sharm\CCTV-YOLO\IBVAP\backend\logs\snapshots\intrusion_0100.jpg
2026-09-11,01:44:03,1,1,person,INTRUSION,CROSSED_RESTRICTED_ZONE,0.9015,195,229,C:\Users\sharm\CCTV-YOLO\IBVAP\backend\logs\snapshots\intrusion_0101.jpg
2026-09-11,01:44:03,1,1,person,INTRUSION,CROSSED_RESTRICTED_ZONE,0.8840,196,228,C:\Users\sharm\CCTV-YOLO\IBVAP\backend\logs\snapshots\intrusion_0102.jpg
2026-09-11,01:44:04,1,1,person,INTRUSION,CROSSED_RESTRICTED_ZONE,0.8431,195,229,C:\Users\sharm\CCTV-YOLO\IBVAP\backend\logs\snapshots\intrusion_0103.jpg
2026-09-11,01:44:05,1,1,person,INTRUSION,CROSSED_RESTRICTED_ZONE,0.7204,195,231,C:\Users\sharm\CCTV-YOLO\IBVAP\backend\logs\snapshots\intrusion_0104.jpg
2026-09-11,01:44:05,1,1,person,INTRUSION,CROSSED_RESTRICTED_ZONE,0.7053,194,233,C:\Users\sharm\CCTV-YOLO\IBVAP\backend\logs\snapshots\intrusion_0105.jpg
2026-09-11,01:44:06,1,1,person,INTRUSION,CROSSED_RESTRICTED_ZONE,0.8290,195,237,C:\Users\sharm\CCTV-YOLO\IBVAP\backend\logs\snapshots\intrusion_0106.jpg
2026-09-11,01:44:07,1,1,person,INTRUSION,CROSSED_RESTRICTED_ZONE,0.8821,195,239,C:\Users\sharm\CCTV-YOLO\IBVAP\backend\logs\snapshots\intrusion_0107.jpg
2026-09-11,01:44:07,1,1,person,INTRUSION,CROSSED_RESTRICTED_ZONE,0.8422,195,241,C:\Users\sharm\CCTV-YOLO\IBVAP\backend\logs\snapshots\intrusion_0108.jpg
2026-09-11,01:44:08,1,1,person,INTRUSION,CROSSED_RESTRICTED_ZONE,0.7194,196,241,C:\Users\sharm\CCTV-YOLO\IBVAP\backend\logs\snapshots\intrusion_0109.jpg
2026-09-11,01:44:08,1,1,person,INTRUSION,CROSSED_RESTRICTED_ZONE,0.8085,196,241,C:\Users\sharm\CCTV-YOLO\IBVAP\backend\logs\snapshots\intrusion_0110.jpg
2026-09-11,01:44:09,1,1,person,INTRUSION,CROSSED_RESTRICTED_ZONE,0.7135,196,241,C:\Users\sharm\CCTV-YOLO\IBVAP\backend\logs\snapshots\intrusion_0111.jpg
2026-09-11,01:44:10,1,1,person,INTRUSION,CROSSED_RESTRICTED_ZONE,0.5293,196,240,C:\Users\sharm\CCTV-YOLO\IBVAP\backend\logs\snapshots\intrusion_0112.jpg
2026-09-11,01:44:10,1,1,person,INTRUSION,CROSSED_RESTRICTED_ZONE,0.4209,195,240,C:\Users\sharm\CCTV-YOLO\IBVAP\backend\logs\snapshots\intrusion_0113.jpg
2026-09-11,01:44:11,1,1,person,INTRUSION,CROSSED_RESTRICTED_ZONE,0.7909,195,240,C:\Users\sharm\CCTV-YOLO\IBVAP\backend\logs\snapshots\intrusion_0114.jpg
2026-09-11,01:44:11,1,1,person,SUSPICIOUS_ACTIVITY,ERRATIC MOVEMENT | RAPID MOVEMENT,1.0000,271,319,C:\Users\sharm\CCTV-YOLO\IBVAP\backend\logs\snapshots\suspicious_0010.jpg
2026-09-11,01:44:11,1,1,person,INTRUSION,CROSSED_RESTRICTED_ZONE,0.8565,196,239,C:\Users\sharm\CCTV-YOLO\IBVAP\backend\logs\snapshots\intrusion_0115.jpg
2026-09-11,01:44:12,67,4,person,SUSPICIOUS_ACTIVITY,ERRATIC MOVEMENT | RAPID MOVEMENT,1.0000,160,227,C:\Users\sharm\CCTV-YOLO\IBVAP\backend\logs\snapshots\suspicious_0011.jpg
2026-09-11,01:44:12,1,1,person,INTRUSION,CROSSED_RESTRICTED_ZONE,0.8199,196,239,C:\Users\sharm\CCTV-YOLO\IBVAP\backend\logs\snapshots\intrusion_0116.jpg
2026-09-11,01:44:12,1,1,person,INTRUSION,CROSSED_RESTRICTED_ZONE,0.7985,195,239,C:\Users\sharm\CCTV-YOLO\IBVAP\backend\logs\snapshots\intrusion_0117.jpg
2026-09-11,01:44:13,1,1,person,INTRUSION,CROSSED_RESTRICTED_ZONE,0.8923,196,238,C:\Users\sharm\CCTV-YOLO\IBVAP\backend\logs\snapshots\intrusion_0118.jpg
2026-09-11,01:44:14,1,1,person,INTRUSION,CROSSED_RESTRICTED_ZONE,0.8813,196,238,C:\Users\sharm\CCTV-YOLO\IBVAP\backend\logs\snapshots\intrusion_0119.jpg
2026-09-11,01:44:14,1,1,person,INTRUSION,CROSSED_RESTRICTED_ZONE,0.8578,196,238,C:\Users\sharm\CCTV-YOLO\IBVAP\backend\logs\snapshots\intrusion_0120.jpg
2026-09-11,01:44:15,1,1,person,INTRUSION,CROSSED_RESTRICTED_ZONE,0.7877,196,238,C:\Users\sharm\CCTV-YOLO\IBVAP\backend\logs\snapshots\intrusion_0121.jpg
2026-09-11,01:44:15,1,1,person,INTRUSION,CROSSED_RESTRICTED_ZONE,0.8377,196,238,C:\Users\sharm\CCTV-YOLO\IBVAP\backend\logs\snapshots\intrusion_0122.jpg
2026-09-11,01:44:16,1,1,person,INTRUSION,CROSSED_RESTRICTED_ZONE,0.8448,196,238,C:\Users\sharm\CCTV-YOLO\IBVAP\backend\logs\snapshots\intrusion_0123.jpg
2026-09-11,01:44:17,1,1,person,INTRUSION,CROSSED_RESTRICTED_ZONE,0.8520,196,238,C:\Users\sharm\CCTV-YOLO\IBVAP\backend\logs\snapshots\intrusion_0124.jpg
2026-09-11,01:44:17,1,1,person,INTRUSION,CROSSED_RESTRICTED_ZONE,0.8891,196,238,C:\Users\sharm\CCTV-YOLO\IBVAP\backend\logs\snapshots\intrusion_0125.jpg
2026-09-11,01:44:18,1,1,person,INTRUSION,CROSSED_RESTRICTED_ZONE,0.8859,196,238,C:\Users\sharm\CCTV-YOLO\IBVAP\backend\logs\snapshots\intrusion_0126.jpg
2026-09-11,01:44:18,1,1,person,INTRUSION,CROSSED_RESTRICTED_ZONE,0.8775,195,238,C:\Users\sharm\CCTV-YOLO\IBVAP\backend\logs\snapshots\intrusion_0127.jpg
2026-09-11,01:44:19,1,1,person,INTRUSION,CROSSED_RESTRICTED_ZONE,0.8635,194,238,C:\Users\sharm\CCTV-YOLO\IBVAP\backend\logs\snapshots\intrusion_0128.jpg
2026-09-11,01:44:20,1,1,person,INTRUSION,CROSSED_RESTRICTED_ZONE,0.8458,194,238,C:\Users\sharm\CCTV-YOLO\IBVAP\backend\logs\snapshots\intrusion_0129.jpg
2026-09-11,01:44:20,1,1,person,INTRUSION,CROSSED_RESTRICTED_ZONE,0.8584,194,239,C:\Users\sharm\CCTV-YOLO\IBVAP\backend\logs\snapshots\intrusion_0130.jpg
2026-09-11,01:44:21,1,1,person,INTRUSION,CROSSED_RESTRICTED_ZONE,0.8516,194,239,C:\Users\sharm\CCTV-YOLO\IBVAP\backend\logs\snapshots\intrusion_0131.jpg
2026-09-11,01:44:21,1,1,person,SUSPICIOUS_ACTIVITY,ERRATIC MOVEMENT | RAPID MOVEMENT,1.0000,363,298,C:\Users\sharm\CCTV-YOLO\IBVAP\backend\logs\snapshots\suspicious_0012.jpg
2026-09-11,01:44:21,1,1,person,INTRUSION,CROSSED_RESTRICTED_ZONE,0.8349,194,239,C:\Users\sharm\CCTV-YOLO\IBVAP\backend\logs\snapshots\intrusion_0132.jpg
2026-09-11,01:44:22,67,4,person,SUSPICIOUS_ACTIVITY,ERRATIC MOVEMENT | RAPID MOVEMENT,1.0000,159,228,C:\Users\sharm\CCTV-YOLO\IBVAP\backend\logs\snapshots\suspicious_0013.jpg
2026-09-11,01:44:22,1,1,person,INTRUSION,CROSSED_RESTRICTED_ZONE,0.8016,194,239,C:\Users\sharm\CCTV-YOLO\IBVAP\backend\logs\snapshots\intrusion_0133.jpg
2026-09-11,01:44:23,1,1,person,INTRUSION,CROSSED_RESTRICTED_ZONE,0.7021,194,238,C:\Users\sharm\CCTV-YOLO\IBVAP\backend\logs\snapshots\intrusion_0134.jpg
2026-09-11,01:44:23,1,1,person,INTRUSION,CROSSED_RESTRICTED_ZONE,0.1192,194,238,C:\Users\sharm\CCTV-YOLO\IBVAP\backend\logs\snapshots\intrusion_0135.jpg
2026-09-11,01:44:24,92,6,person,INTRUSION,CROSSED_RESTRICTED_ZONE,0.3137,477,220,C:\Users\sharm\CCTV-YOLO\IBVAP\backend\logs\snapshots\intrusion_0136.jpg
2026-09-11,01:44:26,99,6,person,SUSPICIOUS_ACTIVITY,RAPID MOVEMENT,0.4167,368,297,C:\Users\sharm\CCTV-YOLO\IBVAP\backend\logs\snapshots\suspicious_0014.jpg
2026-09-11,01:44:31,4,1,person,SUSPICIOUS_ACTIVITY,ERRATIC MOVEMENT,1.0000,204,241,C:\Users\sharm\CCTV-YOLO\IBVAP\backend\logs\snapshots\suspicious_0015.jpg
2026-09-11,01:44:32,67,4,person,SUSPICIOUS_ACTIVITY,ERRATIC MOVEMENT | RAPID MOVEMENT | LOITERING,1.0000,163,234,C:\Users\sharm\CCTV-YOLO\IBVAP\backend\logs\snapshots\suspicious_0016.jpg
2026-09-11,01:44:34,3,3,bus,INTRUSION,CROSSED_RESTRICTED_ZONE,0.9508,317,224,C:\Users\sharm\CCTV-YOLO\IBVAP\backend\logs\snapshots\intrusion_0137.jpg
2026-09-11,01:44:34,3,3,bus,INTRUSION,CROSSED_RESTRICTED_ZONE,0.9501,318,225,C:\Users\sharm\CCTV-YOLO\IBVAP\backend\logs\snapshots\intrusion_0138.jpg
2026-09-11,01:44:35,3,3,bus,INTRUSION,CROSSED_RESTRICTED_ZONE,0.9513,320,224,C:\Users\sharm\CCTV-YOLO\IBVAP\backend\logs\snapshots\intrusion_0139.jpg
2026-09-11,01:44:35,3,3,bus,INTRUSION,CROSSED_RESTRICTED_ZONE,0.9497,322,224,C:\Users\sharm\CCTV-YOLO\IBVAP\backend\logs\snapshots\intrusion_0140.jpg
2026-09-11,01:44:36,99,6,person,SUSPICIOUS_ACTIVITY,ERRATIC MOVEMENT,1.0000,133,336,C:\Users\sharm\CCTV-YOLO\IBVAP\backend\logs\snapshots\suspicious_0017.jpg
2026-09-11,01:44:36,3,3,bus,INTRUSION,CROSSED_RESTRICTED_ZONE,0.9369,323,224,C:\Users\sharm\CCTV-YOLO\IBVAP\backend\logs\snapshots\intrusion_0141.jpg
2026-09-11,01:44:37,3,3,bus,INTRUSION,CROSSED_RESTRICTED_ZONE,0.9486,325,223,C:\Users\sharm\CCTV-YOLO\IBVAP\backend\logs\snapshots\intrusion_0142.jpg
2026-09-11,01:44:37,3,3,bus,INTRUSION,CROSSED_RESTRICTED_ZONE,0.9488,327,223,C:\Users\sharm\CCTV-YOLO\IBVAP\backend\logs\snapshots\intrusion_0143.jpg
2026-09-11,01:44:38,3,3,bus,INTRUSION,CROSSED_RESTRICTED_ZONE,0.9470,328,223,C:\Users\sharm\CCTV-YOLO\IBVAP\backend\logs\snapshots\intrusion_0144.jpg
2026-09-11,01:44:38,3,3,bus,INTRUSION,CROSSED_RESTRICTED_ZONE,0.9429,331,223,C:\Users\sharm\CCTV-YOLO\IBVAP\backend\logs\snapshots\intrusion_0145.jpg
2026-09-11,01:44:39,3,3,bus,INTRUSION,CROSSED_RESTRICTED_ZONE,0.9427,334,223,C:\Users\sharm\CCTV-YOLO\IBVAP\backend\logs\snapshots\intrusion_0146.jpg
2026-09-11,01:44:40,3,3,bus,INTRUSION,CROSSED_RESTRICTED_ZONE,0.9543,338,225,C:\Users\sharm\CCTV-YOLO\IBVAP\backend\logs\snapshots\intrusion_0147.jpg
2026-09-11,01:44:40,3,3,bus,INTRUSION,CROSSED_RESTRICTED_ZONE,0.9500,340,225,C:\Users\sharm\CCTV-YOLO\IBVAP\backend\logs\snapshots\intrusion_0148.jpg
2026-09-11,01:44:41,3,3,bus,INTRUSION,CROSSED_RESTRICTED_ZONE,0.9472,343,225,C:\Users\sharm\CCTV-YOLO\IBVAP\backend\logs\snapshots\intrusion_0149.jpg
2026-09-11,01:44:41,3,3,bus,INTRUSION,CROSSED_RESTRICTED_ZONE,0.9484,345,224,C:\Users\sharm\CCTV-YOLO\IBVAP\backend\logs\snapshots\intrusion_0150.jpg
2026-09-11,01:44:42,3,3,bus,INTRUSION,CROSSED_RESTRICTED_ZONE,0.9506,347,223,C:\Users\sharm\CCTV-YOLO\IBVAP\backend\logs\snapshots\intrusion_0151.jpg
2026-09-11,01:44:42,99,6,person,INTRUSION,CROSSED_RESTRICTED_ZONE,0.9092,210,336,C:\Users\sharm\CCTV-YOLO\IBVAP\backend\logs\snapshots\intrusion_0152.jpg
2026-09-11,01:44:43,3,3,bus,INTRUSION,CROSSED_RESTRICTED_ZONE,0.9517,349,224,C:\Users\sharm\CCTV-YOLO\IBVAP\backend\logs\snapshots\intrusion_0153.jpg
2026-09-11,01:44:44,3,3,bus,INTRUSION,CROSSED_RESTRICTED_ZONE,0.9068,352,223,C:\Users\sharm\CCTV-YOLO\IBVAP\backend\logs\snapshots\intrusion_0154.jpg
2026-09-11,01:44:44,3,3,bus,INTRUSION,CROSSED_RESTRICTED_ZONE,0.9490,356,223,C:\Users\sharm\CCTV-YOLO\IBVAP\backend\logs\snapshots\intrusion_0155.jpg
2026-09-11,01:44:45,3,3,bus,INTRUSION,CROSSED_RESTRICTED_ZONE,0.9266,360,225,C:\Users\sharm\CCTV-YOLO\IBVAP\backend\logs\snapshots\intrusion_0156.jpg
2026-09-11,01:44:45,3,3,bus,INTRUSION,CROSSED_RESTRICTED_ZONE,0.9349,362,226,C:\Users\sharm\CCTV-YOLO\IBVAP\backend\logs\snapshots\intrusion_0157.jpg
2026-09-11,01:44:46,3,3,bus,INTRUSION,CROSSED_RESTRICTED_ZONE,0.9292,364,226,C:\Users\sharm\CCTV-YOLO\IBVAP\backend\logs\snapshots\intrusion_0158.jpg
2026-09-11,01:44:47,99,6,person,SUSPICIOUS_ACTIVITY,ERRATIC MOVEMENT | RAPID MOVEMENT,1.0000,252,335,C:\Users\sharm\CCTV-YOLO\IBVAP\backend\logs\snapshots\suspicious_0018.jpg
2026-09-11,01:44:47,3,3,bus,INTRUSION,CROSSED_RESTRICTED_ZONE,0.9212,365,225,C:\Users\sharm\CCTV-YOLO\IBVAP\backend\logs\snapshots\intrusion_0159.jpg
2026-09-11,01:44:47,3,3,bus,INTRUSION,CROSSED_RESTRICTED_ZONE,0.9321,366,225,C:\Users\sharm\CCTV-YOLO\IBVAP\backend\logs\snapshots\intrusion_0160.jpg
2026-09-11,01:44:48,3,3,bus,INTRUSION,CROSSED_RESTRICTED_ZONE,0.9416,367,225,C:\Users\sharm\CCTV-YOLO\IBVAP\backend\logs\snapshots\intrusion_0161.jpg
2026-09-11,01:44:48,3,3,bus,INTRUSION,CROSSED_RESTRICTED_ZONE,0.9402,367,225,C:\Users\sharm\CCTV-YOLO\IBVAP\backend\logs\snapshots\intrusion_0162.jpg
2026-09-11,01:44:49,3,3,bus,INTRUSION,CROSSED_RESTRICTED_ZONE,0.9373,366,225,C:\Users\sharm\CCTV-YOLO\IBVAP\backend\logs\snapshots\intrusion_0163.jpg
2026-09-11,01:44:50,3,3,bus,INTRUSION,CROSSED_RESTRICTED_ZONE,0.9371,366,224,C:\Users\sharm\CCTV-YOLO\IBVAP\backend\logs\snapshots\intrusion_0164.jpg
2026-09-11,01:44:50,3,3,bus,INTRUSION,CROSSED_RESTRICTED_ZONE,0.9424,366,224,C:\Users\sharm\CCTV-YOLO\IBVAP\backend\logs\snapshots\intrusion_0165.jpg
2026-09-11,01:44:51,3,3,bus,INTRUSION,CROSSED_RESTRICTED_ZONE,0.9357,366,224,C:\Users\sharm\CCTV-YOLO\IBVAP\backend\logs\snapshots\intrusion_0166.jpg
2026-09-11,01:44:51,3,3,bus,INTRUSION,CROSSED_RESTRICTED_ZONE,0.8880,366,224,C:\Users\sharm\CCTV-YOLO\IBVAP\backend\logs\snapshots\intrusion_0167.jpg
2026-09-11,01:44:52,3,3,bus,INTRUSION,CROSSED_RESTRICTED_ZONE,0.9409,366,224,C:\Users\sharm\CCTV-YOLO\IBVAP\backend\logs\snapshots\intrusion_0168.jpg
2026-09-11,01:44:53,3,3,bus,INTRUSION,CROSSED_RESTRICTED_ZONE,0.9402,366,224,C:\Users\sharm\CCTV-YOLO\IBVAP\backend\logs\snapshots\intrusion_0169.jpg
2026-09-11,01:44:53,3,3,bus,INTRUSION,CROSSED_RESTRICTED_ZONE,0.9403,366,224,C:\Users\sharm\CCTV-YOLO\IBVAP\backend\logs\snapshots\intrusion_0170.jpg
2026-09-11,01:44:54,3,3,bus,INTRUSION,CROSSED_RESTRICTED_ZONE,0.9258,366,224,C:\Users\sharm\CCTV-YOLO\IBVAP\backend\logs\snapshots\intrusion_0171.jpg
2026-09-11,01:44:56,3,3,bus,INTRUSION,CROSSED_RESTRICTED_ZONE,0.9380,366,224,C:\Users\sharm\CCTV-YOLO\IBVAP\backend\logs\snapshots\intrusion_0172.jpg
2026-09-11,01:44:56,3,3,bus,INTRUSION,CROSSED_RESTRICTED_ZONE,0.9345,366,224,C:\Users\sharm\CCTV-YOLO\IBVAP\backend\logs\snapshots\intrusion_0173.jpg
2026-09-11,01:44:57,99,6,person,SUSPICIOUS_ACTIVITY,ERRATIC MOVEMENT,1.0000,246,335,C:\Users\sharm\CCTV-YOLO\IBVAP\backend\logs\snapshots\suspicious_0019.jpg
2026-09-11,01:44:57,3,3,bus,INTRUSION,CROSSED_RESTRICTED_ZONE,0.9344,366,224,C:\Users\sharm\CCTV-YOLO\IBVAP\backend\logs\snapshots\intrusion_0174.jpg
2026-09-11,01:44:58,3,3,bus,INTRUSION,CROSSED_RESTRICTED_ZONE,0.9371,366,224,C:\Users\sharm\CCTV-YOLO\IBVAP\backend\logs\snapshots\intrusion_0175.jpg
2026-09-11,01:44:59,3,3,bus,INTRUSION,CROSSED_RESTRICTED_ZONE,0.9408,366,224,C:\Users\sharm\CCTV-YOLO\IBVAP\backend\logs\snapshots\intrusion_0176.jpg
2026-09-11,01:44:59,3,3,bus,INTRUSION,CROSSED_RESTRICTED_ZONE,0.9413,366,224,C:\Users\sharm\CCTV-YOLO\IBVAP\backend\logs\snapshots\intrusion_0177.jpg
2026-09-11,01:45:01,3,3,bus,INTRUSION,CROSSED_RESTRICTED_ZONE,0.9162,366,224,C:\Users\sharm\CCTV-YOLO\IBVAP\backend\logs\snapshots\intrusion_0178.jpg
2026-09-11,01:45:02,3,3,bus,INTRUSION,CROSSED_RESTRICTED_ZONE,0.9041,366,224,C:\Users\sharm\CCTV-YOLO\IBVAP\backend\logs\snapshots\intrusion_0179.jpg
2026-09-11,01:45:02,3,3,bus,INTRUSION,CROSSED_RESTRICTED_ZONE,0.9500,367,224,C:\Users\sharm\CCTV-YOLO\IBVAP\backend\logs\snapshots\intrusion_0180.jpg
2026-09-11,01:45:03,3,3,bus,INTRUSION,CROSSED_RESTRICTED_ZONE,0.9304,367,224,C:\Users\sharm\CCTV-YOLO\IBVAP\backend\logs\snapshots\intrusion_0181.jpg
2026-09-11,01:45:03,3,3,bus,INTRUSION,CROSSED_RESTRICTED_ZONE,0.9323,367,224,C:\Users\sharm\CCTV-YOLO\IBVAP\backend\logs\snapshots\intrusion_0182.jpg
2026-09-11,01:45:04,3,3,bus,INTRUSION,CROSSED_RESTRICTED_ZONE,0.9331,367,224,C:\Users\sharm\CCTV-YOLO\IBVAP\backend\logs\snapshots\intrusion_0183.jpg
2026-09-11,01:45:05,3,3,bus,INTRUSION,CROSSED_RESTRICTED_ZONE,0.9385,367,225,C:\Users\sharm\CCTV-YOLO\IBVAP\backend\logs\snapshots\intrusion_0184.jpg
2026-09-11,01:45:05,3,3,bus,INTRUSION,CROSSED_RESTRICTED_ZONE,0.9335,367,224,C:\Users\sharm\CCTV-YOLO\IBVAP\backend\logs\snapshots\intrusion_0185.jpg
2026-09-11,01:45:06,3,3,bus,INTRUSION,CROSSED_RESTRICTED_ZONE,0.9272,367,224,C:\Users\sharm\CCTV-YOLO\IBVAP\backend\logs\snapshots\intrusion_0186.jpg
2026-09-11,01:45:07,3,3,bus,INTRUSION,CROSSED_RESTRICTED_ZONE,0.9260,367,225,C:\Users\sharm\CCTV-YOLO\IBVAP\backend\logs\snapshots\intrusion_0187.jpg
2026-09-11,01:45:07,99,6,person,SUSPICIOUS_ACTIVITY,ERRATIC MOVEMENT,1.0000,202,337,C:\Users\sharm\CCTV-YOLO\IBVAP\backend\logs\snapshots\suspicious_0020.jpg
2026-09-11,01:45:07,3,3,bus,INTRUSION,CROSSED_RESTRICTED_ZONE,0.9239,367,225,C:\Users\sharm\CCTV-YOLO\IBVAP\backend\logs\snapshots\intrusion_0188.jpg
2026-09-11,01:45:08,3,3,bus,INTRUSION,CROSSED_RESTRICTED_ZONE,0.9321,367,226,C:\Users\sharm\CCTV-YOLO\IBVAP\backend\logs\snapshots\intrusion_0189.jpg
2026-09-11,01:45:09,3,3,bus,INTRUSION,CROSSED_RESTRICTED_ZONE,0.9303,366,225,C:\Users\sharm\CCTV-YOLO\IBVAP\backend\logs\snapshots\intrusion_0190.jpg
2026-09-11,01:45:10,3,3,bus,INTRUSION,CROSSED_RESTRICTED_ZONE,0.9344,367,224,C:\Users\sharm\CCTV-YOLO\IBVAP\backend\logs\snapshots\intrusion_0191.jpg
2026-09-11,01:45:11,3,3,bus,INTRUSION,CROSSED_RESTRICTED_ZONE,0.9324,366,224,C:\Users\sharm\CCTV-YOLO\IBVAP\backend\logs\snapshots\intrusion_0192.jpg
2026-09-11,01:45:12,3,3,bus,INTRUSION,CROSSED_RESTRICTED_ZONE,0.9354,367,224,C:\Users\sharm\CCTV-YOLO\IBVAP\backend\logs\snapshots\intrusion_0193.jpg
2026-09-11,01:45:12,3,3,bus,INTRUSION,CROSSED_RESTRICTED_ZONE,0.9232,368,223,C:\Users\sharm\CCTV-YOLO\IBVAP\backend\logs\snapshots\intrusion_0194.jpg
2026-09-11,01:45:13,3,3,bus,INTRUSION,CROSSED_RESTRICTED_ZONE,0.9262,368,223,C:\Users\sharm\CCTV-YOLO\IBVAP\backend\logs\snapshots\intrusion_0195.jpg
2026-09-11,01:45:14,3,3,bus,INTRUSION,CROSSED_RESTRICTED_ZONE,0.8815,368,223,C:\Users\sharm\CCTV-YOLO\IBVAP\backend\logs\snapshots\intrusion_0196.jpg
2026-09-11,01:45:15,171,1,person,SUSPICIOUS_ACTIVITY,ERRATIC MOVEMENT | RAPID MOVEMENT,1.0000,268,238,C:\Users\sharm\CCTV-YOLO\IBVAP\backend\logs\snapshots\suspicious_0021.jpg
2026-09-11,01:45:15,171,1,person,INTRUSION,CROSSED_RESTRICTED_ZONE,0.3241,268,238,C:\Users\sharm\CCTV-YOLO\IBVAP\backend\logs\snapshots\intrusion_0197.jpg
2026-09-11,01:45:16,3,3,bus,INTRUSION,CROSSED_RESTRICTED_ZONE,0.9432,368,228,C:\Users\sharm\CCTV-YOLO\IBVAP\backend\logs\snapshots\intrusion_0198.jpg
2026-09-11,01:45:16,178,4,person,SUSPICIOUS_ACTIVITY,ERRATIC MOVEMENT | LOITERING | RAPID MOVEMENT,1.0000,227,239,C:\Users\sharm\CCTV-YOLO\IBVAP\backend\logs\snapshots\suspicious_0022.jpg
2026-09-11,01:45:16,3,3,bus,INTRUSION,CROSSED_RESTRICTED_ZONE,0.9461,368,228,C:\Users\sharm\CCTV-YOLO\IBVAP\backend\logs\snapshots\intrusion_0199.jpg
2026-09-11,01:45:17,3,3,bus,INTRUSION,CROSSED_RESTRICTED_ZONE,0.9447,368,228,C:\Users\sharm\CCTV-YOLO\IBVAP\backend\logs\snapshots\intrusion_0200.jpg
2026-09-11,01:45:18,99,6,person,SUSPICIOUS_ACTIVITY,ERRATIC MOVEMENT,1.0000,196,356,C:\Users\sharm\CCTV-YOLO\IBVAP\backend\logs\snapshots\suspicious_0023.jpg
2026-09-11,01:45:18,3,3,bus,INTRUSION,CROSSED_RESTRICTED_ZONE,0.9474,368,226,C:\Users\sharm\CCTV-YOLO\IBVAP\backend\logs\snapshots\intrusion_0201.jpg
2026-09-11,01:45:19,3,3,bus,INTRUSION,CROSSED_RESTRICTED_ZONE,0.9453,369,225,C:\Users\sharm\CCTV-YOLO\IBVAP\backend\logs\snapshots\intrusion_0202.jpg
2026-09-11,01:45:20,3,3,bus,INTRUSION,CROSSED_RESTRICTED_ZONE,0.9468,368,226,C:\Users\sharm\CCTV-YOLO\IBVAP\backend\logs\snapshots\intrusion_0203.jpg
2026-09-11,01:45:20,3,3,bus,INTRUSION,CROSSED_RESTRICTED_ZONE,0.9446,368,225,C:\Users\sharm\CCTV-YOLO\IBVAP\backend\logs\snapshots\intrusion_0204.jpg
2026-09-11,01:45:21,3,3,bus,INTRUSION,CROSSED_RESTRICTED_ZONE,0.9468,368,226,C:\Users\sharm\CCTV-YOLO\IBVAP\backend\logs\snapshots\intrusion_0205.jpg
2026-09-11,01:45:22,3,3,bus,INTRUSION,CROSSED_RESTRICTED_ZONE,0.9402,368,225,C:\Users\sharm\CCTV-YOLO\IBVAP\backend\logs\snapshots\intrusion_0206.jpg
2026-09-11,01:45:22,3,3,bus,INTRUSION,CROSSED_RESTRICTED_ZONE,0.9433,368,226,C:\Users\sharm\CCTV-YOLO\IBVAP\backend\logs\snapshots\intrusion_0207.jpg
2026-09-11,01:45:23,3,3,bus,INTRUSION,CROSSED_RESTRICTED_ZONE,0.9431,368,225,C:\Users\sharm\CCTV-YOLO\IBVAP\backend\logs\snapshots\intrusion_0208.jpg
2026-09-11,01:45:24,3,3,bus,INTRUSION,CROSSED_RESTRICTED_ZONE,0.9445,368,225,C:\Users\sharm\CCTV-YOLO\IBVAP\backend\logs\snapshots\intrusion_0209.jpg
2026-09-11,01:45:24,3,3,bus,INTRUSION,CROSSED_RESTRICTED_ZONE,0.9471,368,224,C:\Users\sharm\CCTV-YOLO\IBVAP\backend\logs\snapshots\intrusion_0210.jpg
2026-09-11,01:45:25,3,3,bus,INTRUSION,CROSSED_RESTRICTED_ZONE,0.9458,369,224,C:\Users\sharm\CCTV-YOLO\IBVAP\backend\logs\snapshots\intrusion_0211.jpg
2026-09-11,01:45:25,3,3,bus,INTRUSION,CROSSED_RESTRICTED_ZONE,0.9442,369,224,C:\Users\sharm\CCTV-YOLO\IBVAP\backend\logs\snapshots\intrusion_0212.jpg
2026-09-11,01:45:26,3,3,bus,INTRUSION,CROSSED_RESTRICTED_ZONE,0.9460,369,224,C:\Users\sharm\CCTV-YOLO\IBVAP\backend\logs\snapshots\intrusion_0213.jpg
2026-09-11,01:45:27,178,4,person,SUSPICIOUS_ACTIVITY,ERRATIC MOVEMENT | LOITERING | RAPID MOVEMENT,1.0000,225,240,C:\Users\sharm\CCTV-YOLO\IBVAP\backend\logs\snapshots\suspicious_0024.jpg
2026-09-11,01:45:27,3,3,bus,INTRUSION,CROSSED_RESTRICTED_ZONE,0.9395,369,224,C:\Users\sharm\CCTV-YOLO\IBVAP\backend\logs\snapshots\intrusion_0214.jpg
2026-09-11,01:45:27,3,3,bus,INTRUSION,CROSSED_RESTRICTED_ZONE,0.9430,369,224,C:\Users\sharm\CCTV-YOLO\IBVAP\backend\logs\snapshots\intrusion_0215.jpg
2026-09-11,01:45:28,99,6,person,SUSPICIOUS_ACTIVITY,ERRATIC MOVEMENT,1.0000,191,409,C:\Users\sharm\CCTV-YOLO\IBVAP\backend\logs\snapshots\suspicious_0025.jpg
2026-09-11,01:45:28,3,3,bus,INTRUSION,CROSSED_RESTRICTED_ZONE,0.9383,369,224,C:\Users\sharm\CCTV-YOLO\IBVAP\backend\logs\snapshots\intrusion_0216.jpg
2026-09-11,01:45:29,3,3,bus,INTRUSION,CROSSED_RESTRICTED_ZONE,0.9373,369,224,C:\Users\sharm\CCTV-YOLO\IBVAP\backend\logs\snapshots\intrusion_0217.jpg
2026-09-11,01:45:30,3,3,bus,INTRUSION,CROSSED_RESTRICTED_ZONE,0.9465,370,224,C:\Users\sharm\CCTV-YOLO\IBVAP\backend\logs\snapshots\intrusion_0218.jpg
2026-09-11,01:45:30,3,3,bus,INTRUSION,CROSSED_RESTRICTED_ZONE,0.9484,370,224,C:\Users\sharm\CCTV-YOLO\IBVAP\backend\logs\snapshots\intrusion_0219.jpg
2026-09-11,01:45:31,3,3,bus,INTRUSION,CROSSED_RESTRICTED_ZONE,0.9491,370,224,C:\Users\sharm\CCTV-YOLO\IBVAP\backend\logs\snapshots\intrusion_0220.jpg
2026-09-11,01:45:32,3,3,bus,INTRUSION,CROSSED_RESTRICTED_ZONE,0.9431,370,224,C:\Users\sharm\CCTV-YOLO\IBVAP\backend\logs\snapshots\intrusion_0221.jpg
2026-09-11,01:45:32,3,3,bus,INTRUSION,CROSSED_RESTRICTED_ZONE,0.9494,370,224,C:\Users\sharm\CCTV-YOLO\IBVAP\backend\logs\snapshots\intrusion_0222.jpg
2026-09-11,01:45:33,3,3,bus,INTRUSION,CROSSED_RESTRICTED_ZONE,0.9527,371,224,C:\Users\sharm\CCTV-YOLO\IBVAP\backend\logs\snapshots\intrusion_0223.jpg
2026-09-11,01:45:34,3,3,bus,INTRUSION,CROSSED_RESTRICTED_ZONE,0.9410,371,225,C:\Users\sharm\CCTV-YOLO\IBVAP\backend\logs\snapshots\intrusion_0224.jpg
2026-09-11,01:45:34,3,3,bus,INTRUSION,CROSSED_RESTRICTED_ZONE,0.9383,371,225,C:\Users\sharm\CCTV-YOLO\IBVAP\backend\logs\snapshots\intrusion_0225.jpg
2026-09-11,01:45:35,3,3,bus,INTRUSION,CROSSED_RESTRICTED_ZONE,0.9345,371,225,C:\Users\sharm\CCTV-YOLO\IBVAP\backend\logs\snapshots\intrusion_0226.jpg
2026-09-11,01:45:36,3,3,bus,INTRUSION,CROSSED_RESTRICTED_ZONE,0.9326,372,225,C:\Users\sharm\CCTV-YOLO\IBVAP\backend\logs\snapshots\intrusion_0227.jpg
2026-09-11,01:45:36,3,3,bus,INTRUSION,CROSSED_RESTRICTED_ZONE,0.9402,372,225,C:\Users\sharm\CCTV-YOLO\IBVAP\backend\logs\snapshots\intrusion_0228.jpg
2026-09-11,01:45:37,178,4,person,SUSPICIOUS_ACTIVITY,ERRATIC MOVEMENT | LOITERING | RAPID MOVEMENT,1.0000,226,240,C:\Users\sharm\CCTV-YOLO\IBVAP\backend\logs\snapshots\suspicious_0026.jpg
2026-09-11,01:45:37,3,3,bus,INTRUSION,CROSSED_RESTRICTED_ZONE,0.9318,372,224,C:\Users\sharm\CCTV-YOLO\IBVAP\backend\logs\snapshots\intrusion_0229.jpg
2026-09-11,01:45:38,3,3,bus,INTRUSION,CROSSED_RESTRICTED_ZONE,0.9334,372,225,C:\Users\sharm\CCTV-YOLO\IBVAP\backend\logs\snapshots\intrusion_0230.jpg
2026-09-11,01:45:38,99,6,person,SUSPICIOUS_ACTIVITY,ERRATIC MOVEMENT,1.0000,193,403,C:\Users\sharm\CCTV-YOLO\IBVAP\backend\logs\snapshots\suspicious_0027.jpg
2026-09-11,01:45:38,3,3,bus,INTRUSION,CROSSED_RESTRICTED_ZONE,0.9364,372,225,C:\Users\sharm\CCTV-YOLO\IBVAP\backend\logs\snapshots\intrusion_0231.jpg
2026-09-11,01:45:39,3,3,bus,INTRUSION,CROSSED_RESTRICTED_ZONE,0.9186,372,225,C:\Users\sharm\CCTV-YOLO\IBVAP\backend\logs\snapshots\intrusion_0232.jpg
2026-09-11,01:45:40,3,3,bus,INTRUSION,CROSSED_RESTRICTED_ZONE,0.9358,372,225,C:\Users\sharm\CCTV-YOLO\IBVAP\backend\logs\snapshots\intrusion_0233.jpg
2026-09-11,01:45:40,3,3,bus,INTRUSION,CROSSED_RESTRICTED_ZONE,0.9293,372,225,C:\Users\sharm\CCTV-YOLO\IBVAP\backend\logs\snapshots\intrusion_0234.jpg
2026-09-11,01:45:41,3,3,bus,INTRUSION,CROSSED_RESTRICTED_ZONE,0.9154,373,226,C:\Users\sharm\CCTV-YOLO\IBVAP\backend\logs\snapshots\intrusion_0235.jpg
2026-09-11,01:45:42,3,3,bus,INTRUSION,CROSSED_RESTRICTED_ZONE,0.9077,373,225,C:\Users\sharm\CCTV-YOLO\IBVAP\backend\logs\snapshots\intrusion_0236.jpg
2026-09-11,01:45:42,3,3,bus,INTRUSION,CROSSED_RESTRICTED_ZONE,0.8875,373,225,C:\Users\sharm\CCTV-YOLO\IBVAP\backend\logs\snapshots\intrusion_0237.jpg
2026-09-11,01:45:43,3,3,bus,INTRUSION,CROSSED_RESTRICTED_ZONE,0.9029,373,226,C:\Users\sharm\CCTV-YOLO\IBVAP\backend\logs\snapshots\intrusion_0238.jpg
2026-09-11,01:45:43,3,3,bus,INTRUSION,CROSSED_RESTRICTED_ZONE,0.8480,373,226,C:\Users\sharm\CCTV-YOLO\IBVAP\backend\logs\snapshots\intrusion_0239.jpg
2026-09-11,01:45:44,3,3,bus,INTRUSION,CROSSED_RESTRICTED_ZONE,0.8612,373,227,C:\Users\sharm\CCTV-YOLO\IBVAP\backend\logs\snapshots\intrusion_0240.jpg
2026-09-11,01:45:45,3,3,bus,INTRUSION,CROSSED_RESTRICTED_ZONE,0.8990,373,227,C:\Users\sharm\CCTV-YOLO\IBVAP\backend\logs\snapshots\intrusion_0241.jpg
2026-09-11,01:45:45,3,3,bus,INTRUSION,CROSSED_RESTRICTED_ZONE,0.9043,373,227,C:\Users\sharm\CCTV-YOLO\IBVAP\backend\logs\snapshots\intrusion_0242.jpg
2026-09-11,01:45:46,3,3,bus,INTRUSION,CROSSED_RESTRICTED_ZONE,0.9219,374,227,C:\Users\sharm\CCTV-YOLO\IBVAP\backend\logs\snapshots\intrusion_0243.jpg
2026-09-11,01:45:47,3,3,bus,INTRUSION,CROSSED_RESTRICTED_ZONE,0.9251,374,227,C:\Users\sharm\CCTV-YOLO\IBVAP\backend\logs\snapshots\intrusion_0244.jpg
2026-09-11,01:45:48,178,4,person,SUSPICIOUS_ACTIVITY,ERRATIC MOVEMENT | LOITERING | RAPID MOVEMENT,1.0000,221,239,C:\Users\sharm\CCTV-YOLO\IBVAP\backend\logs\snapshots\suspicious_0028.jpg
2026-09-11,01:45:48,207,9,person,SUSPICIOUS_ACTIVITY,RAPID MOVEMENT,0.5556,697,198,C:\Users\sharm\CCTV-YOLO\IBVAP\backend\logs\snapshots\suspicious_0029.jpg
2026-09-11,01:45:48,3,3,bus,INTRUSION,CROSSED_RESTRICTED_ZONE,0.9277,374,226,C:\Users\sharm\CCTV-YOLO\IBVAP\backend\logs\snapshots\intrusion_0245.jpg
2026-09-11,01:45:48,3,3,bus,INTRUSION,CROSSED_RESTRICTED_ZONE,0.9304,374,226,C:\Users\sharm\CCTV-YOLO\IBVAP\backend\logs\snapshots\intrusion_0246.jpg
2026-09-11,01:45:49,99,6,person,SUSPICIOUS_ACTIVITY,ERRATIC MOVEMENT | LOITERING,1.0000,191,349,C:\Users\sharm\CCTV-YOLO\IBVAP\backend\logs\snapshots\suspicious_0030.jpg
2026-09-11,01:45:49,3,3,bus,INTRUSION,CROSSED_RESTRICTED_ZONE,0.9345,374,227,C:\Users\sharm\CCTV-YOLO\IBVAP\backend\logs\snapshots\intrusion_0247.jpg
2026-09-11,01:45:50,3,3,bus,INTRUSION,CROSSED_RESTRICTED_ZONE,0.9403,375,227,C:\Users\sharm\CCTV-YOLO\IBVAP\backend\logs\snapshots\intrusion_0248.jpg
2026-09-11,01:45:50,210,1,person,SUSPICIOUS_ACTIVITY,ERRATIC MOVEMENT | RAPID MOVEMENT,1.0000,257,240,C:\Users\sharm\CCTV-YOLO\IBVAP\backend\logs\snapshots\suspicious_0031.jpg
2026-09-11,01:45:50,3,3,bus,INTRUSION,CROSSED_RESTRICTED_ZONE,0.9304,375,227,C:\Users\sharm\CCTV-YOLO\IBVAP\backend\logs\snapshots\intrusion_0249.jpg
2026-09-11,01:45:51,3,3,bus,INTRUSION,CROSSED_RESTRICTED_ZONE,0.9350,375,228,C:\Users\sharm\CCTV-YOLO\IBVAP\backend\logs\snapshots\intrusion_0250.jpg
2026-09-11,01:45:52,3,3,bus,INTRUSION,CROSSED_RESTRICTED_ZONE,0.9400,375,227,C:\Users\sharm\CCTV-YOLO\IBVAP\backend\logs\snapshots\intrusion_0251.jpg
2026-09-11,01:45:52,3,3,bus,INTRUSION,CROSSED_RESTRICTED_ZONE,0.9409,375,227,C:\Users\sharm\CCTV-YOLO\IBVAP\backend\logs\snapshots\intrusion_0252.jpg
2026-09-11,01:45:53,3,3,bus,INTRUSION,CROSSED_RESTRICTED_ZONE,0.9368,376,227,C:\Users\sharm\CCTV-YOLO\IBVAP\backend\logs\snapshots\intrusion_0253.jpg
2026-09-11,01:45:54,3,3,bus,INTRUSION,CROSSED_RESTRICTED_ZONE,0.9439,377,227,C:\Users\sharm\CCTV-YOLO\IBVAP\backend\logs\snapshots\intrusion_0254.jpg
2026-09-11,01:45:55,3,3,bus,INTRUSION,CROSSED_RESTRICTED_ZONE,0.9435,377,227,C:\Users\sharm\CCTV-YOLO\IBVAP\backend\logs\snapshots\intrusion_0255.jpg
2026-09-11,01:45:56,3,3,bus,INTRUSION,CROSSED_RESTRICTED_ZONE,0.9224,377,226,C:\Users\sharm\CCTV-YOLO\IBVAP\backend\logs\snapshots\intrusion_0256.jpg
2026-09-11,01:45:56,3,3,bus,INTRUSION,CROSSED_RESTRICTED_ZONE,0.9245,377,226,C:\Users\sharm\CCTV-YOLO\IBVAP\backend\logs\snapshots\intrusion_0257.jpg
2026-09-11,01:45:57,3,3,bus,INTRUSION,CROSSED_RESTRICTED_ZONE,0.9267,376,226,C:\Users\sharm\CCTV-YOLO\IBVAP\backend\logs\snapshots\intrusion_0258.jpg
2026-09-11,01:45:58,207,9,person,SUSPICIOUS_ACTIVITY,RAPID MOVEMENT,0.6667,733,198,C:\Users\sharm\CCTV-YOLO\IBVAP\backend\logs\snapshots\suspicious_0032.jpg
2026-09-11,01:45:58,3,3,bus,INTRUSION,CROSSED_RESTRICTED_ZONE,0.9261,376,225,C:\Users\sharm\CCTV-YOLO\IBVAP\backend\logs\snapshots\intrusion_0259.jpg
2026-09-11,01:45:58,3,3,bus,INTRUSION,CROSSED_RESTRICTED_ZONE,0.9374,377,225,C:\Users\sharm\CCTV-YOLO\IBVAP\backend\logs\snapshots\intrusion_0260.jpg
2026-09-11,01:45:59,99,6,person,SUSPICIOUS_ACTIVITY,ERRATIC MOVEMENT | LOITERING,1.0000,193,333,C:\Users\sharm\CCTV-YOLO\IBVAP\backend\logs\snapshots\suspicious_0033.jpg
2026-09-11,01:45:59,3,3,bus,INTRUSION,CROSSED_RESTRICTED_ZONE,0.9332,378,225,C:\Users\sharm\CCTV-YOLO\IBVAP\backend\logs\snapshots\intrusion_0261.jpg
2026-09-11,01:46:00,3,3,bus,INTRUSION,CROSSED_RESTRICTED_ZONE,0.9357,378,224,C:\Users\sharm\CCTV-YOLO\IBVAP\backend\logs\snapshots\intrusion_0262.jpg
2026-09-11,01:46:01,210,1,person,SUSPICIOUS_ACTIVITY,ERRATIC MOVEMENT,1.0000,252,240,C:\Users\sharm\CCTV-YOLO\IBVAP\backend\logs\snapshots\suspicious_0034.jpg
2026-09-11,01:46:01,3,3,bus,INTRUSION,CROSSED_RESTRICTED_ZONE,0.9390,378,225,C:\Users\sharm\CCTV-YOLO\IBVAP\backend\logs\snapshots\intrusion_0263.jpg
2026-09-11,01:46:01,3,3,bus,INTRUSION,CROSSED_RESTRICTED_ZONE,0.9378,378,226,C:\Users\sharm\CCTV-YOLO\IBVAP\backend\logs\snapshots\intrusion_0264.jpg
2026-09-11,01:46:02,3,3,bus,INTRUSION,CROSSED_RESTRICTED_ZONE,0.9256,378,225,C:\Users\sharm\CCTV-YOLO\IBVAP\backend\logs\snapshots\intrusion_0265.jpg
2026-09-11,01:46:02,3,3,bus,INTRUSION,CROSSED_RESTRICTED_ZONE,0.9194,379,225,C:\Users\sharm\CCTV-YOLO\IBVAP\backend\logs\snapshots\intrusion_0266.jpg
2026-09-11,01:46:03,3,3,bus,INTRUSION,CROSSED_RESTRICTED_ZONE,0.9221,379,225,C:\Users\sharm\CCTV-YOLO\IBVAP\backend\logs\snapshots\intrusion_0267.jpg
2026-09-11,01:46:04,3,3,bus,INTRUSION,CROSSED_RESTRICTED_ZONE,0.9250,379,225,C:\Users\sharm\CCTV-YOLO\IBVAP\backend\logs\snapshots\intrusion_0268.jpg
2026-09-11,01:46:05,3,3,bus,INTRUSION,CROSSED_RESTRICTED_ZONE,0.9075,380,224,C:\Users\sharm\CCTV-YOLO\IBVAP\backend\logs\snapshots\intrusion_0269.jpg
2026-09-11,01:46:05,3,3,bus,INTRUSION,CROSSED_RESTRICTED_ZONE,0.9058,380,224,C:\Users\sharm\CCTV-YOLO\IBVAP\backend\logs\snapshots\intrusion_0270.jpg
2026-09-11,01:46:06,3,3,bus,INTRUSION,CROSSED_RESTRICTED_ZONE,0.8919,380,223,C:\Users\sharm\CCTV-YOLO\IBVAP\backend\logs\snapshots\intrusion_0271.jpg
2026-09-11,01:46:07,3,3,bus,INTRUSION,CROSSED_RESTRICTED_ZONE,0.8877,380,222,C:\Users\sharm\CCTV-YOLO\IBVAP\backend\logs\snapshots\intrusion_0272.jpg
2026-09-11,01:46:07,3,3,bus,INTRUSION,CROSSED_RESTRICTED_ZONE,0.8702,380,221,C:\Users\sharm\CCTV-YOLO\IBVAP\backend\logs\snapshots\intrusion_0273.jpg
2026-09-11,01:46:08,3,3,bus,INTRUSION,CROSSED_RESTRICTED_ZONE,0.8984,380,222,C:\Users\sharm\CCTV-YOLO\IBVAP\backend\logs\snapshots\intrusion_0274.jpg
2026-09-11,01:46:09,3,3,bus,INTRUSION,CROSSED_RESTRICTED_ZONE,0.9106,381,223,C:\Users\sharm\CCTV-YOLO\IBVAP\backend\logs\snapshots\intrusion_0275.jpg
2026-09-11,01:46:09,99,6,person,SUSPICIOUS_ACTIVITY,ERRATIC MOVEMENT | LOITERING,1.0000,199,334,C:\Users\sharm\CCTV-YOLO\IBVAP\backend\logs\snapshots\suspicious_0035.jpg
2026-09-11,01:46:09,3,3,bus,INTRUSION,CROSSED_RESTRICTED_ZONE,0.8948,381,224,C:\Users\sharm\CCTV-YOLO\IBVAP\backend\logs\snapshots\intrusion_0276.jpg
2026-09-11,01:46:10,3,3,bus,INTRUSION,CROSSED_RESTRICTED_ZONE,0.9070,382,224,C:\Users\sharm\CCTV-YOLO\IBVAP\backend\logs\snapshots\intrusion_0277.jpg
2026-09-11,01:46:11,210,1,person,SUSPICIOUS_ACTIVITY,ERRATIC MOVEMENT,1.0000,252,240,C:\Users\sharm\CCTV-YOLO\IBVAP\backend\logs\snapshots\suspicious_0036.jpg
2026-09-11,01:46:11,3,3,bus,INTRUSION,CROSSED_RESTRICTED_ZONE,0.9038,382,225,C:\Users\sharm\CCTV-YOLO\IBVAP\backend\logs\snapshots\intrusion_0278.jpg
2026-09-11,01:46:12,3,3,bus,INTRUSION,CROSSED_RESTRICTED_ZONE,0.9075,382,225,C:\Users\sharm\CCTV-YOLO\IBVAP\backend\logs\snapshots\intrusion_0279.jpg
2026-09-11,01:46:12,3,3,bus,INTRUSION,CROSSED_RESTRICTED_ZONE,0.9152,382,225,C:\Users\sharm\CCTV-YOLO\IBVAP\backend\logs\snapshots\intrusion_0280.jpg
2026-09-11,01:46:13,3,3,bus,INTRUSION,CROSSED_RESTRICTED_ZONE,0.9186,382,226,C:\Users\sharm\CCTV-YOLO\IBVAP\backend\logs\snapshots\intrusion_0281.jpg
2026-09-11,01:46:14,3,3,bus,INTRUSION,CROSSED_RESTRICTED_ZONE,0.9177,382,226,C:\Users\sharm\CCTV-YOLO\IBVAP\backend\logs\snapshots\intrusion_0282.jpg
2026-09-11,01:46:14,3,3,bus,INTRUSION,CROSSED_RESTRICTED_ZONE,0.7503,307,222,C:\Users\sharm\CCTV-YOLO\IBVAP\backend\logs\snapshots\intrusion_0001.jpg
2026-09-11,01:46:15,3,3,bus,INTRUSION,CROSSED_RESTRICTED_ZONE,0.9046,383,227,C:\Users\sharm\CCTV-YOLO\IBVAP\backend\logs\snapshots\intrusion_0283.jpg
2026-09-11,01:46:15,3,3,bus,INTRUSION,CROSSED_RESTRICTED_ZONE,0.5779,307,222,C:\Users\sharm\CCTV-YOLO\IBVAP\backend\logs\snapshots\intrusion_0002.jpg
2026-09-11,01:46:15,3,3,bus,INTRUSION,CROSSED_RESTRICTED_ZONE,0.9246,383,226,C:\Users\sharm\CCTV-YOLO\IBVAP\backend\logs\snapshots\intrusion_0284.jpg
2026-09-11,01:46:16,4,1,person,SUSPICIOUS_ACTIVITY,RAPID MOVEMENT,0.8333,198,239,C:\Users\sharm\CCTV-YOLO\IBVAP\backend\logs\snapshots\suspicious_0001.jpg
2026-09-11,01:46:16,3,3,bus,INTRUSION,CROSSED_RESTRICTED_ZONE,0.9581,307,222,C:\Users\sharm\CCTV-YOLO\IBVAP\backend\logs\snapshots\intrusion_0003.jpg
2026-09-11,01:46:16,3,3,bus,INTRUSION,CROSSED_RESTRICTED_ZONE,0.9205,383,226,C:\Users\sharm\CCTV-YOLO\IBVAP\backend\logs\snapshots\intrusion_0285.jpg
2026-09-11,01:46:16,3,3,bus,INTRUSION,CROSSED_RESTRICTED_ZONE,0.9439,307,222,C:\Users\sharm\CCTV-YOLO\IBVAP\backend\logs\snapshots\intrusion_0004.jpg
2026-09-11,01:46:17,210,1,person,INTRUSION,CROSSED_RESTRICTED_ZONE,0.1809,255,239,C:\Users\sharm\CCTV-YOLO\IBVAP\backend\logs\snapshots\intrusion_0286.jpg
2026-09-11,01:46:17,3,3,bus,INTRUSION,CROSSED_RESTRICTED_ZONE,0.9437,307,222,C:\Users\sharm\CCTV-YOLO\IBVAP\backend\logs\snapshots\intrusion_0005.jpg
2026-09-11,01:46:17,3,3,bus,INTRUSION,CROSSED_RESTRICTED_ZONE,0.9134,383,226,C:\Users\sharm\CCTV-YOLO\IBVAP\backend\logs\snapshots\intrusion_0287.jpg
2026-09-11,01:46:18,3,3,bus,INTRUSION,CROSSED_RESTRICTED_ZONE,0.6783,307,222,C:\Users\sharm\CCTV-YOLO\IBVAP\backend\logs\snapshots\intrusion_0006.jpg
2026-09-11,01:46:18,3,3,bus,INTRUSION,CROSSED_RESTRICTED_ZONE,0.9101,383,226,C:\Users\sharm\CCTV-YOLO\IBVAP\backend\logs\snapshots\intrusion_0288.jpg
2026-09-11,01:46:18,3,3,bus,INTRUSION,CROSSED_RESTRICTED_ZONE,0.4978,307,221,C:\Users\sharm\CCTV-YOLO\IBVAP\backend\logs\snapshots\intrusion_0007.jpg
2026-09-11,01:46:19,3,3,bus,INTRUSION,CROSSED_RESTRICTED_ZONE,0.9224,383,226,C:\Users\sharm\CCTV-YOLO\IBVAP\backend\logs\snapshots\intrusion_0289.jpg
2026-09-11,01:46:19,3,3,bus,INTRUSION,CROSSED_RESTRICTED_ZONE,0.9104,307,221,C:\Users\sharm\CCTV-YOLO\IBVAP\backend\logs\snapshots\intrusion_0008.jpg
2026-09-11,01:46:20,99,6,person,SUSPICIOUS_ACTIVITY,ERRATIC MOVEMENT | LOITERING,1.0000,199,334,C:\Users\sharm\CCTV-YOLO\IBVAP\backend\logs\snapshots\suspicious_0037.jpg
2026-09-11,01:46:20,3,3,bus,INTRUSION,CROSSED_RESTRICTED_ZONE,0.9153,383,227,C:\Users\sharm\CCTV-YOLO\IBVAP\backend\logs\snapshots\intrusion_0290.jpg
2026-09-11,01:46:20,3,3,bus,INTRUSION,CROSSED_RESTRICTED_ZONE,0.9313,307,221,C:\Users\sharm\CCTV-YOLO\IBVAP\backend\logs\snapshots\intrusion_0009.jpg
2026-09-11,01:46:20,3,3,bus,INTRUSION,CROSSED_RESTRICTED_ZONE,0.9049,383,226,C:\Users\sharm\CCTV-YOLO\IBVAP\backend\logs\snapshots\intrusion_0291.jpg
2026-09-11,01:46:21,3,3,bus,INTRUSION,CROSSED_RESTRICTED_ZONE,0.9198,308,221,C:\Users\sharm\CCTV-YOLO\IBVAP\backend\logs\snapshots\intrusion_0010.jpg
2026-09-11,01:46:21,3,3,bus,INTRUSION,CROSSED_RESTRICTED_ZONE,0.8850,383,226,C:\Users\sharm\CCTV-YOLO\IBVAP\backend\logs\snapshots\intrusion_0292.jpg
2026-09-11,01:46:21,3,3,bus,INTRUSION,CROSSED_RESTRICTED_ZONE,0.9162,308,221,C:\Users\sharm\CCTV-YOLO\IBVAP\backend\logs\snapshots\intrusion_0011.jpg
2026-09-11,01:46:22,3,3,bus,INTRUSION,CROSSED_RESTRICTED_ZONE,0.9014,384,226,C:\Users\sharm\CCTV-YOLO\IBVAP\backend\logs\snapshots\intrusion_0293.jpg
2026-09-11,01:46:22,3,3,bus,INTRUSION,CROSSED_RESTRICTED_ZONE,0.8527,308,221,C:\Users\sharm\CCTV-YOLO\IBVAP\backend\logs\snapshots\intrusion_0012.jpg
2026-09-11,01:46:22,3,3,bus,INTRUSION,CROSSED_RESTRICTED_ZONE,0.9084,384,226,C:\Users\sharm\CCTV-YOLO\IBVAP\backend\logs\snapshots\intrusion_0294.jpg
2026-09-11,01:46:23,3,3,bus,INTRUSION,CROSSED_RESTRICTED_ZONE,0.9516,308,221,C:\Users\sharm\CCTV-YOLO\IBVAP\backend\logs\snapshots\intrusion_0013.jpg
2026-09-11,01:46:23,3,3,bus,INTRUSION,CROSSED_RESTRICTED_ZONE,0.9157,384,227,C:\Users\sharm\CCTV-YOLO\IBVAP\backend\logs\snapshots\intrusion_0295.jpg
2026-09-11,01:46:23,3,3,bus,INTRUSION,CROSSED_RESTRICTED_ZONE,0.9563,306,222,C:\Users\sharm\CCTV-YOLO\IBVAP\backend\logs\snapshots\intrusion_0014.jpg
2026-09-11,01:46:24,3,3,bus,INTRUSION,CROSSED_RESTRICTED_ZONE,0.9113,384,227,C:\Users\sharm\CCTV-YOLO\IBVAP\backend\logs\snapshots\intrusion_0296.jpg
2026-09-11,01:46:24,3,3,bus,INTRUSION,CROSSED_RESTRICTED_ZONE,0.9594,307,222,C:\Users\sharm\CCTV-YOLO\IBVAP\backend\logs\snapshots\intrusion_0015.jpg
2026-09-11,01:46:25,3,3,bus,INTRUSION,CROSSED_RESTRICTED_ZONE,0.9023,384,227,C:\Users\sharm\CCTV-YOLO\IBVAP\backend\logs\snapshots\intrusion_0297.jpg
2026-09-11,01:46:25,3,3,bus,INTRUSION,CROSSED_RESTRICTED_ZONE,0.9598,307,222,C:\Users\sharm\CCTV-YOLO\IBVAP\backend\logs\snapshots\intrusion_0016.jpg
2026-09-11,01:46:25,3,3,bus,INTRUSION,CROSSED_RESTRICTED_ZONE,0.9616,307,222,C:\Users\sharm\CCTV-YOLO\IBVAP\backend\logs\snapshots\intrusion_0017.jpg
2026-09-11,01:46:25,3,3,bus,INTRUSION,CROSSED_RESTRICTED_ZONE,0.8966,384,228,C:\Users\sharm\CCTV-YOLO\IBVAP\backend\logs\snapshots\intrusion_0298.jpg
2026-09-11,01:46:26,1,1,person,SUSPICIOUS_ACTIVITY,ERRATIC MOVEMENT | RAPID MOVEMENT,1.0000,207,336,C:\Users\sharm\CCTV-YOLO\IBVAP\backend\logs\snapshots\suspicious_0002.jpg
2026-09-11,01:46:26,3,3,bus,INTRUSION,CROSSED_RESTRICTED_ZONE,0.8901,385,228,C:\Users\sharm\CCTV-YOLO\IBVAP\backend\logs\snapshots\intrusion_0299.jpg
2026-09-11,01:46:26,3,3,bus,INTRUSION,CROSSED_RESTRICTED_ZONE,0.9615,307,222,C:\Users\sharm\CCTV-YOLO\IBVAP\backend\logs\snapshots\intrusion_0018.jpg
2026-09-11,01:46:26,99,6,person,INTRUSION,CROSSED_RESTRICTED_ZONE,0.8992,207,334,C:\Users\sharm\CCTV-YOLO\IBVAP\backend\logs\snapshots\intrusion_0300.jpg
2026-09-11,01:46:27,3,3,bus,INTRUSION,CROSSED_RESTRICTED_ZONE,0.9609,307,222,C:\Users\sharm\CCTV-YOLO\IBVAP\backend\logs\snapshots\intrusion_0019.jpg
2026-09-11,01:46:27,3,3,bus,INTRUSION,CROSSED_RESTRICTED_ZONE,0.8729,385,228,C:\Users\sharm\CCTV-YOLO\IBVAP\backend\logs\snapshots\intrusion_0301.jpg
2026-09-11,01:46:27,3,3,bus,INTRUSION,CROSSED_RESTRICTED_ZONE,0.9597,307,222,C:\Users\sharm\CCTV-YOLO\IBVAP\backend\logs\snapshots\intrusion_0020.jpg
2026-09-11,01:46:28,3,3,bus,INTRUSION,CROSSED_RESTRICTED_ZONE,0.8891,385,228,C:\Users\sharm\CCTV-YOLO\IBVAP\backend\logs\snapshots\intrusion_0302.jpg
2026-09-11,01:46:28,3,3,bus,INTRUSION,CROSSED_RESTRICTED_ZONE,0.9599,307,222,C:\Users\sharm\CCTV-YOLO\IBVAP\backend\logs\snapshots\intrusion_0021.jpg
2026-09-11,01:46:28,99,6,person,INTRUSION,CROSSED_RESTRICTED_ZONE,0.9142,217,335,C:\Users\sharm\CCTV-YOLO\IBVAP\backend\logs\snapshots\intrusion_0303.jpg
2026-09-11,01:46:29,3,3,bus,INTRUSION,CROSSED_RESTRICTED_ZONE,0.9590,306,223,C:\Users\sharm\CCTV-YOLO\IBVAP\backend\logs\snapshots\intrusion_0022.jpg
2026-09-11,01:46:29,3,3,bus,INTRUSION,CROSSED_RESTRICTED_ZONE,0.8930,385,228,C:\Users\sharm\CCTV-YOLO\IBVAP\backend\logs\snapshots\intrusion_0304.jpg
2026-09-11,01:46:29,3,3,bus,INTRUSION,CROSSED_RESTRICTED_ZONE,0.9569,306,223,C:\Users\sharm\CCTV-YOLO\IBVAP\backend\logs\snapshots\intrusion_0023.jpg
2026-09-11,01:46:30,99,6,person,SUSPICIOUS_ACTIVITY,ERRATIC MOVEMENT | LOITERING,1.0000,227,335,C:\Users\sharm\CCTV-YOLO\IBVAP\backend\logs\snapshots\suspicious_0038.jpg
2026-09-11,01:46:30,3,3,bus,INTRUSION,CROSSED_RESTRICTED_ZONE,0.8921,386,228,C:\Users\sharm\CCTV-YOLO\IBVAP\backend\logs\snapshots\intrusion_0305.jpg
2026-09-11,01:46:30,3,3,bus,INTRUSION,CROSSED_RESTRICTED_ZONE,0.9567,306,223,C:\Users\sharm\CCTV-YOLO\IBVAP\backend\logs\snapshots\intrusion_0024.jpg
2026-09-11,01:46:31,3,3,bus,INTRUSION,CROSSED_RESTRICTED_ZONE,0.9038,386,227,C:\Users\sharm\CCTV-YOLO\IBVAP\backend\logs\snapshots\intrusion_0306.jpg
2026-09-11,01:46:31,1,1,person,INTRUSION,CROSSED_RESTRICTED_ZONE,0.8919,198,237,C:\Users\sharm\CCTV-YOLO\IBVAP\backend\logs\snapshots\intrusion_0025.jpg
2026-09-11,01:46:31,3,3,bus,INTRUSION,CROSSED_RESTRICTED_ZONE,0.9578,307,223,C:\Users\sharm\CCTV-YOLO\IBVAP\backend\logs\snapshots\intrusion_0026.jpg
2026-09-11,01:46:31,3,3,bus,INTRUSION,CROSSED_RESTRICTED_ZONE,0.8971,386,228,C:\Users\sharm\CCTV-YOLO\IBVAP\backend\logs\snapshots\intrusion_0307.jpg
2026-09-11,01:46:32,1,1,person,INTRUSION,CROSSED_RESTRICTED_ZONE,0.8858,198,237,C:\Users\sharm\CCTV-YOLO\IBVAP\backend\logs\snapshots\intrusion_0027.jpg
2026-09-11,01:46:32,3,3,bus,INTRUSION,CROSSED_RESTRICTED_ZONE,0.9043,386,228,C:\Users\sharm\CCTV-YOLO\IBVAP\backend\logs\snapshots\intrusion_0308.jpg
2026-09-11,01:46:32,3,3,bus,INTRUSION,CROSSED_RESTRICTED_ZONE,0.9577,307,223,C:\Users\sharm\CCTV-YOLO\IBVAP\backend\logs\snapshots\intrusion_0028.jpg
2026-09-11,01:46:33,3,3,bus,INTRUSION,CROSSED_RESTRICTED_ZONE,0.8920,386,227,C:\Users\sharm\CCTV-YOLO\IBVAP\backend\logs\snapshots\intrusion_0309.jpg
2026-09-11,01:46:33,1,1,person,INTRUSION,CROSSED_RESTRICTED_ZONE,0.8618,162,241,C:\Users\sharm\CCTV-YOLO\IBVAP\backend\logs\snapshots\intrusion_0029.jpg
2026-09-11,01:46:33,3,3,bus,INTRUSION,CROSSED_RESTRICTED_ZONE,0.8829,386,227,C:\Users\sharm\CCTV-YOLO\IBVAP\backend\logs\snapshots\intrusion_0310.jpg
2026-09-11,01:46:34,3,3,bus,INTRUSION,CROSSED_RESTRICTED_ZONE,0.9579,307,223,C:\Users\sharm\CCTV-YOLO\IBVAP\backend\logs\snapshots\intrusion_0030.jpg
2026-09-11,01:46:34,3,3,bus,INTRUSION,CROSSED_RESTRICTED_ZONE,0.8868,386,226,C:\Users\sharm\CCTV-YOLO\IBVAP\backend\logs\snapshots\intrusion_0311.jpg
2026-09-11,01:46:35,1,1,person,INTRUSION,CROSSED_RESTRICTED_ZONE,0.8924,140,240,C:\Users\sharm\CCTV-YOLO\IBVAP\backend\logs\snapshots\intrusion_0031.jpg
2026-09-11,01:46:35,3,3,bus,INTRUSION,CROSSED_RESTRICTED_ZONE,0.9055,386,226,C:\Users\sharm\CCTV-YOLO\IBVAP\backend\logs\snapshots\intrusion_0312.jpg
2026-09-11,01:46:35,3,3,bus,INTRUSION,CROSSED_RESTRICTED_ZONE,0.9591,307,224,C:\Users\sharm\CCTV-YOLO\IBVAP\backend\logs\snapshots\intrusion_0032.jpg
2026-09-11,01:46:35,3,3,bus,INTRUSION,CROSSED_RESTRICTED_ZONE,0.9130,386,226,C:\Users\sharm\CCTV-YOLO\IBVAP\backend\logs\snapshots\intrusion_0313.jpg
2026-09-11,01:46:36,1,1,person,INTRUSION,CROSSED_RESTRICTED_ZONE,0.8873,140,240,C:\Users\sharm\CCTV-YOLO\IBVAP\backend\logs\snapshots\intrusion_0033.jpg
2026-09-11,01:46:36,3,3,bus,INTRUSION,CROSSED_RESTRICTED_ZONE,0.9188,386,227,C:\Users\sharm\CCTV-YOLO\IBVAP\backend\logs\snapshots\intrusion_0314.jpg
2026-09-11,01:46:36,3,3,bus,INTRUSION,CROSSED_RESTRICTED_ZONE,0.9585,307,223,C:\Users\sharm\CCTV-YOLO\IBVAP\backend\logs\snapshots\intrusion_0034.jpg
2026-09-11,01:46:37,3,3,bus,INTRUSION,CROSSED_RESTRICTED_ZONE,0.9137,386,227,C:\Users\sharm\CCTV-YOLO\IBVAP\backend\logs\snapshots\intrusion_0315.jpg
2026-09-11,01:46:37,1,1,person,SUSPICIOUS_ACTIVITY,ERRATIC MOVEMENT | RAPID MOVEMENT,1.0000,234,340,C:\Users\sharm\CCTV-YOLO\IBVAP\backend\logs\snapshots\suspicious_0003.jpg
2026-09-11,01:46:37,1,1,person,INTRUSION,CROSSED_RESTRICTED_ZONE,0.9013,163,242,C:\Users\sharm\CCTV-YOLO\IBVAP\backend\logs\snapshots\intrusion_0035.jpg
2026-09-11,01:46:37,3,3,bus,INTRUSION,CROSSED_RESTRICTED_ZONE,0.9575,307,223,C:\Users\sharm\CCTV-YOLO\IBVAP\backend\logs\snapshots\intrusion_0036.jpg
2026-09-11,01:46:37,3,3,bus,INTRUSION,CROSSED_RESTRICTED_ZONE,0.9165,387,227,C:\Users\sharm\CCTV-YOLO\IBVAP\backend\logs\snapshots\intrusion_0316.jpg
2026-09-11,01:46:38,1,1,person,INTRUSION,CROSSED_RESTRICTED_ZONE,0.9083,140,240,C:\Users\sharm\CCTV-YOLO\IBVAP\backend\logs\snapshots\intrusion_0037.jpg
2026-09-11,01:46:38,13,4,person,SUSPICIOUS_ACTIVITY,ERRATIC MOVEMENT | LOITERING | RAPID MOVEMENT,1.0000,208,246,C:\Users\sharm\CCTV-YOLO\IBVAP\backend\logs\snapshots\suspicious_0039.jpg
2026-09-11,01:46:38,3,3,bus,INTRUSION,CROSSED_RESTRICTED_ZONE,0.9209,387,228,C:\Users\sharm\CCTV-YOLO\IBVAP\backend\logs\snapshots\intrusion_0317.jpg
2026-09-11,01:46:39,3,3,bus,INTRUSION,CROSSED_RESTRICTED_ZONE,0.9593,307,223,C:\Users\sharm\CCTV-YOLO\IBVAP\backend\logs\snapshots\intrusion_0038.jpg
2026-09-11,01:46:39,3,3,bus,INTRUSION,CROSSED_RESTRICTED_ZONE,0.9236,387,228,C:\Users\sharm\CCTV-YOLO\IBVAP\backend\logs\snapshots\intrusion_0318.jpg
2026-09-11,01:46:39,1,1,person,INTRUSION,CROSSED_RESTRICTED_ZONE,0.8943,141,241,C:\Users\sharm\CCTV-YOLO\IBVAP\backend\logs\snapshots\intrusion_0039.jpg
2026-09-11,01:46:39,3,3,bus,INTRUSION,CROSSED_RESTRICTED_ZONE,0.9226,387,228,C:\Users\sharm\CCTV-YOLO\IBVAP\backend\logs\snapshots\intrusion_0319.jpg
2026-09-11,01:46:40,3,3,bus,INTRUSION,CROSSED_RESTRICTED_ZONE,0.9594,306,224,C:\Users\sharm\CCTV-YOLO\IBVAP\backend\logs\snapshots\intrusion_0040.jpg
2026-09-11,01:46:40,99,6,person,SUSPICIOUS_ACTIVITY,ERRATIC MOVEMENT | LOITERING,1.0000,277,334,C:\Users\sharm\CCTV-YOLO\IBVAP\backend\logs\snapshots\suspicious_0040.jpg
2026-09-11,01:46:40,3,3,bus,INTRUSION,CROSSED_RESTRICTED_ZONE,0.9257,387,227,C:\Users\sharm\CCTV-YOLO\IBVAP\backend\logs\snapshots\intrusion_0320.jpg
2026-09-11,01:46:41,1,1,person,INTRUSION,CROSSED_RESTRICTED_ZONE,0.8896,141,241,C:\Users\sharm\CCTV-YOLO\IBVAP\backend\logs\snapshots\intrusion_0041.jpg
2026-09-11,01:46:41,3,3,bus,INTRUSION,CROSSED_RESTRICTED_ZONE,0.9174,387,228,C:\Users\sharm\CCTV-YOLO\IBVAP\backend\logs\snapshots\intrusion_0321.jpg
2026-09-11,01:46:41,3,3,bus,INTRUSION,CROSSED_RESTRICTED_ZONE,0.9583,306,223,C:\Users\sharm\CCTV-YOLO\IBVAP\backend\logs\snapshots\intrusion_0042.jpg
2026-09-11,01:46:42,3,3,bus,INTRUSION,CROSSED_RESTRICTED_ZONE,0.9258,387,228,C:\Users\sharm\CCTV-YOLO\IBVAP\backend\logs\snapshots\intrusion_0322.jpg
2026-09-11,01:46:42,1,1,person,INTRUSION,CROSSED_RESTRICTED_ZONE,0.9172,162,239,C:\Users\sharm\CCTV-YOLO\IBVAP\backend\logs\snapshots\intrusion_0043.jpg
2026-09-11,01:46:42,3,3,bus,INTRUSION,CROSSED_RESTRICTED_ZONE,0.9235,387,228,C:\Users\sharm\CCTV-YOLO\IBVAP\backend\logs\snapshots\intrusion_0323.jpg
2026-09-11,01:46:42,3,3,bus,INTRUSION,CROSSED_RESTRICTED_ZONE,0.9573,305,223,C:\Users\sharm\CCTV-YOLO\IBVAP\backend\logs\snapshots\intrusion_0044.jpg
2026-09-11,01:46:43,3,3,bus,INTRUSION,CROSSED_RESTRICTED_ZONE,0.9207,388,228,C:\Users\sharm\CCTV-YOLO\IBVAP\backend\logs\snapshots\intrusion_0324.jpg
2026-09-11,01:46:43,1,1,person,INTRUSION,CROSSED_RESTRICTED_ZONE,0.8861,162,239,C:\Users\sharm\CCTV-YOLO\IBVAP\backend\logs\snapshots\intrusion_0045.jpg
2026-09-11,01:46:44,3,3,bus,INTRUSION,CROSSED_RESTRICTED_ZONE,0.9194,388,228,C:\Users\sharm\CCTV-YOLO\IBVAP\backend\logs\snapshots\intrusion_0325.jpg
2026-09-11,01:46:44,3,3,bus,INTRUSION,CROSSED_RESTRICTED_ZONE,0.9574,306,221,C:\Users\sharm\CCTV-YOLO\IBVAP\backend\logs\snapshots\intrusion_0046.jpg
2026-09-11,01:46:44,3,3,bus,INTRUSION,CROSSED_RESTRICTED_ZONE,0.9258,387,228,C:\Users\sharm\CCTV-YOLO\IBVAP\backend\logs\snapshots\intrusion_0326.jpg
2026-09-11,01:46:44,1,1,person,INTRUSION,CROSSED_RESTRICTED_ZONE,0.9069,162,239,C:\Users\sharm\CCTV-YOLO\IBVAP\backend\logs\snapshots\intrusion_0047.jpg
2026-09-11,01:46:45,3,3,bus,INTRUSION,CROSSED_RESTRICTED_ZONE,0.9132,388,227,C:\Users\sharm\CCTV-YOLO\IBVAP\backend\logs\snapshots\intrusion_0327.jpg
2026-09-11,01:46:45,3,3,bus,INTRUSION,CROSSED_RESTRICTED_ZONE,0.9581,306,221,C:\Users\sharm\CCTV-YOLO\IBVAP\backend\logs\snapshots\intrusion_0048.jpg
2026-09-11,01:46:46,3,3,bus,INTRUSION,CROSSED_RESTRICTED_ZONE,0.9060,388,226,C:\Users\sharm\CCTV-YOLO\IBVAP\backend\logs\snapshots\intrusion_0328.jpg
2026-09-11,01:46:46,1,1,person,INTRUSION,CROSSED_RESTRICTED_ZONE,0.8134,162,239,C:\Users\sharm\CCTV-YOLO\IBVAP\backend\logs\snapshots\intrusion_0049.jpg
2026-09-11,01:46:46,3,3,bus,INTRUSION,CROSSED_RESTRICTED_ZONE,0.9565,306,220,C:\Users\sharm\CCTV-YOLO\IBVAP\backend\logs\snapshots\intrusion_0050.jpg
2026-09-11,01:46:46,3,3,bus,INTRUSION,CROSSED_RESTRICTED_ZONE,0.9047,388,226,C:\Users\sharm\CCTV-YOLO\IBVAP\backend\logs\snapshots\intrusion_0329.jpg
2026-09-11,01:46:47,1,1,person,INTRUSION,CROSSED_RESTRICTED_ZONE,0.8169,162,239,C:\Users\sharm\CCTV-YOLO\IBVAP\backend\logs\snapshots\intrusion_0051.jpg
2026-09-11,01:46:47,3,3,bus,INTRUSION,CROSSED_RESTRICTED_ZONE,0.9159,388,225,C:\Users\sharm\CCTV-YOLO\IBVAP\backend\logs\snapshots\intrusion_0330.jpg
2026-09-11,01:46:47,3,3,bus,INTRUSION,CROSSED_RESTRICTED_ZONE,0.9571,307,220,C:\Users\sharm\CCTV-YOLO\IBVAP\backend\logs\snapshots\intrusion_0052.jpg
2026-09-11,01:46:48,3,3,bus,INTRUSION,CROSSED_RESTRICTED_ZONE,0.9176,388,225,C:\Users\sharm\CCTV-YOLO\IBVAP\backend\logs\snapshots\intrusion_0331.jpg
2026-09-11,01:46:48,1,1,person,SUSPICIOUS_ACTIVITY,ERRATIC MOVEMENT | RAPID MOVEMENT,1.0000,277,345,C:\Users\sharm\CCTV-YOLO\IBVAP\backend\logs\snapshots\suspicious_0004.jpg
2026-09-11,01:46:48,1,1,person,INTRUSION,CROSSED_RESTRICTED_ZONE,0.2754,162,239,C:\Users\sharm\CCTV-YOLO\IBVAP\backend\logs\snapshots\intrusion_0053.jpg
2026-09-11,01:46:48,13,4,person,SUSPICIOUS_ACTIVITY,ERRATIC MOVEMENT | LOITERING,1.0000,205,243,C:\Users\sharm\CCTV-YOLO\IBVAP\backend\logs\snapshots\suspicious_0041.jpg
2026-09-11,01:46:48,21,1,person,SUSPICIOUS_ACTIVITY,ERRATIC MOVEMENT,1.0000,231,247,C:\Users\sharm\CCTV-YOLO\IBVAP\backend\logs\snapshots\suspicious_0042.jpg
2026-09-11,01:46:48,3,3,bus,INTRUSION,CROSSED_RESTRICTED_ZONE,0.9244,388,225,C:\Users\sharm\CCTV-YOLO\IBVAP\backend\logs\snapshots\intrusion_0332.jpg
2026-09-11,01:46:49,1,1,person,INTRUSION,CROSSED_RESTRICTED_ZONE,0.8757,162,239,C:\Users\sharm\CCTV-YOLO\IBVAP\backend\logs\snapshots\intrusion_0054.jpg
2026-09-11,01:46:49,3,3,bus,INTRUSION,CROSSED_RESTRICTED_ZONE,0.9163,388,225,C:\Users\sharm\CCTV-YOLO\IBVAP\backend\logs\snapshots\intrusion_0333.jpg
2026-09-11,01:46:49,1,1,person,INTRUSION,CROSSED_RESTRICTED_ZONE,0.8556,162,239,C:\Users\sharm\CCTV-YOLO\IBVAP\backend\logs\snapshots\intrusion_0055.jpg
2026-09-11,01:46:50,3,3,bus,INTRUSION,CROSSED_RESTRICTED_ZONE,0.9173,388,225,C:\Users\sharm\CCTV-YOLO\IBVAP\backend\logs\snapshots\intrusion_0334.jpg
2026-09-11,01:46:50,1,1,person,INTRUSION,CROSSED_RESTRICTED_ZONE,0.7353,163,239,C:\Users\sharm\CCTV-YOLO\IBVAP\backend\logs\snapshots\intrusion_0056.jpg
2026-09-11,01:46:50,99,6,person,SUSPICIOUS_ACTIVITY,ERRATIC MOVEMENT | LOITERING,1.0000,279,334,C:\Users\sharm\CCTV-YOLO\IBVAP\backend\logs\snapshots\suspicious_0043.jpg
2026-09-11,01:46:50,3,3,bus,INTRUSION,CROSSED_RESTRICTED_ZONE,0.9153,389,225,C:\Users\sharm\CCTV-YOLO\IBVAP\backend\logs\snapshots\intrusion_0335.jpg
2026-09-11,01:46:51,1,1,person,INTRUSION,CROSSED_RESTRICTED_ZONE,0.8694,163,238,C:\Users\sharm\CCTV-YOLO\IBVAP\backend\logs\snapshots\intrusion_0057.jpg
2026-09-11,01:46:51,3,3,bus,INTRUSION,CROSSED_RESTRICTED_ZONE,0.9008,389,224,C:\Users\sharm\CCTV-YOLO\IBVAP\backend\logs\snapshots\intrusion_0336.jpg
2026-09-11,01:46:51,1,1,person,INTRUSION,CROSSED_RESTRICTED_ZONE,0.8652,163,238,C:\Users\sharm\CCTV-YOLO\IBVAP\backend\logs\snapshots\intrusion_0058.jpg
2026-09-11,01:46:52,3,3,bus,INTRUSION,CROSSED_RESTRICTED_ZONE,0.9062,389,224,C:\Users\sharm\CCTV-YOLO\IBVAP\backend\logs\snapshots\intrusion_0337.jpg
2026-09-11,01:46:52,1,1,person,INTRUSION,CROSSED_RESTRICTED_ZONE,0.8441,163,238,C:\Users\sharm\CCTV-YOLO\IBVAP\backend\logs\snapshots\intrusion_0059.jpg
2026-09-11,01:46:53,3,3,bus,INTRUSION,CROSSED_RESTRICTED_ZONE,0.9139,389,224,C:\Users\sharm\CCTV-YOLO\IBVAP\backend\logs\snapshots\intrusion_0338.jpg
2026-09-11,01:46:53,1,1,person,INTRUSION,CROSSED_RESTRICTED_ZONE,0.8439,163,238,C:\Users\sharm\CCTV-YOLO\IBVAP\backend\logs\snapshots\intrusion_0060.jpg
2026-09-11,01:46:53,3,3,bus,INTRUSION,CROSSED_RESTRICTED_ZONE,0.9209,389,224,C:\Users\sharm\CCTV-YOLO\IBVAP\backend\logs\snapshots\intrusion_0339.jpg
2026-09-11,01:46:53,1,1,person,INTRUSION,CROSSED_RESTRICTED_ZONE,0.8434,163,238,C:\Users\sharm\CCTV-YOLO\IBVAP\backend\logs\snapshots\intrusion_0061.jpg
2026-09-11,01:46:54,3,3,bus,INTRUSION,CROSSED_RESTRICTED_ZONE,0.9141,389,225,C:\Users\sharm\CCTV-YOLO\IBVAP\backend\logs\snapshots\intrusion_0340.jpg
2026-09-11,01:46:54,1,1,person,INTRUSION,CROSSED_RESTRICTED_ZONE,0.8550,163,238,C:\Users\sharm\CCTV-YOLO\IBVAP\backend\logs\snapshots\intrusion_0062.jpg
2026-09-11,01:46:55,3,3,bus,INTRUSION,CROSSED_RESTRICTED_ZONE,0.9148,389,225,C:\Users\sharm\CCTV-YOLO\IBVAP\backend\logs\snapshots\intrusion_0341.jpg
2026-09-11,01:46:55,1,1,person,INTRUSION,CROSSED_RESTRICTED_ZONE,0.8559,163,237,C:\Users\sharm\CCTV-YOLO\IBVAP\backend\logs\snapshots\intrusion_0063.jpg
2026-09-11,01:46:55,3,3,bus,INTRUSION,CROSSED_RESTRICTED_ZONE,0.9201,389,226,C:\Users\sharm\CCTV-YOLO\IBVAP\backend\logs\snapshots\intrusion_0342.jpg
2026-09-11,01:46:55,1,1,person,INTRUSION,CROSSED_RESTRICTED_ZONE,0.8677,163,237,C:\Users\sharm\CCTV-YOLO\IBVAP\backend\logs\snapshots\intrusion_0064.jpg
2026-09-11,01:46:56,3,3,bus,INTRUSION,CROSSED_RESTRICTED_ZONE,0.9150,390,227,C:\Users\sharm\CCTV-YOLO\IBVAP\backend\logs\snapshots\intrusion_0343.jpg
2026-09-11,01:46:56,1,1,person,INTRUSION,CROSSED_RESTRICTED_ZONE,0.8768,163,237,C:\Users\sharm\CCTV-YOLO\IBVAP\backend\logs\snapshots\intrusion_0065.jpg
2026-09-11,01:46:57,3,3,bus,INTRUSION,CROSSED_RESTRICTED_ZONE,0.9241,390,227,C:\Users\sharm\CCTV-YOLO\IBVAP\backend\logs\snapshots\intrusion_0344.jpg
2026-09-11,01:46:57,1,1,person,INTRUSION,CROSSED_RESTRICTED_ZONE,0.8875,163,237,C:\Users\sharm\CCTV-YOLO\IBVAP\backend\logs\snapshots\intrusion_0066.jpg
2026-09-11,01:46:57,3,3,bus,INTRUSION,CROSSED_RESTRICTED_ZONE,0.9234,390,227,C:\Users\sharm\CCTV-YOLO\IBVAP\backend\logs\snapshots\intrusion_0345.jpg
2026-09-11,01:46:57,1,1,person,INTRUSION,CROSSED_RESTRICTED_ZONE,0.8848,163,236,C:\Users\sharm\CCTV-YOLO\IBVAP\backend\logs\snapshots\intrusion_0067.jpg
2026-09-11,01:46:58,3,3,bus,INTRUSION,CROSSED_RESTRICTED_ZONE,0.9226,390,227,C:\Users\sharm\CCTV-YOLO\IBVAP\backend\logs\snapshots\intrusion_0346.jpg
2026-09-11,01:46:58,1,1,person,SUSPICIOUS_ACTIVITY,ERRATIC MOVEMENT | RAPID MOVEMENT,1.0000,354,280,C:\Users\sharm\CCTV-YOLO\IBVAP\backend\logs\snapshots\suspicious_0005.jpg
2026-09-11,01:46:58,1,1,person,INTRUSION,CROSSED_RESTRICTED_ZONE,0.8862,163,236,C:\Users\sharm\CCTV-YOLO\IBVAP\backend\logs\snapshots\intrusion_0068.jpg
2026-09-11,01:46:59,13,4,person,SUSPICIOUS_ACTIVITY,ERRATIC MOVEMENT | LOITERING,1.0000,200,243,C:\Users\sharm\CCTV-YOLO\IBVAP\backend\logs\snapshots\suspicious_0044.jpg
2026-09-11,01:46:59,1,1,person,INTRUSION,CROSSED_RESTRICTED_ZONE,0.8847,163,236,C:\Users\sharm\CCTV-YOLO\IBVAP\backend\logs\snapshots\intrusion_0069.jpg
2026-09-11,01:46:59,21,1,person,SUSPICIOUS_ACTIVITY,ERRATIC MOVEMENT,1.0000,229,244,C:\Users\sharm\CCTV-YOLO\IBVAP\backend\logs\snapshots\suspicious_0045.jpg
2026-09-11,01:46:59,3,3,bus,INTRUSION,CROSSED_RESTRICTED_ZONE,0.9203,390,226,C:\Users\sharm\CCTV-YOLO\IBVAP\backend\logs\snapshots\intrusion_0347.jpg
2026-09-11,01:47:00,1,1,person,INTRUSION,CROSSED_RESTRICTED_ZONE,0.8824,163,236,C:\Users\sharm\CCTV-YOLO\IBVAP\backend\logs\snapshots\intrusion_0070.jpg
2026-09-11,01:47:00,167,8,person,SUSPICIOUS_ACTIVITY,LOITERING,0.4167,14,385,C:\Users\sharm\CCTV-YOLO\IBVAP\backend\logs\snapshots\suspicious_0046.jpg
2026-09-11,01:47:00,3,3,bus,INTRUSION,CROSSED_RESTRICTED_ZONE,0.9251,390,226,C:\Users\sharm\CCTV-YOLO\IBVAP\backend\logs\snapshots\intrusion_0348.jpg
2026-09-11,01:47:00,1,1,person,INTRUSION,CROSSED_RESTRICTED_ZONE,0.8760,163,236,C:\Users\sharm\CCTV-YOLO\IBVAP\backend\logs\snapshots\intrusion_0071.jpg
2026-09-11,01:47:00,3,3,bus,INTRUSION,CROSSED_RESTRICTED_ZONE,0.9164,390,226,C:\Users\sharm\CCTV-YOLO\IBVAP\backend\logs\snapshots\intrusion_0349.jpg
2026-09-11,01:47:01,1,1,person,INTRUSION,CROSSED_RESTRICTED_ZONE,0.8561,163,235,C:\Users\sharm\CCTV-YOLO\IBVAP\backend\logs\snapshots\intrusion_0072.jpg
2026-09-11,01:47:01,99,6,person,SUSPICIOUS_ACTIVITY,ERRATIC MOVEMENT | LOITERING,1.0000,274,334,C:\Users\sharm\CCTV-YOLO\IBVAP\backend\logs\snapshots\suspicious_0047.jpg
2026-09-11,01:47:01,3,3,bus,INTRUSION,CROSSED_RESTRICTED_ZONE,0.9060,391,228,C:\Users\sharm\CCTV-YOLO\IBVAP\backend\logs\snapshots\intrusion_0350.jpg
2026-09-11,01:47:02,1,1,person,INTRUSION,CROSSED_RESTRICTED_ZONE,0.8592,163,235,C:\Users\sharm\CCTV-YOLO\IBVAP\backend\logs\snapshots\intrusion_0073.jpg
2026-09-11,01:47:02,3,3,bus,INTRUSION,CROSSED_RESTRICTED_ZONE,0.9052,391,228,C:\Users\sharm\CCTV-YOLO\IBVAP\backend\logs\snapshots\intrusion_0351.jpg
2026-09-11,01:47:02,1,1,person,INTRUSION,CROSSED_RESTRICTED_ZONE,0.8577,163,235,C:\Users\sharm\CCTV-YOLO\IBVAP\backend\logs\snapshots\intrusion_0074.jpg
2026-09-11,01:47:02,3,3,bus,INTRUSION,CROSSED_RESTRICTED_ZONE,0.9145,387,229,C:\Users\sharm\CCTV-YOLO\IBVAP\backend\logs\snapshots\intrusion_0352.jpg
2026-09-11,01:47:03,1,1,person,INTRUSION,CROSSED_RESTRICTED_ZONE,0.8227,163,235,C:\Users\sharm\CCTV-YOLO\IBVAP\backend\logs\snapshots\intrusion_0075.jpg
2026-09-11,01:47:03,3,3,bus,INTRUSION,CROSSED_RESTRICTED_ZONE,0.9104,386,229,C:\Users\sharm\CCTV-YOLO\IBVAP\backend\logs\snapshots\intrusion_0353.jpg
2026-09-11,01:47:04,1,1,person,INTRUSION,CROSSED_RESTRICTED_ZONE,0.8700,163,235,C:\Users\sharm\CCTV-YOLO\IBVAP\backend\logs\snapshots\intrusion_0076.jpg
2026-09-11,01:47:05,1,1,person,INTRUSION,CROSSED_RESTRICTED_ZONE,0.8695,163,235,C:\Users\sharm\CCTV-YOLO\IBVAP\backend\logs\snapshots\intrusion_0077.jpg
2026-09-11,01:47:05,1,1,person,INTRUSION,CROSSED_RESTRICTED_ZONE,0.8836,163,235,C:\Users\sharm\CCTV-YOLO\IBVAP\backend\logs\snapshots\intrusion_0078.jpg
2026-09-11,01:47:06,1,1,person,INTRUSION,CROSSED_RESTRICTED_ZONE,0.8843,164,235,C:\Users\sharm\CCTV-YOLO\IBVAP\backend\logs\snapshots\intrusion_0079.jpg
2026-09-11,01:47:06,1,1,person,INTRUSION,CROSSED_RESTRICTED_ZONE,0.8868,164,234,C:\Users\sharm\CCTV-YOLO\IBVAP\backend\logs\snapshots\intrusion_0080.jpg
2026-09-11,01:47:07,1,1,person,INTRUSION,CROSSED_RESTRICTED_ZONE,0.8931,164,234,C:\Users\sharm\CCTV-YOLO\IBVAP\backend\logs\snapshots\intrusion_0081.jpg
2026-09-11,01:47:08,1,1,person,INTRUSION,CROSSED_RESTRICTED_ZONE,0.8877,164,234,C:\Users\sharm\CCTV-YOLO\IBVAP\backend\logs\snapshots\intrusion_0082.jpg
2026-09-11,01:47:09,1,1,person,SUSPICIOUS_ACTIVITY,ERRATIC MOVEMENT | RAPID MOVEMENT,1.0000,381,277,C:\Users\sharm\CCTV-YOLO\IBVAP\backend\logs\snapshots\suspicious_0006.jpg
2026-09-11,01:47:09,1,1,person,INTRUSION,CROSSED_RESTRICTED_ZONE,0.8879,164,233,C:\Users\sharm\CCTV-YOLO\IBVAP\backend\logs\snapshots\intrusion_0083.jpg
2026-09-11,01:47:09,1,1,person,INTRUSION,CROSSED_RESTRICTED_ZONE,0.6026,165,233,C:\Users\sharm\CCTV-YOLO\IBVAP\backend\logs\snapshots\intrusion_0084.jpg
2026-09-11,01:47:10,1,1,person,INTRUSION,CROSSED_RESTRICTED_ZONE,0.8821,165,233,C:\Users\sharm\CCTV-YOLO\IBVAP\backend\logs\snapshots\intrusion_0085.jpg
2026-09-11,01:47:11,1,1,person,INTRUSION,CROSSED_RESTRICTED_ZONE,0.8824,165,233,C:\Users\sharm\CCTV-YOLO\IBVAP\backend\logs\snapshots\intrusion_0086.jpg
2026-09-11,01:47:11,3,3,bus,INTRUSION,CROSSED_RESTRICTED_ZONE,0.9488,307,219,C:\Users\sharm\CCTV-YOLO\IBVAP\backend\logs\snapshots\intrusion_0087.jpg
2026-09-11,01:47:12,1,1,person,INTRUSION,CROSSED_RESTRICTED_ZONE,0.8818,165,233,C:\Users\sharm\CCTV-YOLO\IBVAP\backend\logs\snapshots\intrusion_0088.jpg
2026-09-11,01:47:12,3,3,bus,INTRUSION,CROSSED_RESTRICTED_ZONE,0.9494,307,218,C:\Users\sharm\CCTV-YOLO\IBVAP\backend\logs\snapshots\intrusion_0089.jpg
2026-09-11,01:47:13,1,1,person,INTRUSION,CROSSED_RESTRICTED_ZONE,0.8840,165,233,C:\Users\sharm\CCTV-YOLO\IBVAP\backend\logs\snapshots\intrusion_0090.jpg
2026-09-11,01:47:14,3,3,bus,INTRUSION,CROSSED_RESTRICTED_ZONE,0.9479,307,218,C:\Users\sharm\CCTV-YOLO\IBVAP\backend\logs\snapshots\intrusion_0091.jpg
2026-09-11,01:47:14,1,1,person,INTRUSION,CROSSED_RESTRICTED_ZONE,0.8873,165,233,C:\Users\sharm\CCTV-YOLO\IBVAP\backend\logs\snapshots\intrusion_0092.jpg
2026-09-11,01:47:15,3,3,bus,INTRUSION,CROSSED_RESTRICTED_ZONE,0.9468,307,219,C:\Users\sharm\CCTV-YOLO\IBVAP\backend\logs\snapshots\intrusion_0093.jpg
2026-09-11,01:47:16,1,1,person,INTRUSION,CROSSED_RESTRICTED_ZONE,0.8930,165,233,C:\Users\sharm\CCTV-YOLO\IBVAP\backend\logs\snapshots\intrusion_0094.jpg
2026-09-11,01:47:16,3,3,bus,INTRUSION,CROSSED_RESTRICTED_ZONE,0.9482,307,219,C:\Users\sharm\CCTV-YOLO\IBVAP\backend\logs\snapshots\intrusion_0095.jpg
2026-09-11,01:47:17,1,1,person,INTRUSION,CROSSED_RESTRICTED_ZONE,0.8931,165,233,C:\Users\sharm\CCTV-YOLO\IBVAP\backend\logs\snapshots\intrusion_0096.jpg
2026-09-11,01:47:17,3,3,bus,INTRUSION,CROSSED_RESTRICTED_ZONE,0.9488,307,219,C:\Users\sharm\CCTV-YOLO\IBVAP\backend\logs\snapshots\intrusion_0097.jpg
2026-09-11,01:47:18,1,1,person,INTRUSION,CROSSED_RESTRICTED_ZONE,0.8911,165,233,C:\Users\sharm\CCTV-YOLO\IBVAP\backend\logs\snapshots\intrusion_0098.jpg
2026-09-11,01:47:19,3,3,bus,INTRUSION,CROSSED_RESTRICTED_ZONE,0.9474,307,220,C:\Users\sharm\CCTV-YOLO\IBVAP\backend\logs\snapshots\intrusion_0099.jpg
2026-09-11,01:47:19,1,1,person,SUSPICIOUS_ACTIVITY,ERRATIC MOVEMENT | RAPID MOVEMENT,1.0000,380,277,C:\Users\sharm\CCTV-YOLO\IBVAP\backend\logs\snapshots\suspicious_0007.jpg
2026-09-11,01:47:20,1,1,person,INTRUSION,CROSSED_RESTRICTED_ZONE,0.8977,166,233,C:\Users\sharm\CCTV-YOLO\IBVAP\backend\logs\snapshots\intrusion_0100.jpg
2026-09-11,01:47:20,3,3,bus,INTRUSION,CROSSED_RESTRICTED_ZONE,0.9476,307,220,C:\Users\sharm\CCTV-YOLO\IBVAP\backend\logs\snapshots\intrusion_0101.jpg
2026-09-11,01:47:21,1,1,person,INTRUSION,CROSSED_RESTRICTED_ZONE,0.8907,166,233,C:\Users\sharm\CCTV-YOLO\IBVAP\backend\logs\snapshots\intrusion_0102.jpg
2026-09-11,01:47:22,3,3,bus,INTRUSION,CROSSED_RESTRICTED_ZONE,0.9472,307,220,C:\Users\sharm\CCTV-YOLO\IBVAP\backend\logs\snapshots\intrusion_0103.jpg
2026-09-11,01:47:23,1,1,person,INTRUSION,CROSSED_RESTRICTED_ZONE,0.8782,165,233,C:\Users\sharm\CCTV-YOLO\IBVAP\backend\logs\snapshots\intrusion_0104.jpg
2026-09-11,01:47:23,3,3,bus,INTRUSION,CROSSED_RESTRICTED_ZONE,0.9496,307,220,C:\Users\sharm\CCTV-YOLO\IBVAP\backend\logs\snapshots\intrusion_0105.jpg
2026-09-11,01:47:24,1,1,person,INTRUSION,CROSSED_RESTRICTED_ZONE,0.7516,165,232,C:\Users\sharm\CCTV-YOLO\IBVAP\backend\logs\snapshots\intrusion_0106.jpg
2026-09-11,01:47:24,3,3,bus,INTRUSION,CROSSED_RESTRICTED_ZONE,0.9460,307,220,C:\Users\sharm\CCTV-YOLO\IBVAP\backend\logs\snapshots\intrusion_0107.jpg
2026-09-11,01:47:25,1,1,person,INTRUSION,CROSSED_RESTRICTED_ZONE,0.7970,165,232,C:\Users\sharm\CCTV-YOLO\IBVAP\backend\logs\snapshots\intrusion_0108.jpg
2026-09-11,01:47:26,3,3,bus,INTRUSION,CROSSED_RESTRICTED_ZONE,0.9451,307,220,C:\Users\sharm\CCTV-YOLO\IBVAP\backend\logs\snapshots\intrusion_0109.jpg
2026-09-11,01:47:26,1,1,person,INTRUSION,CROSSED_RESTRICTED_ZONE,0.8449,165,233,C:\Users\sharm\CCTV-YOLO\IBVAP\backend\logs\snapshots\intrusion_0110.jpg
2026-09-11,01:47:27,3,3,bus,INTRUSION,CROSSED_RESTRICTED_ZONE,0.9441,307,221,C:\Users\sharm\CCTV-YOLO\IBVAP\backend\logs\snapshots\intrusion_0111.jpg
2026-09-11,01:47:27,1,1,person,INTRUSION,CROSSED_RESTRICTED_ZONE,0.8419,165,232,C:\Users\sharm\CCTV-YOLO\IBVAP\backend\logs\snapshots\intrusion_0112.jpg
2026-09-11,01:47:28,3,3,bus,INTRUSION,CROSSED_RESTRICTED_ZONE,0.9394,307,221,C:\Users\sharm\CCTV-YOLO\IBVAP\backend\logs\snapshots\intrusion_0113.jpg
2026-09-11,01:47:29,1,1,person,INTRUSION,CROSSED_RESTRICTED_ZONE,0.8488,165,232,C:\Users\sharm\CCTV-YOLO\IBVAP\backend\logs\snapshots\intrusion_0114.jpg
2026-09-11,01:47:29,3,3,bus,INTRUSION,CROSSED_RESTRICTED_ZONE,0.9386,308,221,C:\Users\sharm\CCTV-YOLO\IBVAP\backend\logs\snapshots\intrusion_0115.jpg
2026-09-11,01:47:30,1,1,person,SUSPICIOUS_ACTIVITY,ERRATIC MOVEMENT | RAPID MOVEMENT,1.0000,350,281,C:\Users\sharm\CCTV-YOLO\IBVAP\backend\logs\snapshots\suspicious_0008.jpg
2026-09-11,01:47:30,1,1,person,INTRUSION,CROSSED_RESTRICTED_ZONE,0.8502,165,232,C:\Users\sharm\CCTV-YOLO\IBVAP\backend\logs\snapshots\intrusion_0116.jpg
2026-09-11,01:47:30,3,3,bus,INTRUSION,CROSSED_RESTRICTED_ZONE,0.9350,308,221,C:\Users\sharm\CCTV-YOLO\IBVAP\backend\logs\snapshots\intrusion_0117.jpg
2026-09-11,01:47:31,1,1,person,INTRUSION,CROSSED_RESTRICTED_ZONE,0.8435,165,232,C:\Users\sharm\CCTV-YOLO\IBVAP\backend\logs\snapshots\intrusion_0118.jpg
2026-09-11,01:47:32,3,3,bus,INTRUSION,CROSSED_RESTRICTED_ZONE,0.9291,308,221,C:\Users\sharm\CCTV-YOLO\IBVAP\backend\logs\snapshots\intrusion_0119.jpg
2026-09-11,01:47:32,1,1,person,INTRUSION,CROSSED_RESTRICTED_ZONE,0.8383,166,232,C:\Users\sharm\CCTV-YOLO\IBVAP\backend\logs\snapshots\intrusion_0120.jpg
2026-09-11,01:47:33,1,1,person,INTRUSION,CROSSED_RESTRICTED_ZONE,0.8683,166,232,C:\Users\sharm\CCTV-YOLO\IBVAP\backend\logs\snapshots\intrusion_0121.jpg
2026-09-11,01:47:34,1,1,person,INTRUSION,CROSSED_RESTRICTED_ZONE,0.8799,166,232,C:\Users\sharm\CCTV-YOLO\IBVAP\backend\logs\snapshots\intrusion_0122.jpg
2026-09-11,01:47:34,1,1,person,INTRUSION,CROSSED_RESTRICTED_ZONE,0.8767,166,232,C:\Users\sharm\CCTV-YOLO\IBVAP\backend\logs\snapshots\intrusion_0123.jpg
2026-09-11,01:47:35,1,1,person,INTRUSION,CROSSED_RESTRICTED_ZONE,0.8726,166,232,C:\Users\sharm\CCTV-YOLO\IBVAP\backend\logs\snapshots\intrusion_0124.jpg
2026-09-11,01:47:35,1,1,person,INTRUSION,CROSSED_RESTRICTED_ZONE,0.6456,166,232,C:\Users\sharm\CCTV-YOLO\IBVAP\backend\logs\snapshots\intrusion_0125.jpg
2026-09-11,01:47:36,1,1,person,INTRUSION,CROSSED_RESTRICTED_ZONE,0.5370,166,232,C:\Users\sharm\CCTV-YOLO\IBVAP\backend\logs\snapshots\intrusion_0126.jpg
2026-09-11,01:47:37,1,1,person,INTRUSION,CROSSED_RESTRICTED_ZONE,0.2197,166,232,C:\Users\sharm\CCTV-YOLO\IBVAP\backend\logs\snapshots\intrusion_0127.jpg
2026-09-11,01:47:37,1,1,person,INTRUSION,CROSSED_RESTRICTED_ZONE,0.8490,166,232,C:\Users\sharm\CCTV-YOLO\IBVAP\backend\logs\snapshots\intrusion_0128.jpg
2026-09-11,01:47:38,1,1,person,INTRUSION,CROSSED_RESTRICTED_ZONE,0.8750,166,231,C:\Users\sharm\CCTV-YOLO\IBVAP\backend\logs\snapshots\intrusion_0129.jpg
2026-09-11,01:47:39,1,1,person,INTRUSION,CROSSED_RESTRICTED_ZONE,0.7845,167,232,C:\Users\sharm\CCTV-YOLO\IBVAP\backend\logs\snapshots\intrusion_0130.jpg
2026-09-11,01:47:39,1,1,person,INTRUSION,CROSSED_RESTRICTED_ZONE,0.7928,167,232,C:\Users\sharm\CCTV-YOLO\IBVAP\backend\logs\snapshots\intrusion_0131.jpg
2026-09-11,01:47:40,1,1,person,INTRUSION,CROSSED_RESTRICTED_ZONE,0.5646,167,232,C:\Users\sharm\CCTV-YOLO\IBVAP\backend\logs\snapshots\intrusion_0132.jpg
2026-09-11,01:47:40,3,3,bus,INTRUSION,CROSSED_RESTRICTED_ZONE,0.9578,308,219,C:\Users\sharm\CCTV-YOLO\IBVAP\backend\logs\snapshots\intrusion_0133.jpg
2026-09-11,01:47:41,1,1,person,SUSPICIOUS_ACTIVITY,ERRATIC MOVEMENT | RAPID MOVEMENT,1.0000,267,323,C:\Users\sharm\CCTV-YOLO\IBVAP\backend\logs\snapshots\suspicious_0009.jpg
2026-09-11,01:47:41,1,1,person,INTRUSION,CROSSED_RESTRICTED_ZONE,0.4647,167,232,C:\Users\sharm\CCTV-YOLO\IBVAP\backend\logs\snapshots\intrusion_0134.jpg
2026-09-11,01:47:42,3,3,bus,INTRUSION,CROSSED_RESTRICTED_ZONE,0.9576,308,220,C:\Users\sharm\CCTV-YOLO\IBVAP\backend\logs\snapshots\intrusion_0135.jpg
2026-09-11,01:47:42,1,1,person,INTRUSION,CROSSED_RESTRICTED_ZONE,0.7922,166,232,C:\Users\sharm\CCTV-YOLO\IBVAP\backend\logs\snapshots\intrusion_0136.jpg
2026-09-11,01:47:43,3,3,bus,INTRUSION,CROSSED_RESTRICTED_ZONE,0.9590,308,221,C:\Users\sharm\CCTV-YOLO\IBVAP\backend\logs\snapshots\intrusion_0137.jpg
2026-09-11,01:47:43,1,1,person,INTRUSION,CROSSED_RESTRICTED_ZONE,0.7487,166,232,C:\Users\sharm\CCTV-YOLO\IBVAP\backend\logs\snapshots\intrusion_0138.jpg
2026-09-11,01:47:44,3,3,bus,INTRUSION,CROSSED_RESTRICTED_ZONE,0.9585,307,221,C:\Users\sharm\CCTV-YOLO\IBVAP\backend\logs\snapshots\intrusion_0139.jpg
2026-09-11,01:47:44,1,1,person,INTRUSION,CROSSED_RESTRICTED_ZONE,0.8756,166,232,C:\Users\sharm\CCTV-YOLO\IBVAP\backend\logs\snapshots\intrusion_0140.jpg
2026-09-11,01:47:45,3,3,bus,INTRUSION,CROSSED_RESTRICTED_ZONE,0.9568,307,221,C:\Users\sharm\CCTV-YOLO\IBVAP\backend\logs\snapshots\intrusion_0141.jpg
2026-09-11,01:47:46,1,1,person,INTRUSION,CROSSED_RESTRICTED_ZONE,0.8709,166,232,C:\Users\sharm\CCTV-YOLO\IBVAP\backend\logs\snapshots\intrusion_0142.jpg
2026-09-11,01:47:46,3,3,bus,INTRUSION,CROSSED_RESTRICTED_ZONE,0.9556,307,222,C:\Users\sharm\CCTV-YOLO\IBVAP\backend\logs\snapshots\intrusion_0143.jpg
2026-09-11,01:47:47,1,1,person,INTRUSION,CROSSED_RESTRICTED_ZONE,0.8669,185,226,C:\Users\sharm\CCTV-YOLO\IBVAP\backend\logs\snapshots\intrusion_0144.jpg
2026-09-11,01:47:47,3,3,bus,INTRUSION,CROSSED_RESTRICTED_ZONE,0.9552,307,222,C:\Users\sharm\CCTV-YOLO\IBVAP\backend\logs\snapshots\intrusion_0145.jpg
2026-09-11,01:47:48,1,1,person,INTRUSION,CROSSED_RESTRICTED_ZONE,0.9024,185,226,C:\Users\sharm\CCTV-YOLO\IBVAP\backend\logs\snapshots\intrusion_0146.jpg
2026-09-11,01:47:48,3,3,bus,INTRUSION,CROSSED_RESTRICTED_ZONE,0.9564,307,222,C:\Users\sharm\CCTV-YOLO\IBVAP\backend\logs\snapshots\intrusion_0147.jpg
2026-09-11,01:47:49,1,1,person,INTRUSION,CROSSED_RESTRICTED_ZONE,0.9216,185,226,C:\Users\sharm\CCTV-YOLO\IBVAP\backend\logs\snapshots\intrusion_0148.jpg
2026-09-11,01:47:49,3,3,bus,INTRUSION,CROSSED_RESTRICTED_ZONE,0.9550,307,222,C:\Users\sharm\CCTV-YOLO\IBVAP\backend\logs\snapshots\intrusion_0149.jpg
2026-09-11,01:47:50,1,1,person,INTRUSION,CROSSED_RESTRICTED_ZONE,0.9122,185,226,C:\Users\sharm\CCTV-YOLO\IBVAP\backend\logs\snapshots\intrusion_0150.jpg
2026-09-11,01:47:51,3,3,bus,INTRUSION,CROSSED_RESTRICTED_ZONE,0.9545,308,222,C:\Users\sharm\CCTV-YOLO\IBVAP\backend\logs\snapshots\intrusion_0151.jpg
2026-09-11,01:47:51,1,1,person,SUSPICIOUS_ACTIVITY,ERRATIC MOVEMENT | RAPID MOVEMENT,1.0000,234,341,C:\Users\sharm\CCTV-YOLO\IBVAP\backend\logs\snapshots\suspicious_0010.jpg
2026-09-11,01:47:51,1,1,person,INTRUSION,CROSSED_RESTRICTED_ZONE,0.8989,185,227,C:\Users\sharm\CCTV-YOLO\IBVAP\backend\logs\snapshots\intrusion_0152.jpg
2026-09-11,01:47:52,3,3,bus,INTRUSION,CROSSED_RESTRICTED_ZONE,0.9535,308,221,C:\Users\sharm\CCTV-YOLO\IBVAP\backend\logs\snapshots\intrusion_0153.jpg
2026-09-11,01:47:52,1,1,person,INTRUSION,CROSSED_RESTRICTED_ZONE,0.8840,185,227,C:\Users\sharm\CCTV-YOLO\IBVAP\backend\logs\snapshots\intrusion_0154.jpg
2026-09-11,01:47:53,3,3,bus,INTRUSION,CROSSED_RESTRICTED_ZONE,0.9540,308,221,C:\Users\sharm\CCTV-YOLO\IBVAP\backend\logs\snapshots\intrusion_0155.jpg
2026-09-11,01:47:53,1,1,person,INTRUSION,CROSSED_RESTRICTED_ZONE,0.8978,186,227,C:\Users\sharm\CCTV-YOLO\IBVAP\backend\logs\snapshots\intrusion_0156.jpg
2026-09-11,01:47:54,3,3,bus,INTRUSION,CROSSED_RESTRICTED_ZONE,0.9584,308,222,C:\Users\sharm\CCTV-YOLO\IBVAP\backend\logs\snapshots\intrusion_0157.jpg
2026-09-11,01:47:55,1,1,person,INTRUSION,CROSSED_RESTRICTED_ZONE,0.8898,186,228,C:\Users\sharm\CCTV-YOLO\IBVAP\backend\logs\snapshots\intrusion_0158.jpg
2026-09-11,01:47:55,3,3,bus,INTRUSION,CROSSED_RESTRICTED_ZONE,0.9588,308,222,C:\Users\sharm\CCTV-YOLO\IBVAP\backend\logs\snapshots\intrusion_0159.jpg
2026-09-11,01:47:56,1,1,person,INTRUSION,CROSSED_RESTRICTED_ZONE,0.8974,186,228,C:\Users\sharm\CCTV-YOLO\IBVAP\backend\logs\snapshots\intrusion_0160.jpg
2026-09-11,01:47:56,3,3,bus,INTRUSION,CROSSED_RESTRICTED_ZONE,0.9581,307,222,C:\Users\sharm\CCTV-YOLO\IBVAP\backend\logs\snapshots\intrusion_0161.jpg
2026-09-11,01:47:57,3,3,bus,INTRUSION,CROSSED_RESTRICTED_ZONE,0.9606,307,222,C:\Users\sharm\CCTV-YOLO\IBVAP\backend\logs\snapshots\intrusion_0162.jpg
2026-09-11,01:47:57,3,3,bus,INTRUSION,CROSSED_RESTRICTED_ZONE,0.8205,308,222,C:\Users\sharm\CCTV-YOLO\IBVAP\backend\logs\snapshots\intrusion_0163.jpg
2026-09-11,01:47:58,3,3,bus,INTRUSION,CROSSED_RESTRICTED_ZONE,0.9605,308,222,C:\Users\sharm\CCTV-YOLO\IBVAP\backend\logs\snapshots\intrusion_0164.jpg
2026-09-11,01:47:59,3,3,bus,INTRUSION,CROSSED_RESTRICTED_ZONE,0.9583,308,222,C:\Users\sharm\CCTV-YOLO\IBVAP\backend\logs\snapshots\intrusion_0165.jpg
2026-09-11,01:47:59,3,3,bus,INTRUSION,CROSSED_RESTRICTED_ZONE,0.9567,308,221,C:\Users\sharm\CCTV-YOLO\IBVAP\backend\logs\snapshots\intrusion_0166.jpg
2026-09-11,01:48:00,3,3,bus,INTRUSION,CROSSED_RESTRICTED_ZONE,0.9582,308,220,C:\Users\sharm\CCTV-YOLO\IBVAP\backend\logs\snapshots\intrusion_0167.jpg
2026-09-11,01:48:00,3,3,bus,INTRUSION,CROSSED_RESTRICTED_ZONE,0.9589,308,221,C:\Users\sharm\CCTV-YOLO\IBVAP\backend\logs\snapshots\intrusion_0168.jpg
2026-09-11,01:48:01,3,3,bus,INTRUSION,CROSSED_RESTRICTED_ZONE,0.9584,308,221,C:\Users\sharm\CCTV-YOLO\IBVAP\backend\logs\snapshots\intrusion_0169.jpg
2026-09-11,01:48:02,1,1,person,SUSPICIOUS_ACTIVITY,ERRATIC MOVEMENT | RAPID MOVEMENT,1.0000,167,339,C:\Users\sharm\CCTV-YOLO\IBVAP\backend\logs\snapshots\suspicious_0011.jpg
2026-09-11,01:48:02,3,3,bus,INTRUSION,CROSSED_RESTRICTED_ZONE,0.8878,309,220,C:\Users\sharm\CCTV-YOLO\IBVAP\backend\logs\snapshots\intrusion_0170.jpg
2026-09-11,01:48:02,3,3,bus,INTRUSION,CROSSED_RESTRICTED_ZONE,0.7562,309,220,C:\Users\sharm\CCTV-YOLO\IBVAP\backend\logs\snapshots\intrusion_0171.jpg
2026-09-11,01:48:03,3,3,bus,INTRUSION,CROSSED_RESTRICTED_ZONE,0.9595,309,220,C:\Users\sharm\CCTV-YOLO\IBVAP\backend\logs\snapshots\intrusion_0172.jpg
2026-09-11,01:48:03,3,3,bus,INTRUSION,CROSSED_RESTRICTED_ZONE,0.9577,309,221,C:\Users\sharm\CCTV-YOLO\IBVAP\backend\logs\snapshots\intrusion_0173.jpg
2026-09-11,01:51:39,3,3,bus,INTRUSION,CROSSED_RESTRICTED_ZONE,0.7503,307,222,C:\Users\sharm\CCTV-YOLO\IBVAP\backend\logs\snapshots\intrusion_0001.jpg
2026-09-11,01:51:40,3,3,bus,INTRUSION,CROSSED_RESTRICTED_ZONE,0.5779,307,222,C:\Users\sharm\CCTV-YOLO\IBVAP\backend\logs\snapshots\intrusion_0002.jpg
2026-09-11,01:51:41,4,1,person,SUSPICIOUS_ACTIVITY,RAPID MOVEMENT,0.8333,198,239,C:\Users\sharm\CCTV-YOLO\IBVAP\backend\logs\snapshots\suspicious_0001.jpg
2026-09-11,01:51:41,3,3,bus,INTRUSION,CROSSED_RESTRICTED_ZONE,0.9581,307,222,C:\Users\sharm\CCTV-YOLO\IBVAP\backend\logs\snapshots\intrusion_0003.jpg
2026-09-11,01:51:41,3,3,bus,INTRUSION,CROSSED_RESTRICTED_ZONE,0.9439,307,222,C:\Users\sharm\CCTV-YOLO\IBVAP\backend\logs\snapshots\intrusion_0004.jpg
2026-09-11,01:51:42,3,3,bus,INTRUSION,CROSSED_RESTRICTED_ZONE,0.9437,307,222,C:\Users\sharm\CCTV-YOLO\IBVAP\backend\logs\snapshots\intrusion_0005.jpg
2026-09-11,01:51:43,3,3,bus,INTRUSION,CROSSED_RESTRICTED_ZONE,0.6783,307,222,C:\Users\sharm\CCTV-YOLO\IBVAP\backend\logs\snapshots\intrusion_0006.jpg
2026-09-11,01:51:43,3,3,bus,INTRUSION,CROSSED_RESTRICTED_ZONE,0.4978,307,221,C:\Users\sharm\CCTV-YOLO\IBVAP\backend\logs\snapshots\intrusion_0007.jpg
2026-09-11,01:51:44,3,3,bus,INTRUSION,CROSSED_RESTRICTED_ZONE,0.9104,307,221,C:\Users\sharm\CCTV-YOLO\IBVAP\backend\logs\snapshots\intrusion_0008.jpg
2026-09-11,01:51:44,3,3,bus,INTRUSION,CROSSED_RESTRICTED_ZONE,0.9313,307,221,C:\Users\sharm\CCTV-YOLO\IBVAP\backend\logs\snapshots\intrusion_0009.jpg
2026-09-11,01:51:45,3,3,bus,INTRUSION,CROSSED_RESTRICTED_ZONE,0.9198,308,221,C:\Users\sharm\CCTV-YOLO\IBVAP\backend\logs\snapshots\intrusion_0010.jpg
2026-09-11,01:51:46,3,3,bus,INTRUSION,CROSSED_RESTRICTED_ZONE,0.9162,308,221,C:\Users\sharm\CCTV-YOLO\IBVAP\backend\logs\snapshots\intrusion_0011.jpg
2026-09-11,01:51:46,3,3,bus,INTRUSION,CROSSED_RESTRICTED_ZONE,0.8527,308,221,C:\Users\sharm\CCTV-YOLO\IBVAP\backend\logs\snapshots\intrusion_0012.jpg
2026-09-11,01:51:47,3,3,bus,INTRUSION,CROSSED_RESTRICTED_ZONE,0.9516,308,221,C:\Users\sharm\CCTV-YOLO\IBVAP\backend\logs\snapshots\intrusion_0013.jpg
2026-09-11,01:51:48,3,3,bus,INTRUSION,CROSSED_RESTRICTED_ZONE,0.9563,306,222,C:\Users\sharm\CCTV-YOLO\IBVAP\backend\logs\snapshots\intrusion_0014.jpg
2026-09-11,01:51:48,3,3,bus,INTRUSION,CROSSED_RESTRICTED_ZONE,0.9594,307,222,C:\Users\sharm\CCTV-YOLO\IBVAP\backend\logs\snapshots\intrusion_0015.jpg
2026-09-11,01:51:49,3,3,bus,INTRUSION,CROSSED_RESTRICTED_ZONE,0.9598,307,222,C:\Users\sharm\CCTV-YOLO\IBVAP\backend\logs\snapshots\intrusion_0016.jpg
2026-09-11,01:51:50,3,3,bus,INTRUSION,CROSSED_RESTRICTED_ZONE,0.9616,307,222,C:\Users\sharm\CCTV-YOLO\IBVAP\backend\logs\snapshots\intrusion_0017.jpg
2026-09-11,01:51:50,3,3,bus,INTRUSION,CROSSED_RESTRICTED_ZONE,0.9615,307,222,C:\Users\sharm\CCTV-YOLO\IBVAP\backend\logs\snapshots\intrusion_0018.jpg
2026-09-11,01:51:51,1,1,person,SUSPICIOUS_ACTIVITY,ERRATIC MOVEMENT | RAPID MOVEMENT,1.0000,211,335,C:\Users\sharm\CCTV-YOLO\IBVAP\backend\logs\snapshots\suspicious_0002.jpg
2026-09-11,01:51:51,3,3,bus,INTRUSION,CROSSED_RESTRICTED_ZONE,0.9609,307,222,C:\Users\sharm\CCTV-YOLO\IBVAP\backend\logs\snapshots\intrusion_0019.jpg
2026-09-11,01:51:52,3,3,bus,INTRUSION,CROSSED_RESTRICTED_ZONE,0.9597,307,222,C:\Users\sharm\CCTV-YOLO\IBVAP\backend\logs\snapshots\intrusion_0020.jpg
2026-09-11,01:51:52,3,3,bus,INTRUSION,CROSSED_RESTRICTED_ZONE,0.9599,307,222,C:\Users\sharm\CCTV-YOLO\IBVAP\backend\logs\snapshots\intrusion_0021.jpg
2026-09-11,01:51:53,3,3,bus,INTRUSION,CROSSED_RESTRICTED_ZONE,0.9590,306,223,C:\Users\sharm\CCTV-YOLO\IBVAP\backend\logs\snapshots\intrusion_0022.jpg
2026-09-11,01:51:54,3,3,bus,INTRUSION,CROSSED_RESTRICTED_ZONE,0.9569,306,223,C:\Users\sharm\CCTV-YOLO\IBVAP\backend\logs\snapshots\intrusion_0023.jpg
2026-09-11,01:51:54,3,3,bus,INTRUSION,CROSSED_RESTRICTED_ZONE,0.9567,306,223,C:\Users\sharm\CCTV-YOLO\IBVAP\backend\logs\snapshots\intrusion_0024.jpg
2026-09-11,01:51:55,3,3,bus,INTRUSION,CROSSED_RESTRICTED_ZONE,0.9578,307,223,C:\Users\sharm\CCTV-YOLO\IBVAP\backend\logs\snapshots\intrusion_0025.jpg
2026-09-11,01:51:55,3,3,bus,INTRUSION,CROSSED_RESTRICTED_ZONE,0.9577,307,223,C:\Users\sharm\CCTV-YOLO\IBVAP\backend\logs\snapshots\intrusion_0026.jpg
2026-09-11,01:51:56,3,3,bus,INTRUSION,CROSSED_RESTRICTED_ZONE,0.9579,307,223,C:\Users\sharm\CCTV-YOLO\IBVAP\backend\logs\snapshots\intrusion_0027.jpg
2026-09-11,01:51:57,3,3,bus,INTRUSION,CROSSED_RESTRICTED_ZONE,0.9591,307,224,C:\Users\sharm\CCTV-YOLO\IBVAP\backend\logs\snapshots\intrusion_0028.jpg
2026-09-11,01:51:58,3,3,bus,INTRUSION,CROSSED_RESTRICTED_ZONE,0.9585,307,223,C:\Users\sharm\CCTV-YOLO\IBVAP\backend\logs\snapshots\intrusion_0029.jpg
2026-09-11,01:51:58,3,3,bus,INTRUSION,CROSSED_RESTRICTED_ZONE,0.9575,307,223,C:\Users\sharm\CCTV-YOLO\IBVAP\backend\logs\snapshots\intrusion_0030.jpg
2026-09-11,01:51:59,1,1,person,INTRUSION,CROSSED_RESTRICTED_ZONE,0.9083,140,240,C:\Users\sharm\CCTV-YOLO\IBVAP\backend\logs\snapshots\intrusion_0031.jpg
2026-09-11,01:51:59,3,3,bus,INTRUSION,CROSSED_RESTRICTED_ZONE,0.9593,307,223,C:\Users\sharm\CCTV-YOLO\IBVAP\backend\logs\snapshots\intrusion_0032.jpg
2026-09-11,01:52:00,1,1,person,INTRUSION,CROSSED_RESTRICTED_ZONE,0.8943,141,241,C:\Users\sharm\CCTV-YOLO\IBVAP\backend\logs\snapshots\intrusion_0033.jpg
2026-09-11,01:52:01,3,3,bus,INTRUSION,CROSSED_RESTRICTED_ZONE,0.9594,306,224,C:\Users\sharm\CCTV-YOLO\IBVAP\backend\logs\snapshots\intrusion_0034.jpg
2026-09-11,01:52:01,1,1,person,SUSPICIOUS_ACTIVITY,ERRATIC MOVEMENT | RAPID MOVEMENT,1.0000,248,341,C:\Users\sharm\CCTV-YOLO\IBVAP\backend\logs\snapshots\suspicious_0003.jpg
2026-09-11,01:52:01,1,1,person,INTRUSION,CROSSED_RESTRICTED_ZONE,0.8896,141,241,C:\Users\sharm\CCTV-YOLO\IBVAP\backend\logs\snapshots\intrusion_0035.jpg
2026-09-11,01:52:02,3,3,bus,INTRUSION,CROSSED_RESTRICTED_ZONE,0.9583,306,223,C:\Users\sharm\CCTV-YOLO\IBVAP\backend\logs\snapshots\intrusion_0036.jpg
2026-09-11,01:52:03,1,1,person,INTRUSION,CROSSED_RESTRICTED_ZONE,0.9172,162,239,C:\Users\sharm\CCTV-YOLO\IBVAP\backend\logs\snapshots\intrusion_0037.jpg
2026-09-11,01:52:03,3,3,bus,INTRUSION,CROSSED_RESTRICTED_ZONE,0.9573,305,223,C:\Users\sharm\CCTV-YOLO\IBVAP\backend\logs\snapshots\intrusion_0038.jpg
2026-09-11,01:52:04,1,1,person,INTRUSION,CROSSED_RESTRICTED_ZONE,0.8861,162,239,C:\Users\sharm\CCTV-YOLO\IBVAP\backend\logs\snapshots\intrusion_0039.jpg
2026-09-11,01:52:04,3,3,bus,INTRUSION,CROSSED_RESTRICTED_ZONE,0.9574,306,221,C:\Users\sharm\CCTV-YOLO\IBVAP\backend\logs\snapshots\intrusion_0040.jpg
2026-09-11,01:52:05,1,1,person,INTRUSION,CROSSED_RESTRICTED_ZONE,0.9069,162,239,C:\Users\sharm\CCTV-YOLO\IBVAP\backend\logs\snapshots\intrusion_0041.jpg
2026-09-11,01:52:06,3,3,bus,INTRUSION,CROSSED_RESTRICTED_ZONE,0.9581,306,221,C:\Users\sharm\CCTV-YOLO\IBVAP\backend\logs\snapshots\intrusion_0042.jpg
2026-09-11,01:52:06,1,1,person,INTRUSION,CROSSED_RESTRICTED_ZONE,0.8134,162,239,C:\Users\sharm\CCTV-YOLO\IBVAP\backend\logs\snapshots\intrusion_0043.jpg
2026-09-11,01:52:07,3,3,bus,INTRUSION,CROSSED_RESTRICTED_ZONE,0.9565,306,220,C:\Users\sharm\CCTV-YOLO\IBVAP\backend\logs\snapshots\intrusion_0044.jpg
2026-09-11,01:52:08,1,1,person,INTRUSION,CROSSED_RESTRICTED_ZONE,0.8169,162,239,C:\Users\sharm\CCTV-YOLO\IBVAP\backend\logs\snapshots\intrusion_0045.jpg
2026-09-11,01:52:08,3,3,bus,INTRUSION,CROSSED_RESTRICTED_ZONE,0.9571,307,220,C:\Users\sharm\CCTV-YOLO\IBVAP\backend\logs\snapshots\intrusion_0046.jpg
2026-09-11,01:52:09,1,1,person,INTRUSION,CROSSED_RESTRICTED_ZONE,0.2754,162,239,C:\Users\sharm\CCTV-YOLO\IBVAP\backend\logs\snapshots\intrusion_0047.jpg
2026-09-11,01:52:09,1,1,person,INTRUSION,CROSSED_RESTRICTED_ZONE,0.8757,162,239,C:\Users\sharm\CCTV-YOLO\IBVAP\backend\logs\snapshots\intrusion_0048.jpg
2026-09-11,01:52:10,1,1,person,INTRUSION,CROSSED_RESTRICTED_ZONE,0.8556,162,239,C:\Users\sharm\CCTV-YOLO\IBVAP\backend\logs\snapshots\intrusion_0049.jpg
2026-09-11,01:52:11,1,1,person,INTRUSION,CROSSED_RESTRICTED_ZONE,0.7353,163,239,C:\Users\sharm\CCTV-YOLO\IBVAP\backend\logs\snapshots\intrusion_0050.jpg
2026-09-11,01:52:12,1,1,person,SUSPICIOUS_ACTIVITY,ERRATIC MOVEMENT | RAPID MOVEMENT,1.0000,314,300,C:\Users\sharm\CCTV-YOLO\IBVAP\backend\logs\snapshots\suspicious_0004.jpg
2026-09-11,01:52:12,1,1,person,INTRUSION,CROSSED_RESTRICTED_ZONE,0.8694,163,238,C:\Users\sharm\CCTV-YOLO\IBVAP\backend\logs\snapshots\intrusion_0051.jpg
2026-09-11,01:52:12,1,1,person,INTRUSION,CROSSED_RESTRICTED_ZONE,0.8652,163,238,C:\Users\sharm\CCTV-YOLO\IBVAP\backend\logs\snapshots\intrusion_0052.jpg
2026-09-11,01:52:13,1,1,person,INTRUSION,CROSSED_RESTRICTED_ZONE,0.8441,163,238,C:\Users\sharm\CCTV-YOLO\IBVAP\backend\logs\snapshots\intrusion_0053.jpg
2026-09-11,01:52:13,1,1,person,INTRUSION,CROSSED_RESTRICTED_ZONE,0.8439,163,238,C:\Users\sharm\CCTV-YOLO\IBVAP\backend\logs\snapshots\intrusion_0054.jpg
2026-09-11,01:52:14,1,1,person,INTRUSION,CROSSED_RESTRICTED_ZONE,0.8434,163,238,C:\Users\sharm\CCTV-YOLO\IBVAP\backend\logs\snapshots\intrusion_0055.jpg
2026-09-11,01:52:15,1,1,person,INTRUSION,CROSSED_RESTRICTED_ZONE,0.8550,163,238,C:\Users\sharm\CCTV-YOLO\IBVAP\backend\logs\snapshots\intrusion_0056.jpg
2026-09-11,01:52:15,1,1,person,INTRUSION,CROSSED_RESTRICTED_ZONE,0.8559,163,237,C:\Users\sharm\CCTV-YOLO\IBVAP\backend\logs\snapshots\intrusion_0057.jpg
2026-09-11,01:52:16,1,1,person,INTRUSION,CROSSED_RESTRICTED_ZONE,0.8677,163,237,C:\Users\sharm\CCTV-YOLO\IBVAP\backend\logs\snapshots\intrusion_0058.jpg
2026-09-11,01:52:17,1,1,person,INTRUSION,CROSSED_RESTRICTED_ZONE,0.8768,163,237,C:\Users\sharm\CCTV-YOLO\IBVAP\backend\logs\snapshots\intrusion_0059.jpg
2026-09-11,01:52:17,1,1,person,INTRUSION,CROSSED_RESTRICTED_ZONE,0.8875,163,237,C:\Users\sharm\CCTV-YOLO\IBVAP\backend\logs\snapshots\intrusion_0060.jpg
2026-09-11,01:52:18,1,1,person,INTRUSION,CROSSED_RESTRICTED_ZONE,0.8848,163,236,C:\Users\sharm\CCTV-YOLO\IBVAP\backend\logs\snapshots\intrusion_0061.jpg
2026-09-11,01:52:19,1,1,person,INTRUSION,CROSSED_RESTRICTED_ZONE,0.8862,163,236,C:\Users\sharm\CCTV-YOLO\IBVAP\backend\logs\snapshots\intrusion_0062.jpg
2026-09-11,01:52:19,1,1,person,INTRUSION,CROSSED_RESTRICTED_ZONE,0.8847,163,236,C:\Users\sharm\CCTV-YOLO\IBVAP\backend\logs\snapshots\intrusion_0063.jpg
2026-09-11,01:52:20,1,1,person,INTRUSION,CROSSED_RESTRICTED_ZONE,0.8824,163,236,C:\Users\sharm\CCTV-YOLO\IBVAP\backend\logs\snapshots\intrusion_0064.jpg
2026-09-11,01:52:21,1,1,person,INTRUSION,CROSSED_RESTRICTED_ZONE,0.8760,163,236,C:\Users\sharm\CCTV-YOLO\IBVAP\backend\logs\snapshots\intrusion_0065.jpg
2026-09-11,01:52:21,1,1,person,INTRUSION,CROSSED_RESTRICTED_ZONE,0.8561,163,235,C:\Users\sharm\CCTV-YOLO\IBVAP\backend\logs\snapshots\intrusion_0066.jpg
2026-09-11,01:52:22,1,1,person,SUSPICIOUS_ACTIVITY,ERRATIC MOVEMENT | RAPID MOVEMENT,1.0000,359,280,C:\Users\sharm\CCTV-YOLO\IBVAP\backend\logs\snapshots\suspicious_0005.jpg
2026-09-11,01:52:22,1,1,person,INTRUSION,CROSSED_RESTRICTED_ZONE,0.8592,163,235,C:\Users\sharm\CCTV-YOLO\IBVAP\backend\logs\snapshots\intrusion_0067.jpg
2026-09-11,01:52:23,1,1,person,INTRUSION,CROSSED_RESTRICTED_ZONE,0.8577,163,235,C:\Users\sharm\CCTV-YOLO\IBVAP\backend\logs\snapshots\intrusion_0068.jpg
2026-09-11,01:52:23,1,1,person,INTRUSION,CROSSED_RESTRICTED_ZONE,0.8227,163,235,C:\Users\sharm\CCTV-YOLO\IBVAP\backend\logs\snapshots\intrusion_0069.jpg
2026-09-11,01:52:24,1,1,person,INTRUSION,CROSSED_RESTRICTED_ZONE,0.8700,163,235,C:\Users\sharm\CCTV-YOLO\IBVAP\backend\logs\snapshots\intrusion_0070.jpg
2026-09-11,01:52:24,1,1,person,INTRUSION,CROSSED_RESTRICTED_ZONE,0.8695,163,235,C:\Users\sharm\CCTV-YOLO\IBVAP\backend\logs\snapshots\intrusion_0071.jpg
2026-09-11,01:52:25,1,1,person,INTRUSION,CROSSED_RESTRICTED_ZONE,0.8836,163,235,C:\Users\sharm\CCTV-YOLO\IBVAP\backend\logs\snapshots\intrusion_0072.jpg
2026-09-11,01:52:26,1,1,person,INTRUSION,CROSSED_RESTRICTED_ZONE,0.8843,164,235,C:\Users\sharm\CCTV-YOLO\IBVAP\backend\logs\snapshots\intrusion_0073.jpg
2026-09-11,01:52:26,1,1,person,INTRUSION,CROSSED_RESTRICTED_ZONE,0.8868,164,234,C:\Users\sharm\CCTV-YOLO\IBVAP\backend\logs\snapshots\intrusion_0074.jpg
2026-09-11,01:52:27,1,1,person,INTRUSION,CROSSED_RESTRICTED_ZONE,0.8931,164,234,C:\Users\sharm\CCTV-YOLO\IBVAP\backend\logs\snapshots\intrusion_0075.jpg
2026-09-11,01:52:28,1,1,person,INTRUSION,CROSSED_RESTRICTED_ZONE,0.8877,164,234,C:\Users\sharm\CCTV-YOLO\IBVAP\backend\logs\snapshots\intrusion_0076.jpg
2026-09-11,01:52:28,1,1,person,INTRUSION,CROSSED_RESTRICTED_ZONE,0.8879,164,233,C:\Users\sharm\CCTV-YOLO\IBVAP\backend\logs\snapshots\intrusion_0077.jpg
2026-09-11,01:52:29,1,1,person,INTRUSION,CROSSED_RESTRICTED_ZONE,0.6026,165,233,C:\Users\sharm\CCTV-YOLO\IBVAP\backend\logs\snapshots\intrusion_0078.jpg
2026-09-11,01:52:30,1,1,person,INTRUSION,CROSSED_RESTRICTED_ZONE,0.8821,165,233,C:\Users\sharm\CCTV-YOLO\IBVAP\backend\logs\snapshots\intrusion_0079.jpg
2026-09-11,01:52:31,1,1,person,INTRUSION,CROSSED_RESTRICTED_ZONE,0.8824,165,233,C:\Users\sharm\CCTV-YOLO\IBVAP\backend\logs\snapshots\intrusion_0080.jpg
2026-09-11,01:52:31,3,3,bus,INTRUSION,CROSSED_RESTRICTED_ZONE,0.9488,307,219,C:\Users\sharm\CCTV-YOLO\IBVAP\backend\logs\snapshots\intrusion_0081.jpg
2026-09-11,01:52:32,1,1,person,INTRUSION,CROSSED_RESTRICTED_ZONE,0.8818,165,233,C:\Users\sharm\CCTV-YOLO\IBVAP\backend\logs\snapshots\intrusion_0082.jpg
2026-09-11,01:52:32,3,3,bus,INTRUSION,CROSSED_RESTRICTED_ZONE,0.9494,307,218,C:\Users\sharm\CCTV-YOLO\IBVAP\backend\logs\snapshots\intrusion_0083.jpg
2026-09-11,01:52:33,1,1,person,SUSPICIOUS_ACTIVITY,ERRATIC MOVEMENT | RAPID MOVEMENT,1.0000,385,278,C:\Users\sharm\CCTV-YOLO\IBVAP\backend\logs\snapshots\suspicious_0006.jpg
2026-09-11,01:52:33,1,1,person,INTRUSION,CROSSED_RESTRICTED_ZONE,0.8840,165,233,C:\Users\sharm\CCTV-YOLO\IBVAP\backend\logs\snapshots\intrusion_0084.jpg
2026-09-11,01:52:33,3,3,bus,INTRUSION,CROSSED_RESTRICTED_ZONE,0.9479,307,218,C:\Users\sharm\CCTV-YOLO\IBVAP\backend\logs\snapshots\intrusion_0085.jpg
2026-09-11,01:52:34,1,1,person,INTRUSION,CROSSED_RESTRICTED_ZONE,0.8873,165,233,C:\Users\sharm\CCTV-YOLO\IBVAP\backend\logs\snapshots\intrusion_0086.jpg
2026-09-11,01:52:35,3,3,bus,INTRUSION,CROSSED_RESTRICTED_ZONE,0.9468,307,219,C:\Users\sharm\CCTV-YOLO\IBVAP\backend\logs\snapshots\intrusion_0087.jpg
2026-09-11,01:52:35,1,1,person,INTRUSION,CROSSED_RESTRICTED_ZONE,0.8930,165,233,C:\Users\sharm\CCTV-YOLO\IBVAP\backend\logs\snapshots\intrusion_0088.jpg
2026-09-11,01:52:36,3,3,bus,INTRUSION,CROSSED_RESTRICTED_ZONE,0.9482,307,219,C:\Users\sharm\CCTV-YOLO\IBVAP\backend\logs\snapshots\intrusion_0089.jpg
2026-09-11,01:52:37,1,1,person,INTRUSION,CROSSED_RESTRICTED_ZONE,0.8931,165,233,C:\Users\sharm\CCTV-YOLO\IBVAP\backend\logs\snapshots\intrusion_0090.jpg
2026-09-11,01:52:37,3,3,bus,INTRUSION,CROSSED_RESTRICTED_ZONE,0.9488,307,219,C:\Users\sharm\CCTV-YOLO\IBVAP\backend\logs\snapshots\intrusion_0091.jpg
2026-09-11,01:52:38,1,1,person,INTRUSION,CROSSED_RESTRICTED_ZONE,0.8911,165,233,C:\Users\sharm\CCTV-YOLO\IBVAP\backend\logs\snapshots\intrusion_0092.jpg
2026-09-11,01:52:38,3,3,bus,INTRUSION,CROSSED_RESTRICTED_ZONE,0.9474,307,220,C:\Users\sharm\CCTV-YOLO\IBVAP\backend\logs\snapshots\intrusion_0093.jpg
2026-09-11,01:52:39,1,1,person,INTRUSION,CROSSED_RESTRICTED_ZONE,0.8977,166,233,C:\Users\sharm\CCTV-YOLO\IBVAP\backend\logs\snapshots\intrusion_0094.jpg
2026-09-11,01:52:40,3,3,bus,INTRUSION,CROSSED_RESTRICTED_ZONE,0.9476,307,220,C:\Users\sharm\CCTV-YOLO\IBVAP\backend\logs\snapshots\intrusion_0095.jpg
2026-09-11,01:52:40,1,1,person,INTRUSION,CROSSED_RESTRICTED_ZONE,0.8907,166,233,C:\Users\sharm\CCTV-YOLO\IBVAP\backend\logs\snapshots\intrusion_0096.jpg
2026-09-11,01:52:41,3,3,bus,INTRUSION,CROSSED_RESTRICTED_ZONE,0.9472,307,220,C:\Users\sharm\CCTV-YOLO\IBVAP\backend\logs\snapshots\intrusion_0097.jpg
2026-09-11,01:52:41,1,1,person,INTRUSION,CROSSED_RESTRICTED_ZONE,0.8782,165,233,C:\Users\sharm\CCTV-YOLO\IBVAP\backend\logs\snapshots\intrusion_0098.jpg
2026-09-11,01:52:42,3,3,bus,INTRUSION,CROSSED_RESTRICTED_ZONE,0.9496,307,220,C:\Users\sharm\CCTV-YOLO\IBVAP\backend\logs\snapshots\intrusion_0099.jpg
2026-09-11,01:52:43,1,1,person,INTRUSION,CROSSED_RESTRICTED_ZONE,0.7516,165,232,C:\Users\sharm\CCTV-YOLO\IBVAP\backend\logs\snapshots\intrusion_0100.jpg
2026-09-11,01:52:43,3,3,bus,INTRUSION,CROSSED_RESTRICTED_ZONE,0.9460,307,220,C:\Users\sharm\CCTV-YOLO\IBVAP\backend\logs\snapshots\intrusion_0101.jpg
2026-09-11,01:52:44,1,1,person,SUSPICIOUS_ACTIVITY,ERRATIC MOVEMENT | RAPID MOVEMENT,1.0000,370,279,C:\Users\sharm\CCTV-YOLO\IBVAP\backend\logs\snapshots\suspicious_0007.jpg
2026-09-11,01:52:44,1,1,person,INTRUSION,CROSSED_RESTRICTED_ZONE,0.7970,165,232,C:\Users\sharm\CCTV-YOLO\IBVAP\backend\logs\snapshots\intrusion_0102.jpg
2026-09-11,01:52:44,3,3,bus,INTRUSION,CROSSED_RESTRICTED_ZONE,0.9451,307,220,C:\Users\sharm\CCTV-YOLO\IBVAP\backend\logs\snapshots\intrusion_0103.jpg
2026-09-11,01:52:45,1,1,person,INTRUSION,CROSSED_RESTRICTED_ZONE,0.8449,165,233,C:\Users\sharm\CCTV-YOLO\IBVAP\backend\logs\snapshots\intrusion_0104.jpg
2026-09-11,01:52:46,3,3,bus,INTRUSION,CROSSED_RESTRICTED_ZONE,0.9441,307,221,C:\Users\sharm\CCTV-YOLO\IBVAP\backend\logs\snapshots\intrusion_0105.jpg
2026-09-11,01:52:46,1,1,person,INTRUSION,CROSSED_RESTRICTED_ZONE,0.8419,165,232,C:\Users\sharm\CCTV-YOLO\IBVAP\backend\logs\snapshots\intrusion_0106.jpg
2026-09-11,01:52:47,3,3,bus,INTRUSION,CROSSED_RESTRICTED_ZONE,0.9394,307,221,C:\Users\sharm\CCTV-YOLO\IBVAP\backend\logs\snapshots\intrusion_0107.jpg
2026-09-11,01:52:47,1,1,person,INTRUSION,CROSSED_RESTRICTED_ZONE,0.8488,165,232,C:\Users\sharm\CCTV-YOLO\IBVAP\backend\logs\snapshots\intrusion_0108.jpg
2026-09-11,01:52:48,3,3,bus,INTRUSION,CROSSED_RESTRICTED_ZONE,0.9386,308,221,C:\Users\sharm\CCTV-YOLO\IBVAP\backend\logs\snapshots\intrusion_0109.jpg
2026-09-11,01:52:49,1,1,person,INTRUSION,CROSSED_RESTRICTED_ZONE,0.8502,165,232,C:\Users\sharm\CCTV-YOLO\IBVAP\backend\logs\snapshots\intrusion_0110.jpg
2026-09-11,01:52:49,3,3,bus,INTRUSION,CROSSED_RESTRICTED_ZONE,0.9350,308,221,C:\Users\sharm\CCTV-YOLO\IBVAP\backend\logs\snapshots\intrusion_0111.jpg
2026-09-11,01:52:50,1,1,person,INTRUSION,CROSSED_RESTRICTED_ZONE,0.8435,165,232,C:\Users\sharm\CCTV-YOLO\IBVAP\backend\logs\snapshots\intrusion_0112.jpg
2026-09-11,01:52:50,3,3,bus,INTRUSION,CROSSED_RESTRICTED_ZONE,0.9291,308,221,C:\Users\sharm\CCTV-YOLO\IBVAP\backend\logs\snapshots\intrusion_0113.jpg
2026-09-11,01:52:51,1,1,person,INTRUSION,CROSSED_RESTRICTED_ZONE,0.8383,166,232,C:\Users\sharm\CCTV-YOLO\IBVAP\backend\logs\snapshots\intrusion_0114.jpg
2026-09-11,01:52:52,1,1,person,INTRUSION,CROSSED_RESTRICTED_ZONE,0.8683,166,232,C:\Users\sharm\CCTV-YOLO\IBVAP\backend\logs\snapshots\intrusion_0115.jpg
2026-09-11,01:52:52,1,1,person,INTRUSION,CROSSED_RESTRICTED_ZONE,0.8799,166,232,C:\Users\sharm\CCTV-YOLO\IBVAP\backend\logs\snapshots\intrusion_0116.jpg
2026-09-11,01:52:53,1,1,person,INTRUSION,CROSSED_RESTRICTED_ZONE,0.8767,166,232,C:\Users\sharm\CCTV-YOLO\IBVAP\backend\logs\snapshots\intrusion_0117.jpg
2026-09-11,01:52:53,1,1,person,INTRUSION,CROSSED_RESTRICTED_ZONE,0.8726,166,232,C:\Users\sharm\CCTV-YOLO\IBVAP\backend\logs\snapshots\intrusion_0118.jpg
2026-09-11,01:52:54,1,1,person,SUSPICIOUS_ACTIVITY,ERRATIC MOVEMENT | RAPID MOVEMENT,1.0000,302,293,C:\Users\sharm\CCTV-YOLO\IBVAP\backend\logs\snapshots\suspicious_0008.jpg
2026-09-11,01:52:54,1,1,person,INTRUSION,CROSSED_RESTRICTED_ZONE,0.6456,166,232,C:\Users\sharm\CCTV-YOLO\IBVAP\backend\logs\snapshots\intrusion_0119.jpg
2026-09-11,01:52:55,1,1,person,INTRUSION,CROSSED_RESTRICTED_ZONE,0.5370,166,232,C:\Users\sharm\CCTV-YOLO\IBVAP\backend\logs\snapshots\intrusion_0120.jpg
2026-09-11,01:52:55,1,1,person,INTRUSION,CROSSED_RESTRICTED_ZONE,0.2197,166,232,C:\Users\sharm\CCTV-YOLO\IBVAP\backend\logs\snapshots\intrusion_0121.jpg
2026-09-11,01:52:56,1,1,person,INTRUSION,CROSSED_RESTRICTED_ZONE,0.8490,166,232,C:\Users\sharm\CCTV-YOLO\IBVAP\backend\logs\snapshots\intrusion_0122.jpg
2026-09-11,01:52:57,1,1,person,INTRUSION,CROSSED_RESTRICTED_ZONE,0.8750,166,231,C:\Users\sharm\CCTV-YOLO\IBVAP\backend\logs\snapshots\intrusion_0123.jpg
2026-09-11,01:52:57,1,1,person,INTRUSION,CROSSED_RESTRICTED_ZONE,0.7845,167,232,C:\Users\sharm\CCTV-YOLO\IBVAP\backend\logs\snapshots\intrusion_0124.jpg
2026-09-11,01:52:58,1,1,person,INTRUSION,CROSSED_RESTRICTED_ZONE,0.7928,167,232,C:\Users\sharm\CCTV-YOLO\IBVAP\backend\logs\snapshots\intrusion_0125.jpg
2026-09-11,01:52:59,1,1,person,INTRUSION,CROSSED_RESTRICTED_ZONE,0.5646,167,232,C:\Users\sharm\CCTV-YOLO\IBVAP\backend\logs\snapshots\intrusion_0126.jpg
2026-09-11,01:52:59,3,3,bus,INTRUSION,CROSSED_RESTRICTED_ZONE,0.9578,308,219,C:\Users\sharm\CCTV-YOLO\IBVAP\backend\logs\snapshots\intrusion_0127.jpg
2026-09-11,01:53:00,1,1,person,INTRUSION,CROSSED_RESTRICTED_ZONE,0.4647,167,232,C:\Users\sharm\CCTV-YOLO\IBVAP\backend\logs\snapshots\intrusion_0128.jpg
2026-09-11,01:53:00,3,3,bus,INTRUSION,CROSSED_RESTRICTED_ZONE,0.9576,308,220,C:\Users\sharm\CCTV-YOLO\IBVAP\backend\logs\snapshots\intrusion_0129.jpg
2026-09-11,01:53:01,1,1,person,INTRUSION,CROSSED_RESTRICTED_ZONE,0.7922,166,232,C:\Users\sharm\CCTV-YOLO\IBVAP\backend\logs\snapshots\intrusion_0130.jpg
2026-09-11,01:53:02,3,3,bus,INTRUSION,CROSSED_RESTRICTED_ZONE,0.9590,308,221,C:\Users\sharm\CCTV-YOLO\IBVAP\backend\logs\snapshots\intrusion_0131.jpg
2026-09-11,01:53:02,1,1,person,INTRUSION,CROSSED_RESTRICTED_ZONE,0.7487,166,232,C:\Users\sharm\CCTV-YOLO\IBVAP\backend\logs\snapshots\intrusion_0132.jpg
2026-09-11,01:53:03,3,3,bus,INTRUSION,CROSSED_RESTRICTED_ZONE,0.9585,307,221,C:\Users\sharm\CCTV-YOLO\IBVAP\backend\logs\snapshots\intrusion_0133.jpg
2026-09-11,01:53:03,1,1,person,INTRUSION,CROSSED_RESTRICTED_ZONE,0.8756,166,232,C:\Users\sharm\CCTV-YOLO\IBVAP\backend\logs\snapshots\intrusion_0134.jpg
2026-09-11,01:53:04,3,3,bus,INTRUSION,CROSSED_RESTRICTED_ZONE,0.9568,307,221,C:\Users\sharm\CCTV-YOLO\IBVAP\backend\logs\snapshots\intrusion_0135.jpg
2026-09-11,01:53:04,1,1,person,SUSPICIOUS_ACTIVITY,ERRATIC MOVEMENT | RAPID MOVEMENT,1.0000,253,346,C:\Users\sharm\CCTV-YOLO\IBVAP\backend\logs\snapshots\suspicious_0009.jpg
2026-09-11,01:53:05,1,1,person,INTRUSION,CROSSED_RESTRICTED_ZONE,0.8709,166,232,C:\Users\sharm\CCTV-YOLO\IBVAP\backend\logs\snapshots\intrusion_0136.jpg
2026-09-11,01:53:05,3,3,bus,INTRUSION,CROSSED_RESTRICTED_ZONE,0.9556,307,222,C:\Users\sharm\CCTV-YOLO\IBVAP\backend\logs\snapshots\intrusion_0137.jpg
2026-09-11,01:53:06,1,1,person,INTRUSION,CROSSED_RESTRICTED_ZONE,0.8669,185,226,C:\Users\sharm\CCTV-YOLO\IBVAP\backend\logs\snapshots\intrusion_0138.jpg
2026-09-11,01:53:06,3,3,bus,INTRUSION,CROSSED_RESTRICTED_ZONE,0.9552,307,222,C:\Users\sharm\CCTV-YOLO\IBVAP\backend\logs\snapshots\intrusion_0139.jpg
2026-09-11,01:53:07,1,1,person,INTRUSION,CROSSED_RESTRICTED_ZONE,0.9024,185,226,C:\Users\sharm\CCTV-YOLO\IBVAP\backend\logs\snapshots\intrusion_0140.jpg
2026-09-11,01:53:07,3,3,bus,INTRUSION,CROSSED_RESTRICTED_ZONE,0.9564,307,222,C:\Users\sharm\CCTV-YOLO\IBVAP\backend\logs\snapshots\intrusion_0141.jpg
2026-09-11,01:53:08,1,1,person,INTRUSION,CROSSED_RESTRICTED_ZONE,0.9216,185,226,C:\Users\sharm\CCTV-YOLO\IBVAP\backend\logs\snapshots\intrusion_0142.jpg
2026-09-11,01:53:09,3,3,bus,INTRUSION,CROSSED_RESTRICTED_ZONE,0.9550,307,222,C:\Users\sharm\CCTV-YOLO\IBVAP\backend\logs\snapshots\intrusion_0143.jpg
2026-09-11,01:53:09,1,1,person,INTRUSION,CROSSED_RESTRICTED_ZONE,0.9122,185,226,C:\Users\sharm\CCTV-YOLO\IBVAP\backend\logs\snapshots\intrusion_0144.jpg
2026-09-11,01:53:10,3,3,bus,INTRUSION,CROSSED_RESTRICTED_ZONE,0.9545,308,222,C:\Users\sharm\CCTV-YOLO\IBVAP\backend\logs\snapshots\intrusion_0145.jpg
2026-09-11,01:53:11,3,3,bus,INTRUSION,CROSSED_RESTRICTED_ZONE,0.9535,308,221,C:\Users\sharm\CCTV-YOLO\IBVAP\backend\logs\snapshots\intrusion_0146.jpg
2026-09-11,01:53:11,3,3,bus,INTRUSION,CROSSED_RESTRICTED_ZONE,0.9540,308,221,C:\Users\sharm\CCTV-YOLO\IBVAP\backend\logs\snapshots\intrusion_0147.jpg
2026-09-11,01:53:12,3,3,bus,INTRUSION,CROSSED_RESTRICTED_ZONE,0.9584,308,222,C:\Users\sharm\CCTV-YOLO\IBVAP\backend\logs\snapshots\intrusion_0148.jpg
2026-09-11,01:53:12,3,3,bus,INTRUSION,CROSSED_RESTRICTED_ZONE,0.9588,308,222,C:\Users\sharm\CCTV-YOLO\IBVAP\backend\logs\snapshots\intrusion_0149.jpg
2026-09-11,01:53:13,3,3,bus,INTRUSION,CROSSED_RESTRICTED_ZONE,0.9581,307,222,C:\Users\sharm\CCTV-YOLO\IBVAP\backend\logs\snapshots\intrusion_0150.jpg
2026-09-11,01:53:14,3,3,bus,INTRUSION,CROSSED_RESTRICTED_ZONE,0.9606,307,222,C:\Users\sharm\CCTV-YOLO\IBVAP\backend\logs\snapshots\intrusion_0151.jpg
2026-09-11,01:53:14,3,3,bus,INTRUSION,CROSSED_RESTRICTED_ZONE,0.8205,308,222,C:\Users\sharm\CCTV-YOLO\IBVAP\backend\logs\snapshots\intrusion_0152.jpg
2026-09-11,01:53:15,1,1,person,SUSPICIOUS_ACTIVITY,ERRATIC MOVEMENT | RAPID MOVEMENT,1.0000,203,337,C:\Users\sharm\CCTV-YOLO\IBVAP\backend\logs\snapshots\suspicious_0010.jpg
2026-09-11,01:53:15,3,3,bus,INTRUSION,CROSSED_RESTRICTED_ZONE,0.9605,308,222,C:\Users\sharm\CCTV-YOLO\IBVAP\backend\logs\snapshots\intrusion_0153.jpg
2026-09-11,01:53:16,3,3,bus,INTRUSION,CROSSED_RESTRICTED_ZONE,0.9583,308,222,C:\Users\sharm\CCTV-YOLO\IBVAP\backend\logs\snapshots\intrusion_0154.jpg
2026-09-11,01:53:16,3,3,bus,INTRUSION,CROSSED_RESTRICTED_ZONE,0.9567,308,221,C:\Users\sharm\CCTV-YOLO\IBVAP\backend\logs\snapshots\intrusion_0155.jpg
2026-09-11,01:53:17,3,3,bus,INTRUSION,CROSSED_RESTRICTED_ZONE,0.9582,308,220,C:\Users\sharm\CCTV-YOLO\IBVAP\backend\logs\snapshots\intrusion_0156.jpg
2026-09-11,01:53:18,3,3,bus,INTRUSION,CROSSED_RESTRICTED_ZONE,0.9589,308,221,C:\Users\sharm\CCTV-YOLO\IBVAP\backend\logs\snapshots\intrusion_0157.jpg
2026-09-11,01:53:18,3,3,bus,INTRUSION,CROSSED_RESTRICTED_ZONE,0.9584,308,221,C:\Users\sharm\CCTV-YOLO\IBVAP\backend\logs\snapshots\intrusion_0158.jpg
2026-09-11,01:53:19,3,3,bus,INTRUSION,CROSSED_RESTRICTED_ZONE,0.8878,309,220,C:\Users\sharm\CCTV-YOLO\IBVAP\backend\logs\snapshots\intrusion_0159.jpg
2026-09-11,01:53:19,3,3,bus,INTRUSION,CROSSED_RESTRICTED_ZONE,0.7562,309,220,C:\Users\sharm\CCTV-YOLO\IBVAP\backend\logs\snapshots\intrusion_0160.jpg
2026-09-11,01:53:20,3,3,bus,INTRUSION,CROSSED_RESTRICTED_ZONE,0.9595,309,220,C:\Users\sharm\CCTV-YOLO\IBVAP\backend\logs\snapshots\intrusion_0161.jpg
2026-09-11,01:53:21,3,3,bus,INTRUSION,CROSSED_RESTRICTED_ZONE,0.9577,309,221,C:\Users\sharm\CCTV-YOLO\IBVAP\backend\logs\snapshots\intrusion_0162.jpg
2026-09-11,01:53:21,3,3,bus,INTRUSION,CROSSED_RESTRICTED_ZONE,0.9599,308,221,C:\Users\sharm\CCTV-YOLO\IBVAP\backend\logs\snapshots\intrusion_0163.jpg
2026-09-11,01:53:22,3,3,bus,INTRUSION,CROSSED_RESTRICTED_ZONE,0.9603,308,222,C:\Users\sharm\CCTV-YOLO\IBVAP\backend\logs\snapshots\intrusion_0164.jpg
2026-09-11,01:53:23,3,3,bus,INTRUSION,CROSSED_RESTRICTED_ZONE,0.9615,308,221,C:\Users\sharm\CCTV-YOLO\IBVAP\backend\logs\snapshots\intrusion_0165.jpg
2026-09-11,01:53:23,3,3,bus,INTRUSION,CROSSED_RESTRICTED_ZONE,0.9608,308,222,C:\Users\sharm\CCTV-YOLO\IBVAP\backend\logs\snapshots\intrusion_0166.jpg
2026-09-11,01:53:24,3,3,bus,INTRUSION,CROSSED_RESTRICTED_ZONE,0.9632,308,222,C:\Users\sharm\CCTV-YOLO\IBVAP\backend\logs\snapshots\intrusion_0167.jpg
2026-09-11,01:53:25,3,3,bus,INTRUSION,CROSSED_RESTRICTED_ZONE,0.9628,309,222,C:\Users\sharm\CCTV-YOLO\IBVAP\backend\logs\snapshots\intrusion_0168.jpg
2026-09-11,01:53:25,1,1,person,SUSPICIOUS_ACTIVITY,ERRATIC MOVEMENT | RAPID MOVEMENT,1.0000,125,333,C:\Users\sharm\CCTV-YOLO\IBVAP\backend\logs\snapshots\suspicious_0011.jpg
2026-09-11,01:53:25,3,3,bus,INTRUSION,CROSSED_RESTRICTED_ZONE,0.9634,309,222,C:\Users\sharm\CCTV-YOLO\IBVAP\backend\logs\snapshots\intrusion_0169.jpg
2026-09-11,01:53:26,3,3,bus,INTRUSION,CROSSED_RESTRICTED_ZONE,0.9629,309,221,C:\Users\sharm\CCTV-YOLO\IBVAP\backend\logs\snapshots\intrusion_0170.jpg
2026-09-11,01:53:27,3,3,bus,INTRUSION,CROSSED_RESTRICTED_ZONE,0.9503,309,221,C:\Users\sharm\CCTV-YOLO\IBVAP\backend\logs\snapshots\intrusion_0171.jpg
2026-09-11,01:53:27,3,3,bus,INTRUSION,CROSSED_RESTRICTED_ZONE,0.9503,309,221,C:\Users\sharm\CCTV-YOLO\IBVAP\backend\logs\snapshots\intrusion_0172.jpg
2026-09-11,01:53:28,3,3,bus,INTRUSION,CROSSED_RESTRICTED_ZONE,0.9109,309,222,C:\Users\sharm\CCTV-YOLO\IBVAP\backend\logs\snapshots\intrusion_0173.jpg
2026-09-11,01:53:29,3,3,bus,INTRUSION,CROSSED_RESTRICTED_ZONE,0.5929,309,221,C:\Users\sharm\CCTV-YOLO\IBVAP\backend\logs\snapshots\intrusion_0174.jpg
2026-09-11,01:53:29,3,3,bus,INTRUSION,CROSSED_RESTRICTED_ZONE,0.9535,309,222,C:\Users\sharm\CCTV-YOLO\IBVAP\backend\logs\snapshots\intrusion_0175.jpg
2026-09-11,01:53:30,3,3,bus,INTRUSION,CROSSED_RESTRICTED_ZONE,0.9571,309,222,C:\Users\sharm\CCTV-YOLO\IBVAP\backend\logs\snapshots\intrusion_0176.jpg
2026-09-11,01:53:31,3,3,bus,INTRUSION,CROSSED_RESTRICTED_ZONE,0.9566,309,222,C:\Users\sharm\CCTV-YOLO\IBVAP\backend\logs\snapshots\intrusion_0177.jpg
2026-09-11,01:53:31,3,3,bus,INTRUSION,CROSSED_RESTRICTED_ZONE,0.8614,309,221,C:\Users\sharm\CCTV-YOLO\IBVAP\backend\logs\snapshots\intrusion_0178.jpg
2026-09-11,01:53:32,3,3,bus,INTRUSION,CROSSED_RESTRICTED_ZONE,0.9589,309,221,C:\Users\sharm\CCTV-YOLO\IBVAP\backend\logs\snapshots\intrusion_0179.jpg
2026-09-11,01:53:33,3,3,bus,INTRUSION,CROSSED_RESTRICTED_ZONE,0.8770,310,221,C:\Users\sharm\CCTV-YOLO\IBVAP\backend\logs\snapshots\intrusion_0180.jpg
2026-09-11,01:53:33,3,3,bus,INTRUSION,CROSSED_RESTRICTED_ZONE,0.8408,310,221,C:\Users\sharm\CCTV-YOLO\IBVAP\backend\logs\snapshots\intrusion_0181.jpg
2026-09-11,01:53:34,3,3,bus,INTRUSION,CROSSED_RESTRICTED_ZONE,0.9553,310,221,C:\Users\sharm\CCTV-YOLO\IBVAP\backend\logs\snapshots\intrusion_0182.jpg
2026-09-11,01:53:35,3,3,bus,INTRUSION,CROSSED_RESTRICTED_ZONE,0.9298,310,222,C:\Users\sharm\CCTV-YOLO\IBVAP\backend\logs\snapshots\intrusion_0183.jpg
2026-09-11,01:53:35,3,3,bus,INTRUSION,CROSSED_RESTRICTED_ZONE,0.9459,310,221,C:\Users\sharm\CCTV-YOLO\IBVAP\backend\logs\snapshots\intrusion_0184.jpg
2026-09-11,01:53:36,1,1,person,SUSPICIOUS_ACTIVITY,ERRATIC MOVEMENT | RAPID MOVEMENT,1.0000,107,331,C:\Users\sharm\CCTV-YOLO\IBVAP\backend\logs\snapshots\suspicious_0012.jpg
2026-09-11,01:53:36,3,3,bus,INTRUSION,CROSSED_RESTRICTED_ZONE,0.9006,310,221,C:\Users\sharm\CCTV-YOLO\IBVAP\backend\logs\snapshots\intrusion_0185.jpg
2026-09-11,01:53:37,3,3,bus,INTRUSION,CROSSED_RESTRICTED_ZONE,0.9048,309,221,C:\Users\sharm\CCTV-YOLO\IBVAP\backend\logs\snapshots\intrusion_0186.jpg
2026-09-11,01:53:37,3,3,bus,INTRUSION,CROSSED_RESTRICTED_ZONE,0.9431,309,221,C:\Users\sharm\CCTV-YOLO\IBVAP\backend\logs\snapshots\intrusion_0187.jpg
2026-09-11,01:53:38,3,3,bus,INTRUSION,CROSSED_RESTRICTED_ZONE,0.9487,309,221,C:\Users\sharm\CCTV-YOLO\IBVAP\backend\logs\snapshots\intrusion_0188.jpg
2026-09-11,01:53:38,3,3,bus,INTRUSION,CROSSED_RESTRICTED_ZONE,0.9473,309,221,C:\Users\sharm\CCTV-YOLO\IBVAP\backend\logs\snapshots\intrusion_0189.jpg
2026-09-11,01:53:39,3,3,bus,INTRUSION,CROSSED_RESTRICTED_ZONE,0.6448,309,221,C:\Users\sharm\CCTV-YOLO\IBVAP\backend\logs\snapshots\intrusion_0190.jpg
2026-09-11,01:53:40,3,3,bus,INTRUSION,CROSSED_RESTRICTED_ZONE,0.9496,309,221,C:\Users\sharm\CCTV-YOLO\IBVAP\backend\logs\snapshots\intrusion_0191.jpg
2026-09-11,01:53:40,3,3,bus,INTRUSION,CROSSED_RESTRICTED_ZONE,0.9624,309,221,C:\Users\sharm\CCTV-YOLO\IBVAP\backend\logs\snapshots\intrusion_0192.jpg
2026-09-11,01:53:41,3,3,bus,INTRUSION,CROSSED_RESTRICTED_ZONE,0.9464,309,221,C:\Users\sharm\CCTV-YOLO\IBVAP\backend\logs\snapshots\intrusion_0193.jpg
2026-09-11,01:53:42,3,3,bus,INTRUSION,CROSSED_RESTRICTED_ZONE,0.9439,309,221,C:\Users\sharm\CCTV-YOLO\IBVAP\backend\logs\snapshots\intrusion_0194.jpg
2026-09-11,01:53:42,3,3,bus,INTRUSION,CROSSED_RESTRICTED_ZONE,0.9453,309,221,C:\Users\sharm\CCTV-YOLO\IBVAP\backend\logs\snapshots\intrusion_0195.jpg
2026-09-11,01:53:43,3,3,bus,INTRUSION,CROSSED_RESTRICTED_ZONE,0.9458,309,221,C:\Users\sharm\CCTV-YOLO\IBVAP\backend\logs\snapshots\intrusion_0196.jpg
2026-09-11,01:53:44,3,3,bus,INTRUSION,CROSSED_RESTRICTED_ZONE,0.9471,309,221,C:\Users\sharm\CCTV-YOLO\IBVAP\backend\logs\snapshots\intrusion_0197.jpg
2026-09-11,01:53:44,3,3,bus,INTRUSION,CROSSED_RESTRICTED_ZONE,0.9477,309,221,C:\Users\sharm\CCTV-YOLO\IBVAP\backend\logs\snapshots\intrusion_0198.jpg
2026-09-11,01:53:45,3,3,bus,INTRUSION,CROSSED_RESTRICTED_ZONE,0.9483,309,221,C:\Users\sharm\CCTV-YOLO\IBVAP\backend\logs\snapshots\intrusion_0199.jpg
2026-09-11,01:53:46,3,3,bus,INTRUSION,CROSSED_RESTRICTED_ZONE,0.9499,309,221,C:\Users\sharm\CCTV-YOLO\IBVAP\backend\logs\snapshots\intrusion_0200.jpg
2026-09-11,01:53:46,1,1,person,SUSPICIOUS_ACTIVITY,ERRATIC MOVEMENT | RAPID MOVEMENT,1.0000,101,331,C:\Users\sharm\CCTV-YOLO\IBVAP\backend\logs\snapshots\suspicious_0013.jpg
2026-09-11,01:53:46,3,3,bus,INTRUSION,CROSSED_RESTRICTED_ZONE,0.9484,309,221,C:\Users\sharm\CCTV-YOLO\IBVAP\backend\logs\snapshots\intrusion_0201.jpg
2026-09-11,01:53:47,3,3,bus,INTRUSION,CROSSED_RESTRICTED_ZONE,0.9484,309,221,C:\Users\sharm\CCTV-YOLO\IBVAP\backend\logs\snapshots\intrusion_0202.jpg
2026-09-11,01:53:47,3,3,bus,INTRUSION,CROSSED_RESTRICTED_ZONE,0.9491,309,221,C:\Users\sharm\CCTV-YOLO\IBVAP\backend\logs\snapshots\intrusion_0203.jpg
2026-09-11,01:53:48,3,3,bus,INTRUSION,CROSSED_RESTRICTED_ZONE,0.9500,309,221,C:\Users\sharm\CCTV-YOLO\IBVAP\backend\logs\snapshots\intrusion_0204.jpg
2026-09-11,01:53:49,3,3,bus,INTRUSION,CROSSED_RESTRICTED_ZONE,0.9489,309,221,C:\Users\sharm\CCTV-YOLO\IBVAP\backend\logs\snapshots\intrusion_0205.jpg
2026-09-11,01:53:49,3,3,bus,INTRUSION,CROSSED_RESTRICTED_ZONE,0.9482,309,222,C:\Users\sharm\CCTV-YOLO\IBVAP\backend\logs\snapshots\intrusion_0206.jpg
2026-09-11,01:53:50,3,3,bus,INTRUSION,CROSSED_RESTRICTED_ZONE,0.6724,309,222,C:\Users\sharm\CCTV-YOLO\IBVAP\backend\logs\snapshots\intrusion_0207.jpg
2026-09-11,01:53:51,3,3,bus,INTRUSION,CROSSED_RESTRICTED_ZONE,0.9592,309,221,C:\Users\sharm\CCTV-YOLO\IBVAP\backend\logs\snapshots\intrusion_0208.jpg
2026-09-11,01:53:51,3,3,bus,INTRUSION,CROSSED_RESTRICTED_ZONE,0.9597,309,221,C:\Users\sharm\CCTV-YOLO\IBVAP\backend\logs\snapshots\intrusion_0209.jpg
2026-09-11,01:53:52,3,3,bus,INTRUSION,CROSSED_RESTRICTED_ZONE,0.4619,308,221,C:\Users\sharm\CCTV-YOLO\IBVAP\backend\logs\snapshots\intrusion_0210.jpg
2026-09-11,01:53:52,3,3,bus,INTRUSION,CROSSED_RESTRICTED_ZONE,0.9531,308,221,C:\Users\sharm\CCTV-YOLO\IBVAP\backend\logs\snapshots\intrusion_0211.jpg
2026-09-11,01:53:53,3,3,bus,INTRUSION,CROSSED_RESTRICTED_ZONE,0.8744,308,221,C:\Users\sharm\CCTV-YOLO\IBVAP\backend\logs\snapshots\intrusion_0212.jpg
2026-09-11,01:53:54,3,3,bus,INTRUSION,CROSSED_RESTRICTED_ZONE,0.9380,308,221,C:\Users\sharm\CCTV-YOLO\IBVAP\backend\logs\snapshots\intrusion_0213.jpg
2026-09-11,01:53:54,3,3,bus,INTRUSION,CROSSED_RESTRICTED_ZONE,0.9574,308,221,C:\Users\sharm\CCTV-YOLO\IBVAP\backend\logs\snapshots\intrusion_0214.jpg
2026-09-11,01:53:55,3,3,bus,INTRUSION,CROSSED_RESTRICTED_ZONE,0.9465,309,221,C:\Users\sharm\CCTV-YOLO\IBVAP\backend\logs\snapshots\intrusion_0215.jpg
2026-09-11,01:53:56,3,3,bus,INTRUSION,CROSSED_RESTRICTED_ZONE,0.4002,309,221,C:\Users\sharm\CCTV-YOLO\IBVAP\backend\logs\snapshots\intrusion_0216.jpg
2026-09-11,01:53:56,1,1,person,SUSPICIOUS_ACTIVITY,ERRATIC MOVEMENT | RAPID MOVEMENT,1.0000,161,334,C:\Users\sharm\CCTV-YOLO\IBVAP\backend\logs\snapshots\suspicious_0014.jpg
2026-09-11,01:53:56,3,3,bus,INTRUSION,CROSSED_RESTRICTED_ZONE,0.9580,309,221,C:\Users\sharm\CCTV-YOLO\IBVAP\backend\logs\snapshots\intrusion_0217.jpg
2026-09-11,01:53:57,3,3,bus,INTRUSION,CROSSED_RESTRICTED_ZONE,0.9568,309,221,C:\Users\sharm\CCTV-YOLO\IBVAP\backend\logs\snapshots\intrusion_0218.jpg
2026-09-11,01:53:58,3,3,bus,INTRUSION,CROSSED_RESTRICTED_ZONE,0.6916,309,221,C:\Users\sharm\CCTV-YOLO\IBVAP\backend\logs\snapshots\intrusion_0219.jpg
2026-09-11,01:53:58,3,3,bus,INTRUSION,CROSSED_RESTRICTED_ZONE,0.9476,309,220,C:\Users\sharm\CCTV-YOLO\IBVAP\backend\logs\snapshots\intrusion_0220.jpg
2026-09-11,01:53:59,3,3,bus,INTRUSION,CROSSED_RESTRICTED_ZONE,0.9439,309,221,C:\Users\sharm\CCTV-YOLO\IBVAP\backend\logs\snapshots\intrusion_0221.jpg
2026-09-11,01:53:59,3,3,bus,INTRUSION,CROSSED_RESTRICTED_ZONE,0.9577,308,221,C:\Users\sharm\CCTV-YOLO\IBVAP\backend\logs\snapshots\intrusion_0222.jpg
2026-09-11,01:54:00,3,3,bus,INTRUSION,CROSSED_RESTRICTED_ZONE,0.9594,308,221,C:\Users\sharm\CCTV-YOLO\IBVAP\backend\logs\snapshots\intrusion_0223.jpg
2026-09-11,01:54:01,69,4,person,SUSPICIOUS_ACTIVITY,RAPID MOVEMENT,0.4167,174,226,C:\Users\sharm\CCTV-YOLO\IBVAP\backend\logs\snapshots\suspicious_0015.jpg
2026-09-11,01:54:01,3,3,bus,INTRUSION,CROSSED_RESTRICTED_ZONE,0.9573,308,221,C:\Users\sharm\CCTV-YOLO\IBVAP\backend\logs\snapshots\intrusion_0224.jpg
2026-09-11,01:54:01,3,3,bus,INTRUSION,CROSSED_RESTRICTED_ZONE,0.9575,308,221,C:\Users\sharm\CCTV-YOLO\IBVAP\backend\logs\snapshots\intrusion_0225.jpg
2026-09-11,01:54:02,3,3,bus,INTRUSION,CROSSED_RESTRICTED_ZONE,0.9596,308,221,C:\Users\sharm\CCTV-YOLO\IBVAP\backend\logs\snapshots\intrusion_0226.jpg
2026-09-11,01:54:03,3,3,bus,INTRUSION,CROSSED_RESTRICTED_ZONE,0.9592,308,222,C:\Users\sharm\CCTV-YOLO\IBVAP\backend\logs\snapshots\intrusion_0227.jpg
2026-09-11,01:54:03,3,3,bus,INTRUSION,CROSSED_RESTRICTED_ZONE,0.9602,308,222,C:\Users\sharm\CCTV-YOLO\IBVAP\backend\logs\snapshots\intrusion_0228.jpg
2026-09-11,01:54:04,3,3,bus,INTRUSION,CROSSED_RESTRICTED_ZONE,0.9566,308,221,C:\Users\sharm\CCTV-YOLO\IBVAP\backend\logs\snapshots\intrusion_0229.jpg
2026-09-11,01:54:04,3,3,bus,INTRUSION,CROSSED_RESTRICTED_ZONE,0.9558,308,221,C:\Users\sharm\CCTV-YOLO\IBVAP\backend\logs\snapshots\intrusion_0230.jpg
2026-09-11,01:54:05,3,3,bus,INTRUSION,CROSSED_RESTRICTED_ZONE,0.8951,308,221,C:\Users\sharm\CCTV-YOLO\IBVAP\backend\logs\snapshots\intrusion_0231.jpg
2026-09-11,01:54:06,3,3,bus,INTRUSION,CROSSED_RESTRICTED_ZONE,0.9555,309,221,C:\Users\sharm\CCTV-YOLO\IBVAP\backend\logs\snapshots\intrusion_0232.jpg
2026-09-11,01:54:06,1,1,person,SUSPICIOUS_ACTIVITY,ERRATIC MOVEMENT | RAPID MOVEMENT,1.0000,229,333,C:\Users\sharm\CCTV-YOLO\IBVAP\backend\logs\snapshots\suspicious_0016.jpg
2026-09-11,01:54:06,3,3,bus,INTRUSION,CROSSED_RESTRICTED_ZONE,0.9599,309,220,C:\Users\sharm\CCTV-YOLO\IBVAP\backend\logs\snapshots\intrusion_0233.jpg
2026-09-11,01:54:07,3,3,bus,INTRUSION,CROSSED_RESTRICTED_ZONE,0.9629,309,220,C:\Users\sharm\CCTV-YOLO\IBVAP\backend\logs\snapshots\intrusion_0234.jpg
2026-09-11,01:54:08,1,1,person,INTRUSION,CROSSED_RESTRICTED_ZONE,0.8821,195,239,C:\Users\sharm\CCTV-YOLO\IBVAP\backend\logs\snapshots\intrusion_0235.jpg
2026-09-11,01:54:08,3,3,bus,INTRUSION,CROSSED_RESTRICTED_ZONE,0.9575,308,220,C:\Users\sharm\CCTV-YOLO\IBVAP\backend\logs\snapshots\intrusion_0236.jpg
2026-09-11,01:54:09,1,1,person,INTRUSION,CROSSED_RESTRICTED_ZONE,0.8422,195,241,C:\Users\sharm\CCTV-YOLO\IBVAP\backend\logs\snapshots\intrusion_0237.jpg
2026-09-11,01:54:09,3,3,bus,INTRUSION,CROSSED_RESTRICTED_ZONE,0.9578,308,220,C:\Users\sharm\CCTV-YOLO\IBVAP\backend\logs\snapshots\intrusion_0238.jpg
2026-09-11,01:54:10,1,1,person,INTRUSION,CROSSED_RESTRICTED_ZONE,0.7194,196,241,C:\Users\sharm\CCTV-YOLO\IBVAP\backend\logs\snapshots\intrusion_0239.jpg
2026-09-11,01:54:10,3,3,bus,INTRUSION,CROSSED_RESTRICTED_ZONE,0.9564,308,220,C:\Users\sharm\CCTV-YOLO\IBVAP\backend\logs\snapshots\intrusion_0240.jpg
2026-09-11,01:54:11,67,4,person,SUSPICIOUS_ACTIVITY,ERRATIC MOVEMENT | RAPID MOVEMENT,1.0000,160,228,C:\Users\sharm\CCTV-YOLO\IBVAP\backend\logs\snapshots\suspicious_0017.jpg
2026-09-11,01:54:11,1,1,person,INTRUSION,CROSSED_RESTRICTED_ZONE,0.8085,196,241,C:\Users\sharm\CCTV-YOLO\IBVAP\backend\logs\snapshots\intrusion_0241.jpg
2026-09-11,01:54:12,3,3,bus,INTRUSION,CROSSED_RESTRICTED_ZONE,0.9567,308,220,C:\Users\sharm\CCTV-YOLO\IBVAP\backend\logs\snapshots\intrusion_0242.jpg
2026-09-11,01:54:12,1,1,person,INTRUSION,CROSSED_RESTRICTED_ZONE,0.7135,196,241,C:\Users\sharm\CCTV-YOLO\IBVAP\backend\logs\snapshots\intrusion_0243.jpg
2026-09-11,01:54:13,3,3,bus,INTRUSION,CROSSED_RESTRICTED_ZONE,0.9567,308,221,C:\Users\sharm\CCTV-YOLO\IBVAP\backend\logs\snapshots\intrusion_0244.jpg
2026-09-11,01:54:13,1,1,person,INTRUSION,CROSSED_RESTRICTED_ZONE,0.5293,196,240,C:\Users\sharm\CCTV-YOLO\IBVAP\backend\logs\snapshots\intrusion_0245.jpg
2026-09-11,01:54:14,3,3,bus,INTRUSION,CROSSED_RESTRICTED_ZONE,0.9568,307,221,C:\Users\sharm\CCTV-YOLO\IBVAP\backend\logs\snapshots\intrusion_0246.jpg
2026-09-11,01:54:15,1,1,person,INTRUSION,CROSSED_RESTRICTED_ZONE,0.4209,195,240,C:\Users\sharm\CCTV-YOLO\IBVAP\backend\logs\snapshots\intrusion_0247.jpg
2026-09-11,01:54:15,3,3,bus,INTRUSION,CROSSED_RESTRICTED_ZONE,0.9573,307,221,C:\Users\sharm\CCTV-YOLO\IBVAP\backend\logs\snapshots\intrusion_0248.jpg
2026-09-11,01:54:16,1,1,person,INTRUSION,CROSSED_RESTRICTED_ZONE,0.7909,195,240,C:\Users\sharm\CCTV-YOLO\IBVAP\backend\logs\snapshots\intrusion_0249.jpg
2026-09-11,01:54:16,3,3,bus,INTRUSION,CROSSED_RESTRICTED_ZONE,0.9611,308,220,C:\Users\sharm\CCTV-YOLO\IBVAP\backend\logs\snapshots\intrusion_0250.jpg
2026-09-11,01:54:17,1,1,person,SUSPICIOUS_ACTIVITY,ERRATIC MOVEMENT | RAPID MOVEMENT,1.0000,271,319,C:\Users\sharm\CCTV-YOLO\IBVAP\backend\logs\snapshots\suspicious_0018.jpg
2026-09-11,01:54:17,1,1,person,INTRUSION,CROSSED_RESTRICTED_ZONE,0.8565,196,239,C:\Users\sharm\CCTV-YOLO\IBVAP\backend\logs\snapshots\intrusion_0251.jpg
2026-09-11,01:54:18,3,3,bus,INTRUSION,CROSSED_RESTRICTED_ZONE,0.7239,309,219,C:\Users\sharm\CCTV-YOLO\IBVAP\backend\logs\snapshots\intrusion_0252.jpg
2026-09-11,01:54:18,1,1,person,INTRUSION,CROSSED_RESTRICTED_ZONE,0.8199,196,239,C:\Users\sharm\CCTV-YOLO\IBVAP\backend\logs\snapshots\intrusion_0253.jpg
2026-09-11,01:54:19,3,3,bus,INTRUSION,CROSSED_RESTRICTED_ZONE,0.9481,309,218,C:\Users\sharm\CCTV-YOLO\IBVAP\backend\logs\snapshots\intrusion_0254.jpg
2026-09-11,01:54:19,1,1,person,INTRUSION,CROSSED_RESTRICTED_ZONE,0.7985,195,239,C:\Users\sharm\CCTV-YOLO\IBVAP\backend\logs\snapshots\intrusion_0255.jpg
2026-09-11,01:54:20,1,1,person,INTRUSION,CROSSED_RESTRICTED_ZONE,0.8923,196,238,C:\Users\sharm\CCTV-YOLO\IBVAP\backend\logs\snapshots\intrusion_0256.jpg
2026-09-11,01:54:21,1,1,person,INTRUSION,CROSSED_RESTRICTED_ZONE,0.8813,196,238,C:\Users\sharm\CCTV-YOLO\IBVAP\backend\logs\snapshots\intrusion_0257.jpg
2026-09-11,01:54:21,67,4,person,SUSPICIOUS_ACTIVITY,ERRATIC MOVEMENT | RAPID MOVEMENT,1.0000,160,228,C:\Users\sharm\CCTV-YOLO\IBVAP\backend\logs\snapshots\suspicious_0019.jpg
2026-09-11,01:54:21,1,1,person,INTRUSION,CROSSED_RESTRICTED_ZONE,0.8578,196,238,C:\Users\sharm\CCTV-YOLO\IBVAP\backend\logs\snapshots\intrusion_0258.jpg
2026-09-11,01:54:22,1,1,person,INTRUSION,CROSSED_RESTRICTED_ZONE,0.7877,196,238,C:\Users\sharm\CCTV-YOLO\IBVAP\backend\logs\snapshots\intrusion_0259.jpg
2026-09-11,01:54:23,1,1,person,INTRUSION,CROSSED_RESTRICTED_ZONE,0.8377,196,238,C:\Users\sharm\CCTV-YOLO\IBVAP\backend\logs\snapshots\intrusion_0260.jpg
2026-09-11,01:54:23,1,1,person,INTRUSION,CROSSED_RESTRICTED_ZONE,0.8448,196,238,C:\Users\sharm\CCTV-YOLO\IBVAP\backend\logs\snapshots\intrusion_0261.jpg
2026-09-11,01:54:24,1,1,person,INTRUSION,CROSSED_RESTRICTED_ZONE,0.8520,196,238,C:\Users\sharm\CCTV-YOLO\IBVAP\backend\logs\snapshots\intrusion_0262.jpg
2026-09-11,01:54:25,1,1,person,INTRUSION,CROSSED_RESTRICTED_ZONE,0.8891,196,238,C:\Users\sharm\CCTV-YOLO\IBVAP\backend\logs\snapshots\intrusion_0263.jpg
2026-09-11,01:54:25,1,1,person,INTRUSION,CROSSED_RESTRICTED_ZONE,0.8859,196,238,C:\Users\sharm\CCTV-YOLO\IBVAP\backend\logs\snapshots\intrusion_0264.jpg
2026-09-11,01:54:26,1,1,person,INTRUSION,CROSSED_RESTRICTED_ZONE,0.8775,195,238,C:\Users\sharm\CCTV-YOLO\IBVAP\backend\logs\snapshots\intrusion_0265.jpg
2026-09-11,01:54:27,1,1,person,INTRUSION,CROSSED_RESTRICTED_ZONE,0.8635,194,238,C:\Users\sharm\CCTV-YOLO\IBVAP\backend\logs\snapshots\intrusion_0266.jpg
2026-09-11,01:54:27,1,1,person,SUSPICIOUS_ACTIVITY,ERRATIC MOVEMENT | RAPID MOVEMENT,1.0000,357,292,C:\Users\sharm\CCTV-YOLO\IBVAP\backend\logs\snapshots\suspicious_0020.jpg
2026-09-11,01:54:27,1,1,person,INTRUSION,CROSSED_RESTRICTED_ZONE,0.8458,194,238,C:\Users\sharm\CCTV-YOLO\IBVAP\backend\logs\snapshots\intrusion_0267.jpg
2026-09-11,01:54:28,1,1,person,INTRUSION,CROSSED_RESTRICTED_ZONE,0.8584,194,239,C:\Users\sharm\CCTV-YOLO\IBVAP\backend\logs\snapshots\intrusion_0268.jpg
2026-09-11,01:54:29,1,1,person,INTRUSION,CROSSED_RESTRICTED_ZONE,0.8516,194,239,C:\Users\sharm\CCTV-YOLO\IBVAP\backend\logs\snapshots\intrusion_0269.jpg
2026-09-11,01:54:29,1,1,person,INTRUSION,CROSSED_RESTRICTED_ZONE,0.8349,194,239,C:\Users\sharm\CCTV-YOLO\IBVAP\backend\logs\snapshots\intrusion_0270.jpg
2026-09-11,01:54:30,1,1,person,INTRUSION,CROSSED_RESTRICTED_ZONE,0.8016,194,239,C:\Users\sharm\CCTV-YOLO\IBVAP\backend\logs\snapshots\intrusion_0271.jpg
2026-09-11,01:54:30,1,1,person,INTRUSION,CROSSED_RESTRICTED_ZONE,0.7021,194,238,C:\Users\sharm\CCTV-YOLO\IBVAP\backend\logs\snapshots\intrusion_0272.jpg
2026-09-11,01:54:31,3,3,bus,INTRUSION,CROSSED_RESTRICTED_ZONE,0.9324,309,222,C:\Users\sharm\CCTV-YOLO\IBVAP\backend\logs\snapshots\intrusion_0273.jpg
2026-09-11,01:54:32,67,4,person,SUSPICIOUS_ACTIVITY,ERRATIC MOVEMENT | RAPID MOVEMENT,1.0000,159,228,C:\Users\sharm\CCTV-YOLO\IBVAP\backend\logs\snapshots\suspicious_0021.jpg
2026-09-11,01:54:32,1,1,person,INTRUSION,CROSSED_RESTRICTED_ZONE,0.1192,194,238,C:\Users\sharm\CCTV-YOLO\IBVAP\backend\logs\snapshots\intrusion_0274.jpg
2026-09-11,01:54:32,3,3,bus,INTRUSION,CROSSED_RESTRICTED_ZONE,0.9328,309,222,C:\Users\sharm\CCTV-YOLO\IBVAP\backend\logs\snapshots\intrusion_0275.jpg
2026-09-11,01:54:33,3,3,bus,INTRUSION,CROSSED_RESTRICTED_ZONE,0.9423,309,221,C:\Users\sharm\CCTV-YOLO\IBVAP\backend\logs\snapshots\intrusion_0276.jpg
2026-09-11,01:54:33,3,3,bus,INTRUSION,CROSSED_RESTRICTED_ZONE,0.9423,309,221,C:\Users\sharm\CCTV-YOLO\IBVAP\backend\logs\snapshots\intrusion_0277.jpg
2026-09-11,01:54:34,3,3,bus,INTRUSION,CROSSED_RESTRICTED_ZONE,0.9419,309,221,C:\Users\sharm\CCTV-YOLO\IBVAP\backend\logs\snapshots\intrusion_0278.jpg
2026-09-11,01:54:34,3,3,bus,INTRUSION,CROSSED_RESTRICTED_ZONE,0.9395,309,220,C:\Users\sharm\CCTV-YOLO\IBVAP\backend\logs\snapshots\intrusion_0279.jpg
2026-09-11,01:54:35,3,3,bus,INTRUSION,CROSSED_RESTRICTED_ZONE,0.9403,309,220,C:\Users\sharm\CCTV-YOLO\IBVAP\backend\logs\snapshots\intrusion_0280.jpg
2026-09-11,01:54:36,3,3,bus,INTRUSION,CROSSED_RESTRICTED_ZONE,0.9402,309,221,C:\Users\sharm\CCTV-YOLO\IBVAP\backend\logs\snapshots\intrusion_0281.jpg
2026-09-11,01:54:36,3,3,bus,INTRUSION,CROSSED_RESTRICTED_ZONE,0.9398,309,221,C:\Users\sharm\CCTV-YOLO\IBVAP\backend\logs\snapshots\intrusion_0282.jpg
2026-09-11,01:54:37,3,3,bus,INTRUSION,CROSSED_RESTRICTED_ZONE,0.9426,309,221,C:\Users\sharm\CCTV-YOLO\IBVAP\backend\logs\snapshots\intrusion_0283.jpg
2026-09-11,01:54:37,4,1,person,SUSPICIOUS_ACTIVITY,ERRATIC MOVEMENT,1.0000,193,237,C:\Users\sharm\CCTV-YOLO\IBVAP\backend\logs\snapshots\suspicious_0022.jpg
2026-09-11,01:54:37,3,3,bus,INTRUSION,CROSSED_RESTRICTED_ZONE,0.9410,309,221,C:\Users\sharm\CCTV-YOLO\IBVAP\backend\logs\snapshots\intrusion_0284.jpg
2026-09-11,01:54:38,3,3,bus,INTRUSION,CROSSED_RESTRICTED_ZONE,0.9429,309,221,C:\Users\sharm\CCTV-YOLO\IBVAP\backend\logs\snapshots\intrusion_0285.jpg
2026-09-11,01:54:39,3,3,bus,INTRUSION,CROSSED_RESTRICTED_ZONE,0.9408,309,221,C:\Users\sharm\CCTV-YOLO\IBVAP\backend\logs\snapshots\intrusion_0286.jpg
2026-09-11,01:54:40,3,3,bus,INTRUSION,CROSSED_RESTRICTED_ZONE,0.9405,309,221,C:\Users\sharm\CCTV-YOLO\IBVAP\backend\logs\snapshots\intrusion_0287.jpg
2026-09-11,01:54:40,3,3,bus,INTRUSION,CROSSED_RESTRICTED_ZONE,0.9401,309,221,C:\Users\sharm\CCTV-YOLO\IBVAP\backend\logs\snapshots\intrusion_0288.jpg
2026-09-11,01:54:41,3,3,bus,INTRUSION,CROSSED_RESTRICTED_ZONE,0.9401,309,221,C:\Users\sharm\CCTV-YOLO\IBVAP\backend\logs\snapshots\intrusion_0289.jpg
2026-09-11,01:54:41,3,3,bus,INTRUSION,CROSSED_RESTRICTED_ZONE,0.9406,309,221,C:\Users\sharm\CCTV-YOLO\IBVAP\backend\logs\snapshots\intrusion_0290.jpg
2026-09-11,01:54:42,67,4,person,SUSPICIOUS_ACTIVITY,ERRATIC MOVEMENT | RAPID MOVEMENT,1.0000,160,227,C:\Users\sharm\CCTV-YOLO\IBVAP\backend\logs\snapshots\suspicious_0023.jpg
2026-09-11,01:54:42,3,3,bus,INTRUSION,CROSSED_RESTRICTED_ZONE,0.9416,309,221,C:\Users\sharm\CCTV-YOLO\IBVAP\backend\logs\snapshots\intrusion_0291.jpg
2026-09-11,01:54:43,3,3,bus,INTRUSION,CROSSED_RESTRICTED_ZONE,0.9400,308,221,C:\Users\sharm\CCTV-YOLO\IBVAP\backend\logs\snapshots\intrusion_0292.jpg
2026-09-11,01:54:43,3,3,bus,INTRUSION,CROSSED_RESTRICTED_ZONE,0.9384,309,221,C:\Users\sharm\CCTV-YOLO\IBVAP\backend\logs\snapshots\intrusion_0293.jpg
2026-09-11,01:54:44,3,3,bus,INTRUSION,CROSSED_RESTRICTED_ZONE,0.9401,308,221,C:\Users\sharm\CCTV-YOLO\IBVAP\backend\logs\snapshots\intrusion_0294.jpg
2026-09-11,01:54:45,3,3,bus,INTRUSION,CROSSED_RESTRICTED_ZONE,0.9336,309,222,C:\Users\sharm\CCTV-YOLO\IBVAP\backend\logs\snapshots\intrusion_0295.jpg
2026-09-11,01:54:45,3,3,bus,INTRUSION,CROSSED_RESTRICTED_ZONE,0.9405,308,222,C:\Users\sharm\CCTV-YOLO\IBVAP\backend\logs\snapshots\intrusion_0296.jpg
2026-09-11,01:54:46,3,3,bus,INTRUSION,CROSSED_RESTRICTED_ZONE,0.9129,308,223,C:\Users\sharm\CCTV-YOLO\IBVAP\backend\logs\snapshots\intrusion_0297.jpg
2026-09-11,01:54:46,3,3,bus,INTRUSION,CROSSED_RESTRICTED_ZONE,0.9418,308,223,C:\Users\sharm\CCTV-YOLO\IBVAP\backend\logs\snapshots\intrusion_0298.jpg
2026-09-11,01:54:47,3,3,bus,INTRUSION,CROSSED_RESTRICTED_ZONE,0.9429,308,223,C:\Users\sharm\CCTV-YOLO\IBVAP\backend\logs\snapshots\intrusion_0299.jpg
2026-09-11,01:54:48,93,1,person,SUSPICIOUS_ACTIVITY,ERRATIC MOVEMENT | RAPID MOVEMENT,1.0000,210,239,C:\Users\sharm\CCTV-YOLO\IBVAP\backend\logs\snapshots\suspicious_0024.jpg
2026-09-11,01:54:48,3,3,bus,INTRUSION,CROSSED_RESTRICTED_ZONE,0.9408,308,223,C:\Users\sharm\CCTV-YOLO\IBVAP\backend\logs\snapshots\intrusion_0300.jpg
2026-09-11,01:54:48,3,3,bus,INTRUSION,CROSSED_RESTRICTED_ZONE,0.9443,308,223,C:\Users\sharm\CCTV-YOLO\IBVAP\backend\logs\snapshots\intrusion_0301.jpg
2026-09-11,01:54:49,3,3,bus,INTRUSION,CROSSED_RESTRICTED_ZONE,0.9458,308,223,C:\Users\sharm\CCTV-YOLO\IBVAP\backend\logs\snapshots\intrusion_0302.jpg
2026-09-11,01:54:49,3,3,bus,INTRUSION,CROSSED_RESTRICTED_ZONE,0.8367,308,223,C:\Users\sharm\CCTV-YOLO\IBVAP\backend\logs\snapshots\intrusion_0303.jpg
2026-09-11,01:54:50,3,3,bus,INTRUSION,CROSSED_RESTRICTED_ZONE,0.9397,307,223,C:\Users\sharm\CCTV-YOLO\IBVAP\backend\logs\snapshots\intrusion_0304.jpg
2026-09-11,01:54:51,3,3,bus,INTRUSION,CROSSED_RESTRICTED_ZONE,0.6749,307,223,C:\Users\sharm\CCTV-YOLO\IBVAP\backend\logs\snapshots\intrusion_0305.jpg
2026-09-11,01:54:51,3,3,bus,INTRUSION,CROSSED_RESTRICTED_ZONE,0.9392,307,223,C:\Users\sharm\CCTV-YOLO\IBVAP\backend\logs\snapshots\intrusion_0306.jpg
2026-09-11,01:54:52,3,3,bus,INTRUSION,CROSSED_RESTRICTED_ZONE,0.9379,307,223,C:\Users\sharm\CCTV-YOLO\IBVAP\backend\logs\snapshots\intrusion_0307.jpg
2026-09-11,01:54:52,67,4,person,SUSPICIOUS_ACTIVITY,ERRATIC MOVEMENT | RAPID MOVEMENT,1.0000,165,229,C:\Users\sharm\CCTV-YOLO\IBVAP\backend\logs\snapshots\suspicious_0025.jpg
2026-09-11,01:54:52,3,3,bus,INTRUSION,CROSSED_RESTRICTED_ZONE,0.9397,308,223,C:\Users\sharm\CCTV-YOLO\IBVAP\backend\logs\snapshots\intrusion_0308.jpg
2026-09-11,01:54:53,3,3,bus,INTRUSION,CROSSED_RESTRICTED_ZONE,0.9290,308,223,C:\Users\sharm\CCTV-YOLO\IBVAP\backend\logs\snapshots\intrusion_0309.jpg
2026-09-11,01:54:53,3,3,bus,INTRUSION,CROSSED_RESTRICTED_ZONE,0.9319,308,223,C:\Users\sharm\CCTV-YOLO\IBVAP\backend\logs\snapshots\intrusion_0310.jpg
2026-09-11,01:54:54,3,3,bus,INTRUSION,CROSSED_RESTRICTED_ZONE,0.9412,308,223,C:\Users\sharm\CCTV-YOLO\IBVAP\backend\logs\snapshots\intrusion_0311.jpg
2026-09-11,01:54:55,3,3,bus,INTRUSION,CROSSED_RESTRICTED_ZONE,0.9385,308,223,C:\Users\sharm\CCTV-YOLO\IBVAP\backend\logs\snapshots\intrusion_0312.jpg
2026-09-11,01:54:56,3,3,bus,INTRUSION,CROSSED_RESTRICTED_ZONE,0.9379,308,223,C:\Users\sharm\CCTV-YOLO\IBVAP\backend\logs\snapshots\intrusion_0313.jpg
2026-09-11,01:54:56,92,6,person,INTRUSION,CROSSED_RESTRICTED_ZONE,0.3304,368,303,C:\Users\sharm\CCTV-YOLO\IBVAP\backend\logs\snapshots\intrusion_0314.jpg
2026-09-11,01:54:57,3,3,bus,INTRUSION,CROSSED_RESTRICTED_ZONE,0.9373,308,222,C:\Users\sharm\CCTV-YOLO\IBVAP\backend\logs\snapshots\intrusion_0315.jpg
2026-09-11,01:54:58,92,6,person,INTRUSION,CROSSED_RESTRICTED_ZONE,0.3511,369,300,C:\Users\sharm\CCTV-YOLO\IBVAP\backend\logs\snapshots\intrusion_0316.jpg
2026-09-11,01:54:58,93,1,person,SUSPICIOUS_ACTIVITY,ERRATIC MOVEMENT | RAPID MOVEMENT,1.0000,214,239,C:\Users\sharm\CCTV-YOLO\IBVAP\backend\logs\snapshots\suspicious_0026.jpg
2026-09-11,01:54:58,99,6,person,SUSPICIOUS_ACTIVITY,RAPID MOVEMENT,0.4167,368,297,C:\Users\sharm\CCTV-YOLO\IBVAP\backend\logs\snapshots\suspicious_0027.jpg
2026-09-11,01:54:58,3,3,bus,INTRUSION,CROSSED_RESTRICTED_ZONE,0.9375,308,222,C:\Users\sharm\CCTV-YOLO\IBVAP\backend\logs\snapshots\intrusion_0317.jpg
2026-09-11,01:54:59,92,6,person,INTRUSION,CROSSED_RESTRICTED_ZONE,0.2956,368,297,C:\Users\sharm\CCTV-YOLO\IBVAP\backend\logs\snapshots\intrusion_0318.jpg
2026-09-11,01:54:59,3,3,bus,INTRUSION,CROSSED_RESTRICTED_ZONE,0.9343,308,222,C:\Users\sharm\CCTV-YOLO\IBVAP\backend\logs\snapshots\intrusion_0319.jpg
2026-09-11,01:55:00,92,6,person,INTRUSION,CROSSED_RESTRICTED_ZONE,0.3195,368,293,C:\Users\sharm\CCTV-YOLO\IBVAP\backend\logs\snapshots\intrusion_0320.jpg
2026-09-11,01:55:01,3,3,bus,INTRUSION,CROSSED_RESTRICTED_ZONE,0.9261,308,222,C:\Users\sharm\CCTV-YOLO\IBVAP\backend\logs\snapshots\intrusion_0321.jpg
2026-09-11,01:55:01,92,6,person,INTRUSION,CROSSED_RESTRICTED_ZONE,0.3039,368,289,C:\Users\sharm\CCTV-YOLO\IBVAP\backend\logs\snapshots\intrusion_0322.jpg
2026-09-11,01:55:02,3,3,bus,INTRUSION,CROSSED_RESTRICTED_ZONE,0.9334,308,222,C:\Users\sharm\CCTV-YOLO\IBVAP\backend\logs\snapshots\intrusion_0323.jpg
2026-09-11,01:55:02,92,6,person,INTRUSION,CROSSED_RESTRICTED_ZONE,0.2543,367,285,C:\Users\sharm\CCTV-YOLO\IBVAP\backend\logs\snapshots\intrusion_0324.jpg
2026-09-11,01:55:03,67,4,person,SUSPICIOUS_ACTIVITY,ERRATIC MOVEMENT | RAPID MOVEMENT,1.0000,168,228,C:\Users\sharm\CCTV-YOLO\IBVAP\backend\logs\snapshots\suspicious_0028.jpg
2026-09-11,01:55:03,3,3,bus,INTRUSION,CROSSED_RESTRICTED_ZONE,0.9245,308,223,C:\Users\sharm\CCTV-YOLO\IBVAP\backend\logs\snapshots\intrusion_0325.jpg
2026-09-11,01:55:03,92,6,person,INTRUSION,CROSSED_RESTRICTED_ZONE,0.2503,368,282,C:\Users\sharm\CCTV-YOLO\IBVAP\backend\logs\snapshots\intrusion_0326.jpg
2026-09-11,01:55:04,3,3,bus,INTRUSION,CROSSED_RESTRICTED_ZONE,0.9264,308,223,C:\Users\sharm\CCTV-YOLO\IBVAP\backend\logs\snapshots\intrusion_0327.jpg
2026-09-11,01:55:04,92,6,person,INTRUSION,CROSSED_RESTRICTED_ZONE,0.2572,368,280,C:\Users\sharm\CCTV-YOLO\IBVAP\backend\logs\snapshots\intrusion_0328.jpg
2026-09-11,01:55:05,3,3,bus,INTRUSION,CROSSED_RESTRICTED_ZONE,0.9186,309,224,C:\Users\sharm\CCTV-YOLO\IBVAP\backend\logs\snapshots\intrusion_0329.jpg
2026-09-11,01:55:06,92,6,person,INTRUSION,CROSSED_RESTRICTED_ZONE,0.2547,369,279,C:\Users\sharm\CCTV-YOLO\IBVAP\backend\logs\snapshots\intrusion_0330.jpg
2026-09-11,01:55:06,92,6,person,INTRUSION,CROSSED_RESTRICTED_ZONE,0.2418,370,277,C:\Users\sharm\CCTV-YOLO\IBVAP\backend\logs\snapshots\intrusion_0331.jpg
2026-09-11,01:55:07,92,6,person,INTRUSION,CROSSED_RESTRICTED_ZONE,0.2270,370,277,C:\Users\sharm\CCTV-YOLO\IBVAP\backend\logs\snapshots\intrusion_0332.jpg
2026-09-11,01:55:08,92,6,person,INTRUSION,CROSSED_RESTRICTED_ZONE,0.2443,371,277,C:\Users\sharm\CCTV-YOLO\IBVAP\backend\logs\snapshots\intrusion_0333.jpg
2026-09-11,01:55:08,92,6,person,SUSPICIOUS_ACTIVITY,ERRATIC MOVEMENT | RAPID MOVEMENT,1.0000,475,222,C:\Users\sharm\CCTV-YOLO\IBVAP\backend\logs\snapshots\suspicious_0029.jpg
2026-09-11,01:55:08,93,1,person,SUSPICIOUS_ACTIVITY,ERRATIC MOVEMENT | RAPID MOVEMENT,1.0000,216,242,C:\Users\sharm\CCTV-YOLO\IBVAP\backend\logs\snapshots\suspicious_0030.jpg
2026-09-11,01:55:08,92,6,person,INTRUSION,CROSSED_RESTRICTED_ZONE,0.2160,371,278,C:\Users\sharm\CCTV-YOLO\IBVAP\backend\logs\snapshots\intrusion_0334.jpg
2026-09-11,01:55:09,92,6,person,INTRUSION,CROSSED_RESTRICTED_ZONE,0.2078,372,277,C:\Users\sharm\CCTV-YOLO\IBVAP\backend\logs\snapshots\intrusion_0335.jpg
2026-09-11,01:55:10,92,6,person,INTRUSION,CROSSED_RESTRICTED_ZONE,0.2079,371,277,C:\Users\sharm\CCTV-YOLO\IBVAP\backend\logs\snapshots\intrusion_0336.jpg
2026-09-11,01:55:10,92,6,person,INTRUSION,CROSSED_RESTRICTED_ZONE,0.2203,371,277,C:\Users\sharm\CCTV-YOLO\IBVAP\backend\logs\snapshots\intrusion_0337.jpg
2026-09-11,01:55:11,92,6,person,INTRUSION,CROSSED_RESTRICTED_ZONE,0.2167,370,277,C:\Users\sharm\CCTV-YOLO\IBVAP\backend\logs\snapshots\intrusion_0338.jpg
2026-09-11,01:55:12,92,6,person,INTRUSION,CROSSED_RESTRICTED_ZONE,0.2020,370,278,C:\Users\sharm\CCTV-YOLO\IBVAP\backend\logs\snapshots\intrusion_0339.jpg
2026-09-11,01:55:12,92,6,person,INTRUSION,CROSSED_RESTRICTED_ZONE,0.2152,369,278,C:\Users\sharm\CCTV-YOLO\IBVAP\backend\logs\snapshots\intrusion_0340.jpg
2026-09-11,01:55:13,67,4,person,SUSPICIOUS_ACTIVITY,ERRATIC MOVEMENT,1.0000,165,231,C:\Users\sharm\CCTV-YOLO\IBVAP\backend\logs\snapshots\suspicious_0031.jpg
2026-09-11,01:55:13,92,6,person,INTRUSION,CROSSED_RESTRICTED_ZONE,0.2104,369,279,C:\Users\sharm\CCTV-YOLO\IBVAP\backend\logs\snapshots\intrusion_0341.jpg
2026-09-11,01:55:14,3,3,bus,INTRUSION,CROSSED_RESTRICTED_ZONE,0.9309,308,223,C:\Users\sharm\CCTV-YOLO\IBVAP\backend\logs\snapshots\intrusion_0342.jpg
2026-09-11,01:55:14,92,6,person,INTRUSION,CROSSED_RESTRICTED_ZONE,0.1847,369,278,C:\Users\sharm\CCTV-YOLO\IBVAP\backend\logs\snapshots\intrusion_0343.jpg
2026-09-11,01:55:15,3,3,bus,INTRUSION,CROSSED_RESTRICTED_ZONE,0.9257,308,223,C:\Users\sharm\CCTV-YOLO\IBVAP\backend\logs\snapshots\intrusion_0344.jpg
2026-09-11,01:55:16,92,6,person,INTRUSION,CROSSED_RESTRICTED_ZONE,0.1621,368,278,C:\Users\sharm\CCTV-YOLO\IBVAP\backend\logs\snapshots\intrusion_0345.jpg
2026-09-11,01:55:16,3,3,bus,INTRUSION,CROSSED_RESTRICTED_ZONE,0.9177,308,223,C:\Users\sharm\CCTV-YOLO\IBVAP\backend\logs\snapshots\intrusion_0346.jpg
2026-09-11,01:55:17,92,6,person,INTRUSION,CROSSED_RESTRICTED_ZONE,0.1646,366,277,C:\Users\sharm\CCTV-YOLO\IBVAP\backend\logs\snapshots\intrusion_0347.jpg
2026-09-11,01:55:17,3,3,bus,INTRUSION,CROSSED_RESTRICTED_ZONE,0.9258,308,223,C:\Users\sharm\CCTV-YOLO\IBVAP\backend\logs\snapshots\intrusion_0348.jpg
2026-09-11,01:55:18,92,6,person,INTRUSION,CROSSED_RESTRICTED_ZONE,0.1328,363,278,C:\Users\sharm\CCTV-YOLO\IBVAP\backend\logs\snapshots\intrusion_0349.jpg
2026-09-11,01:55:19,92,6,person,SUSPICIOUS_ACTIVITY,ERRATIC MOVEMENT | RAPID MOVEMENT,1.0000,475,222,C:\Users\sharm\CCTV-YOLO\IBVAP\backend\logs\snapshots\suspicious_0032.jpg
2026-09-11,01:55:19,4,1,person,SUSPICIOUS_ACTIVITY,ERRATIC MOVEMENT,1.0000,201,243,C:\Users\sharm\CCTV-YOLO\IBVAP\backend\logs\snapshots\suspicious_0033.jpg
2026-09-11,01:55:19,3,3,bus,INTRUSION,CROSSED_RESTRICTED_ZONE,0.9186,308,223,C:\Users\sharm\CCTV-YOLO\IBVAP\backend\logs\snapshots\intrusion_0350.jpg
2026-09-11,01:55:19,92,6,person,INTRUSION,CROSSED_RESTRICTED_ZONE,0.1294,360,279,C:\Users\sharm\CCTV-YOLO\IBVAP\backend\logs\snapshots\intrusion_0351.jpg
2026-09-11,01:55:20,92,6,person,INTRUSION,CROSSED_RESTRICTED_ZONE,0.1163,357,281,C:\Users\sharm\CCTV-YOLO\IBVAP\backend\logs\snapshots\intrusion_0352.jpg
2026-09-11,01:55:20,92,6,person,INTRUSION,CROSSED_RESTRICTED_ZONE,0.1419,353,282,C:\Users\sharm\CCTV-YOLO\IBVAP\backend\logs\snapshots\intrusion_0353.jpg
2026-09-11,01:55:21,92,6,person,INTRUSION,CROSSED_RESTRICTED_ZONE,0.1430,351,283,C:\Users\sharm\CCTV-YOLO\IBVAP\backend\logs\snapshots\intrusion_0354.jpg
2026-09-11,01:55:23,3,3,bus,INTRUSION,CROSSED_RESTRICTED_ZONE,0.9151,308,225,C:\Users\sharm\CCTV-YOLO\IBVAP\backend\logs\snapshots\intrusion_0355.jpg
2026-09-11,01:55:23,67,4,person,SUSPICIOUS_ACTIVITY,ERRATIC MOVEMENT | RAPID MOVEMENT,1.0000,165,233,C:\Users\sharm\CCTV-YOLO\IBVAP\backend\logs\snapshots\suspicious_0034.jpg
2026-09-11,01:55:24,3,3,bus,INTRUSION,CROSSED_RESTRICTED_ZONE,0.9135,308,225,C:\Users\sharm\CCTV-YOLO\IBVAP\backend\logs\snapshots\intrusion_0356.jpg
2026-09-11,01:55:24,3,3,bus,INTRUSION,CROSSED_RESTRICTED_ZONE,0.9156,307,225,C:\Users\sharm\CCTV-YOLO\IBVAP\backend\logs\snapshots\intrusion_0357.jpg
2026-09-11,01:55:25,3,3,bus,INTRUSION,CROSSED_RESTRICTED_ZONE,0.9281,307,224,C:\Users\sharm\CCTV-YOLO\IBVAP\backend\logs\snapshots\intrusion_0358.jpg
2026-09-11,01:55:25,3,3,bus,INTRUSION,CROSSED_RESTRICTED_ZONE,0.9261,307,225,C:\Users\sharm\CCTV-YOLO\IBVAP\backend\logs\snapshots\intrusion_0359.jpg
2026-09-11,01:55:26,3,3,bus,INTRUSION,CROSSED_RESTRICTED_ZONE,0.9293,307,225,C:\Users\sharm\CCTV-YOLO\IBVAP\backend\logs\snapshots\intrusion_0360.jpg
2026-09-11,01:55:27,3,3,bus,INTRUSION,CROSSED_RESTRICTED_ZONE,0.9330,308,225,C:\Users\sharm\CCTV-YOLO\IBVAP\backend\logs\snapshots\intrusion_0361.jpg
2026-09-11,01:55:27,3,3,bus,INTRUSION,CROSSED_RESTRICTED_ZONE,0.9352,308,225,C:\Users\sharm\CCTV-YOLO\IBVAP\backend\logs\snapshots\intrusion_0362.jpg
2026-09-11,01:55:28,3,3,bus,INTRUSION,CROSSED_RESTRICTED_ZONE,0.9335,308,225,C:\Users\sharm\CCTV-YOLO\IBVAP\backend\logs\snapshots\intrusion_0363.jpg
2026-09-11,01:55:29,3,3,bus,INTRUSION,CROSSED_RESTRICTED_ZONE,0.9332,308,225,C:\Users\sharm\CCTV-YOLO\IBVAP\backend\logs\snapshots\intrusion_0364.jpg
2026-09-11,01:55:29,99,6,person,SUSPICIOUS_ACTIVITY,ERRATIC MOVEMENT,1.0000,199,339,C:\Users\sharm\CCTV-YOLO\IBVAP\backend\logs\snapshots\suspicious_0035.jpg
2026-09-11,01:55:29,3,3,bus,INTRUSION,CROSSED_RESTRICTED_ZONE,0.9376,307,225,C:\Users\sharm\CCTV-YOLO\IBVAP\backend\logs\snapshots\intrusion_0365.jpg
2026-09-11,01:55:30,3,3,bus,INTRUSION,CROSSED_RESTRICTED_ZONE,0.9434,307,225,C:\Users\sharm\CCTV-YOLO\IBVAP\backend\logs\snapshots\intrusion_0366.jpg
2026-09-11,01:55:31,3,3,bus,INTRUSION,CROSSED_RESTRICTED_ZONE,0.9291,308,225,C:\Users\sharm\CCTV-YOLO\IBVAP\backend\logs\snapshots\intrusion_0367.jpg
2026-09-11,01:55:31,3,3,bus,INTRUSION,CROSSED_RESTRICTED_ZONE,0.9413,307,224,C:\Users\sharm\CCTV-YOLO\IBVAP\backend\logs\snapshots\intrusion_0368.jpg
2026-09-11,01:55:32,3,3,bus,INTRUSION,CROSSED_RESTRICTED_ZONE,0.9537,307,224,C:\Users\sharm\CCTV-YOLO\IBVAP\backend\logs\snapshots\intrusion_0369.jpg
2026-09-11,01:55:32,3,3,bus,INTRUSION,CROSSED_RESTRICTED_ZONE,0.9549,307,224,C:\Users\sharm\CCTV-YOLO\IBVAP\backend\logs\snapshots\intrusion_0370.jpg
2026-09-11,01:55:33,4,1,person,SUSPICIOUS_ACTIVITY,ERRATIC MOVEMENT | RAPID MOVEMENT,1.0000,204,233,C:\Users\sharm\CCTV-YOLO\IBVAP\backend\logs\snapshots\suspicious_0036.jpg
2026-09-11,01:55:33,3,3,bus,INTRUSION,CROSSED_RESTRICTED_ZONE,0.9533,306,226,C:\Users\sharm\CCTV-YOLO\IBVAP\backend\logs\snapshots\intrusion_0371.jpg
2026-09-11,01:55:34,3,3,bus,INTRUSION,CROSSED_RESTRICTED_ZONE,0.8940,306,224,C:\Users\sharm\CCTV-YOLO\IBVAP\backend\logs\snapshots\intrusion_0372.jpg
2026-09-11,01:55:34,3,3,bus,INTRUSION,CROSSED_RESTRICTED_ZONE,0.8015,306,223,C:\Users\sharm\CCTV-YOLO\IBVAP\backend\logs\snapshots\intrusion_0373.jpg
2026-09-11,01:55:35,3,3,bus,INTRUSION,CROSSED_RESTRICTED_ZONE,0.9141,306,223,C:\Users\sharm\CCTV-YOLO\IBVAP\backend\logs\snapshots\intrusion_0374.jpg
2026-09-11,01:55:36,67,4,person,SUSPICIOUS_ACTIVITY,ERRATIC MOVEMENT | RAPID MOVEMENT,1.0000,164,234,C:\Users\sharm\CCTV-YOLO\IBVAP\backend\logs\snapshots\suspicious_0037.jpg
2026-09-11,01:55:36,3,3,bus,INTRUSION,CROSSED_RESTRICTED_ZONE,0.9512,306,224,C:\Users\sharm\CCTV-YOLO\IBVAP\backend\logs\snapshots\intrusion_0375.jpg
2026-09-11,01:55:37,3,3,bus,INTRUSION,CROSSED_RESTRICTED_ZONE,0.9544,306,223,C:\Users\sharm\CCTV-YOLO\IBVAP\backend\logs\snapshots\intrusion_0376.jpg
2026-09-11,01:55:37,3,3,bus,INTRUSION,CROSSED_RESTRICTED_ZONE,0.9562,307,223,C:\Users\sharm\CCTV-YOLO\IBVAP\backend\logs\snapshots\intrusion_0377.jpg
2026-09-11,01:55:38,3,3,bus,INTRUSION,CROSSED_RESTRICTED_ZONE,0.9570,307,222,C:\Users\sharm\CCTV-YOLO\IBVAP\backend\logs\snapshots\intrusion_0378.jpg
2026-09-11,01:55:39,3,3,bus,INTRUSION,CROSSED_RESTRICTED_ZONE,0.9523,307,222,C:\Users\sharm\CCTV-YOLO\IBVAP\backend\logs\snapshots\intrusion_0379.jpg
2026-09-11,01:55:39,3,3,bus,INTRUSION,CROSSED_RESTRICTED_ZONE,0.9526,307,222,C:\Users\sharm\CCTV-YOLO\IBVAP\backend\logs\snapshots\intrusion_0380.jpg
2026-09-11,01:55:40,99,6,person,SUSPICIOUS_ACTIVITY,ERRATIC MOVEMENT,1.0000,69,333,C:\Users\sharm\CCTV-YOLO\IBVAP\backend\logs\snapshots\suspicious_0038.jpg
2026-09-11,01:55:40,3,3,bus,INTRUSION,CROSSED_RESTRICTED_ZONE,0.9461,307,221,C:\Users\sharm\CCTV-YOLO\IBVAP\backend\logs\snapshots\intrusion_0381.jpg
2026-09-11,01:55:41,3,3,bus,INTRUSION,CROSSED_RESTRICTED_ZONE,0.9498,306,221,C:\Users\sharm\CCTV-YOLO\IBVAP\backend\logs\snapshots\intrusion_0382.jpg
2026-09-11,01:55:41,3,3,bus,INTRUSION,CROSSED_RESTRICTED_ZONE,0.9475,307,221,C:\Users\sharm\CCTV-YOLO\IBVAP\backend\logs\snapshots\intrusion_0383.jpg
2026-09-11,01:55:42,3,3,bus,INTRUSION,CROSSED_RESTRICTED_ZONE,0.9526,307,222,C:\Users\sharm\CCTV-YOLO\IBVAP\backend\logs\snapshots\intrusion_0384.jpg
2026-09-11,01:55:42,3,3,bus,INTRUSION,CROSSED_RESTRICTED_ZONE,0.9538,307,222,C:\Users\sharm\CCTV-YOLO\IBVAP\backend\logs\snapshots\intrusion_0385.jpg
2026-09-11,01:55:43,3,3,bus,INTRUSION,CROSSED_RESTRICTED_ZONE,0.9529,308,223,C:\Users\sharm\CCTV-YOLO\IBVAP\backend\logs\snapshots\intrusion_0386.jpg
2026-09-11,01:55:44,4,1,person,SUSPICIOUS_ACTIVITY,ERRATIC MOVEMENT,1.0000,203,242,C:\Users\sharm\CCTV-YOLO\IBVAP\backend\logs\snapshots\suspicious_0039.jpg
2026-09-11,01:55:44,3,3,bus,INTRUSION,CROSSED_RESTRICTED_ZONE,0.9541,307,223,C:\Users\sharm\CCTV-YOLO\IBVAP\backend\logs\snapshots\intrusion_0387.jpg
2026-09-11,01:55:44,3,3,bus,INTRUSION,CROSSED_RESTRICTED_ZONE,0.9487,307,223,C:\Users\sharm\CCTV-YOLO\IBVAP\backend\logs\snapshots\intrusion_0388.jpg
2026-09-11,01:55:45,3,3,bus,INTRUSION,CROSSED_RESTRICTED_ZONE,0.9441,307,223,C:\Users\sharm\CCTV-YOLO\IBVAP\backend\logs\snapshots\intrusion_0389.jpg
2026-09-11,01:55:46,67,4,person,SUSPICIOUS_ACTIVITY,ERRATIC MOVEMENT | RAPID MOVEMENT,1.0000,165,234,C:\Users\sharm\CCTV-YOLO\IBVAP\backend\logs\snapshots\suspicious_0040.jpg
2026-09-11,01:55:46,3,3,bus,INTRUSION,CROSSED_RESTRICTED_ZONE,0.9481,307,224,C:\Users\sharm\CCTV-YOLO\IBVAP\backend\logs\snapshots\intrusion_0390.jpg
2026-09-11,01:55:46,3,3,bus,INTRUSION,CROSSED_RESTRICTED_ZONE,0.9242,308,224,C:\Users\sharm\CCTV-YOLO\IBVAP\backend\logs\snapshots\intrusion_0391.jpg
2026-09-11,01:55:47,3,3,bus,INTRUSION,CROSSED_RESTRICTED_ZONE,0.7040,307,223,C:\Users\sharm\CCTV-YOLO\IBVAP\backend\logs\snapshots\intrusion_0392.jpg
2026-09-11,01:55:48,3,3,bus,INTRUSION,CROSSED_RESTRICTED_ZONE,0.8525,307,223,C:\Users\sharm\CCTV-YOLO\IBVAP\backend\logs\snapshots\intrusion_0393.jpg
2026-09-11,01:55:48,3,3,bus,INTRUSION,CROSSED_RESTRICTED_ZONE,0.9496,307,223,C:\Users\sharm\CCTV-YOLO\IBVAP\backend\logs\snapshots\intrusion_0394.jpg
2026-09-11,01:55:49,3,3,bus,INTRUSION,CROSSED_RESTRICTED_ZONE,0.9492,307,223,C:\Users\sharm\CCTV-YOLO\IBVAP\backend\logs\snapshots\intrusion_0395.jpg
2026-09-11,01:55:50,3,3,bus,INTRUSION,CROSSED_RESTRICTED_ZONE,0.9522,307,223,C:\Users\sharm\CCTV-YOLO\IBVAP\backend\logs\snapshots\intrusion_0396.jpg
2026-09-11,01:55:50,99,6,person,SUSPICIOUS_ACTIVITY,ERRATIC MOVEMENT,1.0000,63,332,C:\Users\sharm\CCTV-YOLO\IBVAP\backend\logs\snapshots\suspicious_0041.jpg
2026-09-11,01:55:50,3,3,bus,INTRUSION,CROSSED_RESTRICTED_ZONE,0.9516,307,223,C:\Users\sharm\CCTV-YOLO\IBVAP\backend\logs\snapshots\intrusion_0397.jpg
2026-09-11,01:55:51,3,3,bus,INTRUSION,CROSSED_RESTRICTED_ZONE,0.9495,307,223,C:\Users\sharm\CCTV-YOLO\IBVAP\backend\logs\snapshots\intrusion_0398.jpg
2026-09-11,01:55:52,3,3,bus,INTRUSION,CROSSED_RESTRICTED_ZONE,0.9515,307,223,C:\Users\sharm\CCTV-YOLO\IBVAP\backend\logs\snapshots\intrusion_0399.jpg
2026-09-11,01:55:52,3,3,bus,INTRUSION,CROSSED_RESTRICTED_ZONE,0.9522,307,222,C:\Users\sharm\CCTV-YOLO\IBVAP\backend\logs\snapshots\intrusion_0400.jpg
2026-09-11,01:55:53,3,3,bus,INTRUSION,CROSSED_RESTRICTED_ZONE,0.9531,307,223,C:\Users\sharm\CCTV-YOLO\IBVAP\backend\logs\snapshots\intrusion_0401.jpg
2026-09-11,01:55:53,3,3,bus,INTRUSION,CROSSED_RESTRICTED_ZONE,0.9500,307,223,C:\Users\sharm\CCTV-YOLO\IBVAP\backend\logs\snapshots\intrusion_0402.jpg
2026-09-11,01:55:54,4,1,person,SUSPICIOUS_ACTIVITY,ERRATIC MOVEMENT,1.0000,205,241,C:\Users\sharm\CCTV-YOLO\IBVAP\backend\logs\snapshots\suspicious_0042.jpg
2026-09-11,01:55:54,3,3,bus,INTRUSION,CROSSED_RESTRICTED_ZONE,0.9501,307,223,C:\Users\sharm\CCTV-YOLO\IBVAP\backend\logs\snapshots\intrusion_0403.jpg
2026-09-11,01:55:55,3,3,bus,INTRUSION,CROSSED_RESTRICTED_ZONE,0.9534,307,223,C:\Users\sharm\CCTV-YOLO\IBVAP\backend\logs\snapshots\intrusion_0404.jpg
2026-09-11,01:55:55,3,3,bus,INTRUSION,CROSSED_RESTRICTED_ZONE,0.9536,307,223,C:\Users\sharm\CCTV-YOLO\IBVAP\backend\logs\snapshots\intrusion_0405.jpg
2026-09-11,01:55:56,67,4,person,SUSPICIOUS_ACTIVITY,ERRATIC MOVEMENT | LOITERING | RAPID MOVEMENT,1.0000,163,235,C:\Users\sharm\CCTV-YOLO\IBVAP\backend\logs\snapshots\suspicious_0043.jpg
2026-09-11,01:55:56,3,3,bus,INTRUSION,CROSSED_RESTRICTED_ZONE,0.9524,307,223,C:\Users\sharm\CCTV-YOLO\IBVAP\backend\logs\snapshots\intrusion_0406.jpg
2026-09-11,01:55:57,3,3,bus,INTRUSION,CROSSED_RESTRICTED_ZONE,0.9530,307,222,C:\Users\sharm\CCTV-YOLO\IBVAP\backend\logs\snapshots\intrusion_0407.jpg
2026-09-11,01:55:57,3,3,bus,INTRUSION,CROSSED_RESTRICTED_ZONE,0.9491,307,222,C:\Users\sharm\CCTV-YOLO\IBVAP\backend\logs\snapshots\intrusion_0408.jpg
2026-09-11,01:55:58,3,3,bus,INTRUSION,CROSSED_RESTRICTED_ZONE,0.9497,307,223,C:\Users\sharm\CCTV-YOLO\IBVAP\backend\logs\snapshots\intrusion_0409.jpg
2026-09-11,01:55:59,3,3,bus,INTRUSION,CROSSED_RESTRICTED_ZONE,0.9443,308,223,C:\Users\sharm\CCTV-YOLO\IBVAP\backend\logs\snapshots\intrusion_0410.jpg
2026-09-11,01:55:59,3,3,bus,INTRUSION,CROSSED_RESTRICTED_ZONE,0.9451,308,223,C:\Users\sharm\CCTV-YOLO\IBVAP\backend\logs\snapshots\intrusion_0411.jpg
2026-09-11,01:56:00,3,3,bus,INTRUSION,CROSSED_RESTRICTED_ZONE,0.9464,308,223,C:\Users\sharm\CCTV-YOLO\IBVAP\backend\logs\snapshots\intrusion_0412.jpg
2026-09-11,01:56:01,99,6,person,SUSPICIOUS_ACTIVITY,ERRATIC MOVEMENT,1.0000,67,332,C:\Users\sharm\CCTV-YOLO\IBVAP\backend\logs\snapshots\suspicious_0044.jpg
2026-09-11,01:56:01,3,3,bus,INTRUSION,CROSSED_RESTRICTED_ZONE,0.9459,309,224,C:\Users\sharm\CCTV-YOLO\IBVAP\backend\logs\snapshots\intrusion_0413.jpg
2026-09-11,01:56:01,3,3,bus,INTRUSION,CROSSED_RESTRICTED_ZONE,0.9437,309,223,C:\Users\sharm\CCTV-YOLO\IBVAP\backend\logs\snapshots\intrusion_0414.jpg
2026-09-11,01:56:02,3,3,bus,INTRUSION,CROSSED_RESTRICTED_ZONE,0.9494,309,223,C:\Users\sharm\CCTV-YOLO\IBVAP\backend\logs\snapshots\intrusion_0415.jpg
2026-09-11,01:56:03,3,3,bus,INTRUSION,CROSSED_RESTRICTED_ZONE,0.9535,310,223,C:\Users\sharm\CCTV-YOLO\IBVAP\backend\logs\snapshots\intrusion_0416.jpg
2026-09-11,01:56:03,3,3,bus,INTRUSION,CROSSED_RESTRICTED_ZONE,0.9415,312,223,C:\Users\sharm\CCTV-YOLO\IBVAP\backend\logs\snapshots\intrusion_0417.jpg
2026-09-11,01:56:04,3,3,bus,INTRUSION,CROSSED_RESTRICTED_ZONE,0.9436,313,222,C:\Users\sharm\CCTV-YOLO\IBVAP\backend\logs\snapshots\intrusion_0418.jpg
2026-09-11,01:56:05,4,1,person,SUSPICIOUS_ACTIVITY,ERRATIC MOVEMENT,1.0000,218,240,C:\Users\sharm\CCTV-YOLO\IBVAP\backend\logs\snapshots\suspicious_0045.jpg
2026-09-11,01:56:05,3,3,bus,INTRUSION,CROSSED_RESTRICTED_ZONE,0.9470,313,222,C:\Users\sharm\CCTV-YOLO\IBVAP\backend\logs\snapshots\intrusion_0419.jpg
2026-09-11,01:56:05,3,3,bus,INTRUSION,CROSSED_RESTRICTED_ZONE,0.9508,317,224,C:\Users\sharm\CCTV-YOLO\IBVAP\backend\logs\snapshots\intrusion_0420.jpg
2026-09-11,01:56:06,3,3,bus,INTRUSION,CROSSED_RESTRICTED_ZONE,0.9501,318,225,C:\Users\sharm\CCTV-YOLO\IBVAP\backend\logs\snapshots\intrusion_0421.jpg
2026-09-11,01:56:07,108,4,person,SUSPICIOUS_ACTIVITY,ERRATIC MOVEMENT | LOITERING | RAPID MOVEMENT,1.0000,186,234,C:\Users\sharm\CCTV-YOLO\IBVAP\backend\logs\snapshots\suspicious_0046.jpg
2026-09-11,01:56:07,3,3,bus,INTRUSION,CROSSED_RESTRICTED_ZONE,0.9513,320,224,C:\Users\sharm\CCTV-YOLO\IBVAP\backend\logs\snapshots\intrusion_0422.jpg
2026-09-11,01:56:07,3,3,bus,INTRUSION,CROSSED_RESTRICTED_ZONE,0.9497,322,224,C:\Users\sharm\CCTV-YOLO\IBVAP\backend\logs\snapshots\intrusion_0423.jpg
2026-09-11,01:56:08,3,3,bus,INTRUSION,CROSSED_RESTRICTED_ZONE,0.9369,323,224,C:\Users\sharm\CCTV-YOLO\IBVAP\backend\logs\snapshots\intrusion_0424.jpg
2026-09-11,01:56:09,3,3,bus,INTRUSION,CROSSED_RESTRICTED_ZONE,0.9486,325,223,C:\Users\sharm\CCTV-YOLO\IBVAP\backend\logs\snapshots\intrusion_0425.jpg
2026-09-11,01:56:09,3,3,bus,INTRUSION,CROSSED_RESTRICTED_ZONE,0.9488,327,223,C:\Users\sharm\CCTV-YOLO\IBVAP\backend\logs\snapshots\intrusion_0426.jpg
2026-09-11,01:56:10,3,3,bus,INTRUSION,CROSSED_RESTRICTED_ZONE,0.9470,328,223,C:\Users\sharm\CCTV-YOLO\IBVAP\backend\logs\snapshots\intrusion_0427.jpg
2026-09-11,01:56:11,99,6,person,SUSPICIOUS_ACTIVITY,ERRATIC MOVEMENT,1.0000,156,339,C:\Users\sharm\CCTV-YOLO\IBVAP\backend\logs\snapshots\suspicious_0047.jpg
2026-09-11,01:56:11,3,3,bus,INTRUSION,CROSSED_RESTRICTED_ZONE,0.9429,331,223,C:\Users\sharm\CCTV-YOLO\IBVAP\backend\logs\snapshots\intrusion_0428.jpg
2026-09-11,01:56:12,3,3,bus,INTRUSION,CROSSED_RESTRICTED_ZONE,0.9427,334,223,C:\Users\sharm\CCTV-YOLO\IBVAP\backend\logs\snapshots\intrusion_0429.jpg
2026-09-11,01:56:12,3,3,bus,INTRUSION,CROSSED_RESTRICTED_ZONE,0.9543,338,225,C:\Users\sharm\CCTV-YOLO\IBVAP\backend\logs\snapshots\intrusion_0430.jpg
2026-09-11,01:56:13,3,3,bus,INTRUSION,CROSSED_RESTRICTED_ZONE,0.9500,340,225,C:\Users\sharm\CCTV-YOLO\IBVAP\backend\logs\snapshots\intrusion_0431.jpg
2026-09-11,01:56:14,3,3,bus,INTRUSION,CROSSED_RESTRICTED_ZONE,0.9472,343,225,C:\Users\sharm\CCTV-YOLO\IBVAP\backend\logs\snapshots\intrusion_0432.jpg
2026-09-11,01:56:14,3,3,bus,INTRUSION,CROSSED_RESTRICTED_ZONE,0.9484,345,224,C:\Users\sharm\CCTV-YOLO\IBVAP\backend\logs\snapshots\intrusion_0433.jpg
2026-09-11,01:56:15,3,3,bus,INTRUSION,CROSSED_RESTRICTED_ZONE,0.9506,347,223,C:\Users\sharm\CCTV-YOLO\IBVAP\backend\logs\snapshots\intrusion_0434.jpg
2026-09-11,01:56:16,3,3,bus,INTRUSION,CROSSED_RESTRICTED_ZONE,0.9517,349,224,C:\Users\sharm\CCTV-YOLO\IBVAP\backend\logs\snapshots\intrusion_0435.jpg
2026-09-11,01:56:16,3,3,bus,INTRUSION,CROSSED_RESTRICTED_ZONE,0.9068,352,223,C:\Users\sharm\CCTV-YOLO\IBVAP\backend\logs\snapshots\intrusion_0436.jpg
2026-09-11,01:56:17,3,3,bus,INTRUSION,CROSSED_RESTRICTED_ZONE,0.9490,356,223,C:\Users\sharm\CCTV-YOLO\IBVAP\backend\logs\snapshots\intrusion_0437.jpg
2026-09-11,01:56:17,99,6,person,INTRUSION,CROSSED_RESTRICTED_ZONE,0.9135,235,334,C:\Users\sharm\CCTV-YOLO\IBVAP\backend\logs\snapshots\intrusion_0438.jpg
2026-09-11,01:56:18,3,3,bus,INTRUSION,CROSSED_RESTRICTED_ZONE,0.9266,360,225,C:\Users\sharm\CCTV-YOLO\IBVAP\backend\logs\snapshots\intrusion_0439.jpg
2026-09-11,01:56:18,3,3,bus,INTRUSION,CROSSED_RESTRICTED_ZONE,0.9349,362,226,C:\Users\sharm\CCTV-YOLO\IBVAP\backend\logs\snapshots\intrusion_0440.jpg
2026-09-11,01:56:19,3,3,bus,INTRUSION,CROSSED_RESTRICTED_ZONE,0.9292,364,226,C:\Users\sharm\CCTV-YOLO\IBVAP\backend\logs\snapshots\intrusion_0441.jpg
2026-09-11,01:56:20,3,3,bus,INTRUSION,CROSSED_RESTRICTED_ZONE,0.9212,365,225,C:\Users\sharm\CCTV-YOLO\IBVAP\backend\logs\snapshots\intrusion_0442.jpg
2026-09-11,01:56:20,3,3,bus,INTRUSION,CROSSED_RESTRICTED_ZONE,0.9321,366,225,C:\Users\sharm\CCTV-YOLO\IBVAP\backend\logs\snapshots\intrusion_0443.jpg
2026-09-11,01:56:21,3,3,bus,INTRUSION,CROSSED_RESTRICTED_ZONE,0.9416,367,225,C:\Users\sharm\CCTV-YOLO\IBVAP\backend\logs\snapshots\intrusion_0444.jpg
2026-09-11,01:56:22,99,6,person,SUSPICIOUS_ACTIVITY,ERRATIC MOVEMENT,1.0000,255,335,C:\Users\sharm\CCTV-YOLO\IBVAP\backend\logs\snapshots\suspicious_0048.jpg
2026-09-11,01:56:22,3,3,bus,INTRUSION,CROSSED_RESTRICTED_ZONE,0.9402,367,225,C:\Users\sharm\CCTV-YOLO\IBVAP\backend\logs\snapshots\intrusion_0445.jpg
2026-09-11,01:56:23,3,3,bus,INTRUSION,CROSSED_RESTRICTED_ZONE,0.9373,366,225,C:\Users\sharm\CCTV-YOLO\IBVAP\backend\logs\snapshots\intrusion_0446.jpg
2026-09-11,01:56:23,3,3,bus,INTRUSION,CROSSED_RESTRICTED_ZONE,0.9371,366,224,C:\Users\sharm\CCTV-YOLO\IBVAP\backend\logs\snapshots\intrusion_0447.jpg
2026-09-11,01:56:24,3,3,bus,INTRUSION,CROSSED_RESTRICTED_ZONE,0.9424,366,224,C:\Users\sharm\CCTV-YOLO\IBVAP\backend\logs\snapshots\intrusion_0448.jpg
2026-09-11,01:56:25,3,3,bus,INTRUSION,CROSSED_RESTRICTED_ZONE,0.9357,366,224,C:\Users\sharm\CCTV-YOLO\IBVAP\backend\logs\snapshots\intrusion_0449.jpg
2026-09-11,01:56:26,3,3,bus,INTRUSION,CROSSED_RESTRICTED_ZONE,0.8880,366,224,C:\Users\sharm\CCTV-YOLO\IBVAP\backend\logs\snapshots\intrusion_0450.jpg
2026-09-11,01:56:27,3,3,bus,INTRUSION,CROSSED_RESTRICTED_ZONE,0.9409,366,224,C:\Users\sharm\CCTV-YOLO\IBVAP\backend\logs\snapshots\intrusion_0451.jpg
2026-09-11,01:56:27,3,3,bus,INTRUSION,CROSSED_RESTRICTED_ZONE,0.9402,366,224,C:\Users\sharm\CCTV-YOLO\IBVAP\backend\logs\snapshots\intrusion_0452.jpg
2026-09-11,01:56:28,3,3,bus,INTRUSION,CROSSED_RESTRICTED_ZONE,0.9403,366,224,C:\Users\sharm\CCTV-YOLO\IBVAP\backend\logs\snapshots\intrusion_0453.jpg
2026-09-11,01:56:29,3,3,bus,INTRUSION,CROSSED_RESTRICTED_ZONE,0.9258,366,224,C:\Users\sharm\CCTV-YOLO\IBVAP\backend\logs\snapshots\intrusion_0454.jpg
2026-09-11,01:56:31,3,3,bus,INTRUSION,CROSSED_RESTRICTED_ZONE,0.9380,366,224,C:\Users\sharm\CCTV-YOLO\IBVAP\backend\logs\snapshots\intrusion_0455.jpg
2026-09-11,01:56:32,99,6,person,SUSPICIOUS_ACTIVITY,ERRATIC MOVEMENT,1.0000,248,335,C:\Users\sharm\CCTV-YOLO\IBVAP\backend\logs\snapshots\suspicious_0049.jpg
2026-09-11,01:56:32,3,3,bus,INTRUSION,CROSSED_RESTRICTED_ZONE,0.9345,366,224,C:\Users\sharm\CCTV-YOLO\IBVAP\backend\logs\snapshots\intrusion_0456.jpg
2026-09-11,01:56:32,3,3,bus,INTRUSION,CROSSED_RESTRICTED_ZONE,0.9344,366,224,C:\Users\sharm\CCTV-YOLO\IBVAP\backend\logs\snapshots\intrusion_0457.jpg
2026-09-11,01:56:33,3,3,bus,INTRUSION,CROSSED_RESTRICTED_ZONE,0.9371,366,224,C:\Users\sharm\CCTV-YOLO\IBVAP\backend\logs\snapshots\intrusion_0458.jpg
2026-09-11,01:56:33,3,3,bus,INTRUSION,CROSSED_RESTRICTED_ZONE,0.9408,366,224,C:\Users\sharm\CCTV-YOLO\IBVAP\backend\logs\snapshots\intrusion_0459.jpg
2026-09-11,01:56:34,3,3,bus,INTRUSION,CROSSED_RESTRICTED_ZONE,0.9413,366,224,C:\Users\sharm\CCTV-YOLO\IBVAP\backend\logs\snapshots\intrusion_0460.jpg
2026-09-11,01:56:35,3,3,bus,INTRUSION,CROSSED_RESTRICTED_ZONE,0.9162,366,224,C:\Users\sharm\CCTV-YOLO\IBVAP\backend\logs\snapshots\intrusion_0461.jpg
2026-09-11,01:56:35,3,3,bus,INTRUSION,CROSSED_RESTRICTED_ZONE,0.9041,366,224,C:\Users\sharm\CCTV-YOLO\IBVAP\backend\logs\snapshots\intrusion_0462.jpg
2026-09-11,01:56:36,3,3,bus,INTRUSION,CROSSED_RESTRICTED_ZONE,0.9500,367,224,C:\Users\sharm\CCTV-YOLO\IBVAP\backend\logs\snapshots\intrusion_0463.jpg
2026-09-11,01:56:36,3,3,bus,INTRUSION,CROSSED_RESTRICTED_ZONE,0.9304,367,224,C:\Users\sharm\CCTV-YOLO\IBVAP\backend\logs\snapshots\intrusion_0464.jpg
2026-09-11,01:56:37,3,3,bus,INTRUSION,CROSSED_RESTRICTED_ZONE,0.9323,367,224,C:\Users\sharm\CCTV-YOLO\IBVAP\backend\logs\snapshots\intrusion_0465.jpg
2026-09-11,01:56:38,3,3,bus,INTRUSION,CROSSED_RESTRICTED_ZONE,0.9331,367,224,C:\Users\sharm\CCTV-YOLO\IBVAP\backend\logs\snapshots\intrusion_0466.jpg
2026-09-11,01:56:38,3,3,bus,INTRUSION,CROSSED_RESTRICTED_ZONE,0.9385,367,225,C:\Users\sharm\CCTV-YOLO\IBVAP\backend\logs\snapshots\intrusion_0467.jpg
2026-09-11,01:56:39,3,3,bus,INTRUSION,CROSSED_RESTRICTED_ZONE,0.9335,367,224,C:\Users\sharm\CCTV-YOLO\IBVAP\backend\logs\snapshots\intrusion_0468.jpg
2026-09-11,01:56:39,3,3,bus,INTRUSION,CROSSED_RESTRICTED_ZONE,0.9272,367,224,C:\Users\sharm\CCTV-YOLO\IBVAP\backend\logs\snapshots\intrusion_0469.jpg
2026-09-11,01:56:40,3,3,bus,INTRUSION,CROSSED_RESTRICTED_ZONE,0.9260,367,225,C:\Users\sharm\CCTV-YOLO\IBVAP\backend\logs\snapshots\intrusion_0470.jpg
2026-09-11,01:56:41,3,3,bus,INTRUSION,CROSSED_RESTRICTED_ZONE,0.9239,367,225,C:\Users\sharm\CCTV-YOLO\IBVAP\backend\logs\snapshots\intrusion_0471.jpg
2026-09-11,01:56:41,3,3,bus,INTRUSION,CROSSED_RESTRICTED_ZONE,0.9321,367,226,C:\Users\sharm\CCTV-YOLO\IBVAP\backend\logs\snapshots\intrusion_0472.jpg
2026-09-11,01:56:42,99,6,person,SUSPICIOUS_ACTIVITY,ERRATIC MOVEMENT,1.0000,195,336,C:\Users\sharm\CCTV-YOLO\IBVAP\backend\logs\snapshots\suspicious_0050.jpg
2026-09-11,01:56:42,3,3,bus,INTRUSION,CROSSED_RESTRICTED_ZONE,0.9303,366,225,C:\Users\sharm\CCTV-YOLO\IBVAP\backend\logs\snapshots\intrusion_0473.jpg
2026-09-11,01:56:42,3,3,bus,INTRUSION,CROSSED_RESTRICTED_ZONE,0.9344,367,224,C:\Users\sharm\CCTV-YOLO\IBVAP\backend\logs\snapshots\intrusion_0474.jpg
2026-09-11,01:56:43,3,3,bus,INTRUSION,CROSSED_RESTRICTED_ZONE,0.9324,366,224,C:\Users\sharm\CCTV-YOLO\IBVAP\backend\logs\snapshots\intrusion_0475.jpg
2026-09-11,01:56:45,3,3,bus,INTRUSION,CROSSED_RESTRICTED_ZONE,0.9354,367,224,C:\Users\sharm\CCTV-YOLO\IBVAP\backend\logs\snapshots\intrusion_0476.jpg
2026-09-11,01:56:46,3,3,bus,INTRUSION,CROSSED_RESTRICTED_ZONE,0.9232,368,223,C:\Users\sharm\CCTV-YOLO\IBVAP\backend\logs\snapshots\intrusion_0477.jpg
2026-09-11,01:56:48,3,3,bus,INTRUSION,CROSSED_RESTRICTED_ZONE,0.9262,368,223,C:\Users\sharm\CCTV-YOLO\IBVAP\backend\logs\snapshots\intrusion_0478.jpg
2026-09-11,01:56:49,3,3,bus,INTRUSION,CROSSED_RESTRICTED_ZONE,0.8815,368,223,C:\Users\sharm\CCTV-YOLO\IBVAP\backend\logs\snapshots\intrusion_0479.jpg
2026-09-11,01:56:50,171,1,person,SUSPICIOUS_ACTIVITY,ERRATIC MOVEMENT | RAPID MOVEMENT,1.0000,268,238,C:\Users\sharm\CCTV-YOLO\IBVAP\backend\logs\snapshots\suspicious_0051.jpg
2026-09-11,01:56:50,171,1,person,INTRUSION,CROSSED_RESTRICTED_ZONE,0.3241,268,238,C:\Users\sharm\CCTV-YOLO\IBVAP\backend\logs\snapshots\intrusion_0480.jpg
2026-09-11,01:56:51,3,3,bus,INTRUSION,CROSSED_RESTRICTED_ZONE,0.9432,368,228,C:\Users\sharm\CCTV-YOLO\IBVAP\backend\logs\snapshots\intrusion_0481.jpg
2026-09-11,01:56:52,178,4,person,SUSPICIOUS_ACTIVITY,ERRATIC MOVEMENT | LOITERING | RAPID MOVEMENT,1.0000,227,239,C:\Users\sharm\CCTV-YOLO\IBVAP\backend\logs\snapshots\suspicious_0052.jpg
2026-09-11,01:56:52,3,3,bus,INTRUSION,CROSSED_RESTRICTED_ZONE,0.9461,368,228,C:\Users\sharm\CCTV-YOLO\IBVAP\backend\logs\snapshots\intrusion_0482.jpg
2026-09-11,01:56:52,99,6,person,SUSPICIOUS_ACTIVITY,ERRATIC MOVEMENT,1.0000,195,351,C:\Users\sharm\CCTV-YOLO\IBVAP\backend\logs\snapshots\suspicious_0053.jpg
2026-09-11,01:56:52,3,3,bus,INTRUSION,CROSSED_RESTRICTED_ZONE,0.9447,368,228,C:\Users\sharm\CCTV-YOLO\IBVAP\backend\logs\snapshots\intrusion_0483.jpg
2026-09-11,01:56:53,3,3,bus,INTRUSION,CROSSED_RESTRICTED_ZONE,0.9474,368,226,C:\Users\sharm\CCTV-YOLO\IBVAP\backend\logs\snapshots\intrusion_0484.jpg
2026-09-11,01:56:53,3,3,bus,INTRUSION,CROSSED_RESTRICTED_ZONE,0.9453,369,225,C:\Users\sharm\CCTV-YOLO\IBVAP\backend\logs\snapshots\intrusion_0485.jpg
2026-09-11,01:56:55,3,3,bus,INTRUSION,CROSSED_RESTRICTED_ZONE,0.9468,368,226,C:\Users\sharm\CCTV-YOLO\IBVAP\backend\logs\snapshots\intrusion_0486.jpg
2026-09-11,01:56:57,171,1,person,INTRUSION,CROSSED_RESTRICTED_ZONE,0.2622,255,239,C:\Users\sharm\CCTV-YOLO\IBVAP\backend\logs\snapshots\intrusion_0487.jpg
2026-09-11,01:56:57,3,3,bus,INTRUSION,CROSSED_RESTRICTED_ZONE,0.9446,368,225,C:\Users\sharm\CCTV-YOLO\IBVAP\backend\logs\snapshots\intrusion_0488.jpg
2026-09-11,01:56:59,171,1,person,INTRUSION,CROSSED_RESTRICTED_ZONE,0.2418,255,239,C:\Users\sharm\CCTV-YOLO\IBVAP\backend\logs\snapshots\intrusion_0489.jpg
2026-09-11,01:57:00,3,3,bus,INTRUSION,CROSSED_RESTRICTED_ZONE,0.9468,368,226,C:\Users\sharm\CCTV-YOLO\IBVAP\backend\logs\snapshots\intrusion_0490.jpg
2026-09-11,01:57:02,171,1,person,SUSPICIOUS_ACTIVITY,ERRATIC MOVEMENT | RAPID MOVEMENT,1.0000,269,240,C:\Users\sharm\CCTV-YOLO\IBVAP\backend\logs\snapshots\suspicious_0054.jpg
2026-09-11,01:57:02,178,4,person,SUSPICIOUS_ACTIVITY,ERRATIC MOVEMENT | LOITERING | RAPID MOVEMENT,1.0000,226,240,C:\Users\sharm\CCTV-YOLO\IBVAP\backend\logs\snapshots\suspicious_0055.jpg
2026-09-11,01:57:02,171,1,person,INTRUSION,CROSSED_RESTRICTED_ZONE,0.1528,256,239,C:\Users\sharm\CCTV-YOLO\IBVAP\backend\logs\snapshots\intrusion_0491.jpg
2026-09-11,01:57:03,3,3,bus,INTRUSION,CROSSED_RESTRICTED_ZONE,0.9402,368,225,C:\Users\sharm\CCTV-YOLO\IBVAP\backend\logs\snapshots\intrusion_0492.jpg
2026-09-11,01:57:04,99,6,person,SUSPICIOUS_ACTIVITY,ERRATIC MOVEMENT,1.0000,194,388,C:\Users\sharm\CCTV-YOLO\IBVAP\backend\logs\snapshots\suspicious_0056.jpg
2026-09-11,01:57:04,171,1,person,INTRUSION,CROSSED_RESTRICTED_ZONE,0.1227,256,240,C:\Users\sharm\CCTV-YOLO\IBVAP\backend\logs\snapshots\intrusion_0493.jpg
2026-09-11,01:57:05,3,3,bus,INTRUSION,CROSSED_RESTRICTED_ZONE,0.9433,368,226,C:\Users\sharm\CCTV-YOLO\IBVAP\backend\logs\snapshots\intrusion_0494.jpg
2026-09-11,01:57:06,3,3,bus,INTRUSION,CROSSED_RESTRICTED_ZONE,0.9431,368,225,C:\Users\sharm\CCTV-YOLO\IBVAP\backend\logs\snapshots\intrusion_0495.jpg
2026-09-11,01:57:08,3,3,bus,INTRUSION,CROSSED_RESTRICTED_ZONE,0.9445,368,225,C:\Users\sharm\CCTV-YOLO\IBVAP\backend\logs\snapshots\intrusion_0496.jpg
2026-09-11,01:57:09,3,3,bus,INTRUSION,CROSSED_RESTRICTED_ZONE,0.9471,368,224,C:\Users\sharm\CCTV-YOLO\IBVAP\backend\logs\snapshots\intrusion_0497.jpg
2026-09-11,01:57:11,3,3,bus,INTRUSION,CROSSED_RESTRICTED_ZONE,0.9458,369,224,C:\Users\sharm\CCTV-YOLO\IBVAP\backend\logs\snapshots\intrusion_0498.jpg
2026-09-11,01:57:12,178,4,person,SUSPICIOUS_ACTIVITY,ERRATIC MOVEMENT | LOITERING | RAPID MOVEMENT,1.0000,226,240,C:\Users\sharm\CCTV-YOLO\IBVAP\backend\logs\snapshots\suspicious_0057.jpg
2026-09-11,01:57:12,3,3,bus,INTRUSION,CROSSED_RESTRICTED_ZONE,0.9442,369,224,C:\Users\sharm\CCTV-YOLO\IBVAP\backend\logs\snapshots\intrusion_0499.jpg
2026-09-11,01:57:14,3,3,bus,INTRUSION,CROSSED_RESTRICTED_ZONE,0.9460,369,224,C:\Users\sharm\CCTV-YOLO\IBVAP\backend\logs\snapshots\intrusion_0500.jpg
2026-09-11,01:57:15,99,6,person,SUSPICIOUS_ACTIVITY,ERRATIC MOVEMENT,1.0000,192,408,C:\Users\sharm\CCTV-YOLO\IBVAP\backend\logs\snapshots\suspicious_0058.jpg
2026-09-11,01:57:16,3,3,bus,INTRUSION,CROSSED_RESTRICTED_ZONE,0.9395,369,224,C:\Users\sharm\CCTV-YOLO\IBVAP\backend\logs\snapshots\intrusion_0501.jpg
2026-09-11,01:57:17,3,3,bus,INTRUSION,CROSSED_RESTRICTED_ZONE,0.9430,369,224,C:\Users\sharm\CCTV-YOLO\IBVAP\backend\logs\snapshots\intrusion_0502.jpg
2026-09-11,01:57:19,3,3,bus,INTRUSION,CROSSED_RESTRICTED_ZONE,0.9383,369,224,C:\Users\sharm\CCTV-YOLO\IBVAP\backend\logs\snapshots\intrusion_0503.jpg
2026-09-11,01:57:20,3,3,bus,INTRUSION,CROSSED_RESTRICTED_ZONE,0.9373,369,224,C:\Users\sharm\CCTV-YOLO\IBVAP\backend\logs\snapshots\intrusion_0504.jpg
2026-09-11,01:57:21,3,3,bus,INTRUSION,CROSSED_RESTRICTED_ZONE,0.9465,370,224,C:\Users\sharm\CCTV-YOLO\IBVAP\backend\logs\snapshots\intrusion_0505.jpg
2026-09-11,01:57:23,178,4,person,SUSPICIOUS_ACTIVITY,ERRATIC MOVEMENT | LOITERING,1.0000,226,240,C:\Users\sharm\CCTV-YOLO\IBVAP\backend\logs\snapshots\suspicious_0059.jpg
2026-09-11,01:57:23,3,3,bus,INTRUSION,CROSSED_RESTRICTED_ZONE,0.9484,370,224,C:\Users\sharm\CCTV-YOLO\IBVAP\backend\logs\snapshots\intrusion_0506.jpg
2026-09-11,01:57:25,3,3,bus,INTRUSION,CROSSED_RESTRICTED_ZONE,0.9491,370,224,C:\Users\sharm\CCTV-YOLO\IBVAP\backend\logs\snapshots\intrusion_0507.jpg
2026-09-11,01:57:26,99,6,person,SUSPICIOUS_ACTIVITY,ERRATIC MOVEMENT,1.0000,192,407,C:\Users\sharm\CCTV-YOLO\IBVAP\backend\logs\snapshots\suspicious_0060.jpg
2026-09-11,01:57:27,3,3,bus,INTRUSION,CROSSED_RESTRICTED_ZONE,0.9431,370,224,C:\Users\sharm\CCTV-YOLO\IBVAP\backend\logs\snapshots\intrusion_0508.jpg
2026-09-11,01:57:28,3,3,bus,INTRUSION,CROSSED_RESTRICTED_ZONE,0.9494,370,224,C:\Users\sharm\CCTV-YOLO\IBVAP\backend\logs\snapshots\intrusion_0509.jpg
2026-09-11,01:57:29,3,3,bus,INTRUSION,CROSSED_RESTRICTED_ZONE,0.9527,371,224,C:\Users\sharm\CCTV-YOLO\IBVAP\backend\logs\snapshots\intrusion_0510.jpg
2026-09-11,01:57:30,3,3,bus,INTRUSION,CROSSED_RESTRICTED_ZONE,0.9410,371,225,C:\Users\sharm\CCTV-YOLO\IBVAP\backend\logs\snapshots\intrusion_0511.jpg
2026-09-11,01:57:32,3,3,bus,INTRUSION,CROSSED_RESTRICTED_ZONE,0.9383,371,225,C:\Users\sharm\CCTV-YOLO\IBVAP\backend\logs\snapshots\intrusion_0512.jpg
2026-09-11,01:57:34,178,4,person,SUSPICIOUS_ACTIVITY,ERRATIC MOVEMENT | LOITERING | RAPID MOVEMENT,1.0000,226,240,C:\Users\sharm\CCTV-YOLO\IBVAP\backend\logs\snapshots\suspicious_0061.jpg
2026-09-11,01:57:34,3,3,bus,INTRUSION,CROSSED_RESTRICTED_ZONE,0.9345,371,225,C:\Users\sharm\CCTV-YOLO\IBVAP\backend\logs\snapshots\intrusion_0513.jpg
2026-09-11,01:57:35,3,3,bus,INTRUSION,CROSSED_RESTRICTED_ZONE,0.9326,372,225,C:\Users\sharm\CCTV-YOLO\IBVAP\backend\logs\snapshots\intrusion_0514.jpg
2026-09-11,01:57:36,3,3,bus,INTRUSION,CROSSED_RESTRICTED_ZONE,0.9402,372,225,C:\Users\sharm\CCTV-YOLO\IBVAP\backend\logs\snapshots\intrusion_0515.jpg
2026-09-11,01:57:38,99,6,person,SUSPICIOUS_ACTIVITY,ERRATIC MOVEMENT,1.0000,192,406,C:\Users\sharm\CCTV-YOLO\IBVAP\backend\logs\snapshots\suspicious_0062.jpg
2026-09-11,01:57:38,3,3,bus,INTRUSION,CROSSED_RESTRICTED_ZONE,0.9318,372,224,C:\Users\sharm\CCTV-YOLO\IBVAP\backend\logs\snapshots\intrusion_0516.jpg
2026-09-11,01:57:40,3,3,bus,INTRUSION,CROSSED_RESTRICTED_ZONE,0.9334,372,225,C:\Users\sharm\CCTV-YOLO\IBVAP\backend\logs\snapshots\intrusion_0517.jpg
2026-09-11,01:57:41,3,3,bus,INTRUSION,CROSSED_RESTRICTED_ZONE,0.9364,372,225,C:\Users\sharm\CCTV-YOLO\IBVAP\backend\logs\snapshots\intrusion_0518.jpg
2026-09-11,01:57:43,3,3,bus,INTRUSION,CROSSED_RESTRICTED_ZONE,0.9186,372,225,C:\Users\sharm\CCTV-YOLO\IBVAP\backend\logs\snapshots\intrusion_0519.jpg
2026-09-11,01:57:44,178,4,person,SUSPICIOUS_ACTIVITY,ERRATIC MOVEMENT | LOITERING | RAPID MOVEMENT,1.0000,225,239,C:\Users\sharm\CCTV-YOLO\IBVAP\backend\logs\snapshots\suspicious_0063.jpg
2026-09-11,01:57:44,3,3,bus,INTRUSION,CROSSED_RESTRICTED_ZONE,0.9358,372,225,C:\Users\sharm\CCTV-YOLO\IBVAP\backend\logs\snapshots\intrusion_0520.jpg
2026-09-11,01:57:45,3,3,bus,INTRUSION,CROSSED_RESTRICTED_ZONE,0.9293,372,225,C:\Users\sharm\CCTV-YOLO\IBVAP\backend\logs\snapshots\intrusion_0521.jpg
2026-09-11,01:57:46,3,3,bus,INTRUSION,CROSSED_RESTRICTED_ZONE,0.9154,373,226,C:\Users\sharm\CCTV-YOLO\IBVAP\backend\logs\snapshots\intrusion_0522.jpg
2026-09-11,01:57:46,3,3,bus,INTRUSION,CROSSED_RESTRICTED_ZONE,0.9077,373,225,C:\Users\sharm\CCTV-YOLO\IBVAP\backend\logs\snapshots\intrusion_0523.jpg
2026-09-11,01:57:47,3,3,bus,INTRUSION,CROSSED_RESTRICTED_ZONE,0.8875,373,225,C:\Users\sharm\CCTV-YOLO\IBVAP\backend\logs\snapshots\intrusion_0524.jpg
2026-09-11,01:57:48,99,6,person,SUSPICIOUS_ACTIVITY,ERRATIC MOVEMENT | LOITERING,1.0000,195,376,C:\Users\sharm\CCTV-YOLO\IBVAP\backend\logs\snapshots\suspicious_0064.jpg
2026-09-11,01:57:48,3,3,bus,INTRUSION,CROSSED_RESTRICTED_ZONE,0.9029,373,226,C:\Users\sharm\CCTV-YOLO\IBVAP\backend\logs\snapshots\intrusion_0525.jpg
2026-09-11,01:57:49,3,3,bus,INTRUSION,CROSSED_RESTRICTED_ZONE,0.8480,373,226,C:\Users\sharm\CCTV-YOLO\IBVAP\backend\logs\snapshots\intrusion_0526.jpg
2026-09-11,01:57:50,3,3,bus,INTRUSION,CROSSED_RESTRICTED_ZONE,0.8612,373,227,C:\Users\sharm\CCTV-YOLO\IBVAP\backend\logs\snapshots\intrusion_0527.jpg
2026-09-11,01:57:50,3,3,bus,INTRUSION,CROSSED_RESTRICTED_ZONE,0.8990,373,227,C:\Users\sharm\CCTV-YOLO\IBVAP\backend\logs\snapshots\intrusion_0528.jpg
2026-09-11,01:57:51,3,3,bus,INTRUSION,CROSSED_RESTRICTED_ZONE,0.9043,373,227,C:\Users\sharm\CCTV-YOLO\IBVAP\backend\logs\snapshots\intrusion_0529.jpg
2026-09-11,01:57:52,3,3,bus,INTRUSION,CROSSED_RESTRICTED_ZONE,0.9219,374,227,C:\Users\sharm\CCTV-YOLO\IBVAP\backend\logs\snapshots\intrusion_0530.jpg
2026-09-11,01:57:52,3,3,bus,INTRUSION,CROSSED_RESTRICTED_ZONE,0.9251,374,227,C:\Users\sharm\CCTV-YOLO\IBVAP\backend\logs\snapshots\intrusion_0531.jpg
2026-09-11,01:57:53,207,9,person,SUSPICIOUS_ACTIVITY,RAPID MOVEMENT,0.5556,697,198,C:\Users\sharm\CCTV-YOLO\IBVAP\backend\logs\snapshots\suspicious_0065.jpg
2026-09-11,01:57:53,3,3,bus,INTRUSION,CROSSED_RESTRICTED_ZONE,0.9277,374,226,C:\Users\sharm\CCTV-YOLO\IBVAP\backend\logs\snapshots\intrusion_0532.jpg
2026-09-11,01:57:54,3,3,bus,INTRUSION,CROSSED_RESTRICTED_ZONE,0.9304,374,226,C:\Users\sharm\CCTV-YOLO\IBVAP\backend\logs\snapshots\intrusion_0533.jpg
2026-09-11,01:57:54,178,4,person,SUSPICIOUS_ACTIVITY,ERRATIC MOVEMENT | LOITERING | RAPID MOVEMENT,1.0000,220,240,C:\Users\sharm\CCTV-YOLO\IBVAP\backend\logs\snapshots\suspicious_0066.jpg
2026-09-11,01:57:54,3,3,bus,INTRUSION,CROSSED_RESTRICTED_ZONE,0.9345,374,227,C:\Users\sharm\CCTV-YOLO\IBVAP\backend\logs\snapshots\intrusion_0534.jpg
2026-09-11,01:57:55,3,3,bus,INTRUSION,CROSSED_RESTRICTED_ZONE,0.9403,375,227,C:\Users\sharm\CCTV-YOLO\IBVAP\backend\logs\snapshots\intrusion_0535.jpg
2026-09-11,01:57:56,210,1,person,SUSPICIOUS_ACTIVITY,ERRATIC MOVEMENT | RAPID MOVEMENT,1.0000,257,240,C:\Users\sharm\CCTV-YOLO\IBVAP\backend\logs\snapshots\suspicious_0067.jpg
2026-09-11,01:57:56,3,3,bus,INTRUSION,CROSSED_RESTRICTED_ZONE,0.9304,375,227,C:\Users\sharm\CCTV-YOLO\IBVAP\backend\logs\snapshots\intrusion_0536.jpg
2026-09-11,01:57:56,3,3,bus,INTRUSION,CROSSED_RESTRICTED_ZONE,0.9350,375,228,C:\Users\sharm\CCTV-YOLO\IBVAP\backend\logs\snapshots\intrusion_0537.jpg
2026-09-11,01:57:57,3,3,bus,INTRUSION,CROSSED_RESTRICTED_ZONE,0.9400,375,227,C:\Users\sharm\CCTV-YOLO\IBVAP\backend\logs\snapshots\intrusion_0538.jpg
2026-09-11,01:57:58,3,3,bus,INTRUSION,CROSSED_RESTRICTED_ZONE,0.9409,375,227,C:\Users\sharm\CCTV-YOLO\IBVAP\backend\logs\snapshots\intrusion_0539.jpg
2026-09-11,01:57:58,99,6,person,SUSPICIOUS_ACTIVITY,ERRATIC MOVEMENT | LOITERING,1.0000,189,333,C:\Users\sharm\CCTV-YOLO\IBVAP\backend\logs\snapshots\suspicious_0068.jpg
2026-09-11,01:57:58,3,3,bus,INTRUSION,CROSSED_RESTRICTED_ZONE,0.9368,376,227,C:\Users\sharm\CCTV-YOLO\IBVAP\backend\logs\snapshots\intrusion_0540.jpg
2026-09-11,01:57:59,3,3,bus,INTRUSION,CROSSED_RESTRICTED_ZONE,0.9439,377,227,C:\Users\sharm\CCTV-YOLO\IBVAP\backend\logs\snapshots\intrusion_0541.jpg
2026-09-11,01:57:59,3,3,bus,INTRUSION,CROSSED_RESTRICTED_ZONE,0.9435,377,227,C:\Users\sharm\CCTV-YOLO\IBVAP\backend\logs\snapshots\intrusion_0542.jpg
2026-09-11,01:58:00,3,3,bus,INTRUSION,CROSSED_RESTRICTED_ZONE,0.9224,377,226,C:\Users\sharm\CCTV-YOLO\IBVAP\backend\logs\snapshots\intrusion_0543.jpg
2026-09-11,01:58:01,3,3,bus,INTRUSION,CROSSED_RESTRICTED_ZONE,0.9245,377,226,C:\Users\sharm\CCTV-YOLO\IBVAP\backend\logs\snapshots\intrusion_0544.jpg
2026-09-11,01:58:01,3,3,bus,INTRUSION,CROSSED_RESTRICTED_ZONE,0.9267,376,226,C:\Users\sharm\CCTV-YOLO\IBVAP\backend\logs\snapshots\intrusion_0545.jpg
2026-09-11,01:58:02,3,3,bus,INTRUSION,CROSSED_RESTRICTED_ZONE,0.9261,376,225,C:\Users\sharm\CCTV-YOLO\IBVAP\backend\logs\snapshots\intrusion_0546.jpg
2026-09-11,01:58:03,3,3,bus,INTRUSION,CROSSED_RESTRICTED_ZONE,0.9374,377,225,C:\Users\sharm\CCTV-YOLO\IBVAP\backend\logs\snapshots\intrusion_0547.jpg
2026-09-11,01:58:03,207,9,person,SUSPICIOUS_ACTIVITY,RAPID MOVEMENT,0.6667,740,199,C:\Users\sharm\CCTV-YOLO\IBVAP\backend\logs\snapshots\suspicious_0069.jpg
2026-09-11,01:58:03,3,3,bus,INTRUSION,CROSSED_RESTRICTED_ZONE,0.9332,378,225,C:\Users\sharm\CCTV-YOLO\IBVAP\backend\logs\snapshots\intrusion_0548.jpg
2026-09-11,01:58:04,3,3,bus,INTRUSION,CROSSED_RESTRICTED_ZONE,0.9357,378,224,C:\Users\sharm\CCTV-YOLO\IBVAP\backend\logs\snapshots\intrusion_0549.jpg
2026-09-11,01:58:05,3,3,bus,INTRUSION,CROSSED_RESTRICTED_ZONE,0.9390,378,225,C:\Users\sharm\CCTV-YOLO\IBVAP\backend\logs\snapshots\intrusion_0550.jpg
2026-09-11,01:58:05,3,3,bus,INTRUSION,CROSSED_RESTRICTED_ZONE,0.9378,378,226,C:\Users\sharm\CCTV-YOLO\IBVAP\backend\logs\snapshots\intrusion_0551.jpg
2026-09-11,01:58:06,210,1,person,SUSPICIOUS_ACTIVITY,ERRATIC MOVEMENT,1.0000,252,241,C:\Users\sharm\CCTV-YOLO\IBVAP\backend\logs\snapshots\suspicious_0070.jpg
2026-09-11,01:58:06,3,3,bus,INTRUSION,CROSSED_RESTRICTED_ZONE,0.9256,378,225,C:\Users\sharm\CCTV-YOLO\IBVAP\backend\logs\snapshots\intrusion_0552.jpg
2026-09-11,01:58:07,3,3,bus,INTRUSION,CROSSED_RESTRICTED_ZONE,0.9194,379,225,C:\Users\sharm\CCTV-YOLO\IBVAP\backend\logs\snapshots\intrusion_0553.jpg
2026-09-11,01:58:07,3,3,bus,INTRUSION,CROSSED_RESTRICTED_ZONE,0.9221,379,225,C:\Users\sharm\CCTV-YOLO\IBVAP\backend\logs\snapshots\intrusion_0554.jpg
2026-09-11,01:58:08,3,3,bus,INTRUSION,CROSSED_RESTRICTED_ZONE,0.9250,379,225,C:\Users\sharm\CCTV-YOLO\IBVAP\backend\logs\snapshots\intrusion_0555.jpg
2026-09-11,01:58:09,99,6,person,SUSPICIOUS_ACTIVITY,ERRATIC MOVEMENT | LOITERING,1.0000,196,334,C:\Users\sharm\CCTV-YOLO\IBVAP\backend\logs\snapshots\suspicious_0071.jpg
2026-09-11,01:58:09,3,3,bus,INTRUSION,CROSSED_RESTRICTED_ZONE,0.9075,380,224,C:\Users\sharm\CCTV-YOLO\IBVAP\backend\logs\snapshots\intrusion_0556.jpg
2026-09-11,01:58:09,3,3,bus,INTRUSION,CROSSED_RESTRICTED_ZONE,0.9058,380,224,C:\Users\sharm\CCTV-YOLO\IBVAP\backend\logs\snapshots\intrusion_0557.jpg
2026-09-11,01:58:10,3,3,bus,INTRUSION,CROSSED_RESTRICTED_ZONE,0.8919,380,223,C:\Users\sharm\CCTV-YOLO\IBVAP\backend\logs\snapshots\intrusion_0558.jpg
2026-09-11,01:58:11,3,3,bus,INTRUSION,CROSSED_RESTRICTED_ZONE,0.8877,380,222,C:\Users\sharm\CCTV-YOLO\IBVAP\backend\logs\snapshots\intrusion_0559.jpg
2026-09-11,01:58:11,3,3,bus,INTRUSION,CROSSED_RESTRICTED_ZONE,0.8702,380,221,C:\Users\sharm\CCTV-YOLO\IBVAP\backend\logs\snapshots\intrusion_0560.jpg
2026-09-11,01:58:12,3,3,bus,INTRUSION,CROSSED_RESTRICTED_ZONE,0.8984,380,222,C:\Users\sharm\CCTV-YOLO\IBVAP\backend\logs\snapshots\intrusion_0561.jpg
2026-09-11,01:58:12,3,3,bus,INTRUSION,CROSSED_RESTRICTED_ZONE,0.9106,381,223,C:\Users\sharm\CCTV-YOLO\IBVAP\backend\logs\snapshots\intrusion_0562.jpg
2026-09-11,01:58:13,3,3,bus,INTRUSION,CROSSED_RESTRICTED_ZONE,0.8948,381,224,C:\Users\sharm\CCTV-YOLO\IBVAP\backend\logs\snapshots\intrusion_0563.jpg
2026-09-11,01:58:14,3,3,bus,INTRUSION,CROSSED_RESTRICTED_ZONE,0.9070,382,224,C:\Users\sharm\CCTV-YOLO\IBVAP\backend\logs\snapshots\intrusion_0564.jpg
2026-09-11,01:58:14,3,3,bus,INTRUSION,CROSSED_RESTRICTED_ZONE,0.9038,382,225,C:\Users\sharm\CCTV-YOLO\IBVAP\backend\logs\snapshots\intrusion_0565.jpg
2026-09-11,01:58:15,3,3,bus,INTRUSION,CROSSED_RESTRICTED_ZONE,0.9075,382,225,C:\Users\sharm\CCTV-YOLO\IBVAP\backend\logs\snapshots\intrusion_0566.jpg
2026-09-11,01:58:16,3,3,bus,INTRUSION,CROSSED_RESTRICTED_ZONE,0.9152,382,225,C:\Users\sharm\CCTV-YOLO\IBVAP\backend\logs\snapshots\intrusion_0567.jpg
2026-09-11,01:58:16,210,1,person,SUSPICIOUS_ACTIVITY,ERRATIC MOVEMENT,1.0000,253,240,C:\Users\sharm\CCTV-YOLO\IBVAP\backend\logs\snapshots\suspicious_0072.jpg
2026-09-11,01:58:16,3,3,bus,INTRUSION,CROSSED_RESTRICTED_ZONE,0.9186,382,226,C:\Users\sharm\CCTV-YOLO\IBVAP\backend\logs\snapshots\intrusion_0568.jpg
2026-09-11,01:58:17,3,3,bus,INTRUSION,CROSSED_RESTRICTED_ZONE,0.9177,382,226,C:\Users\sharm\CCTV-YOLO\IBVAP\backend\logs\snapshots\intrusion_0569.jpg
2026-09-11,01:58:18,3,3,bus,INTRUSION,CROSSED_RESTRICTED_ZONE,0.9046,383,227,C:\Users\sharm\CCTV-YOLO\IBVAP\backend\logs\snapshots\intrusion_0570.jpg
2026-09-11,01:58:18,3,3,bus,INTRUSION,CROSSED_RESTRICTED_ZONE,0.9246,383,226,C:\Users\sharm\CCTV-YOLO\IBVAP\backend\logs\snapshots\intrusion_0571.jpg
2026-09-11,01:58:19,99,6,person,SUSPICIOUS_ACTIVITY,ERRATIC MOVEMENT | LOITERING,1.0000,198,334,C:\Users\sharm\CCTV-YOLO\IBVAP\backend\logs\snapshots\suspicious_0073.jpg
2026-09-11,01:58:19,3,3,bus,INTRUSION,CROSSED_RESTRICTED_ZONE,0.9205,383,226,C:\Users\sharm\CCTV-YOLO\IBVAP\backend\logs\snapshots\intrusion_0572.jpg
2026-09-11,01:58:20,3,3,bus,INTRUSION,CROSSED_RESTRICTED_ZONE,0.9134,383,226,C:\Users\sharm\CCTV-YOLO\IBVAP\backend\logs\snapshots\intrusion_0573.jpg
2026-09-11,01:58:20,3,3,bus,INTRUSION,CROSSED_RESTRICTED_ZONE,0.9101,383,226,C:\Users\sharm\CCTV-YOLO\IBVAP\backend\logs\snapshots\intrusion_0574.jpg
2026-09-11,01:58:21,3,3,bus,INTRUSION,CROSSED_RESTRICTED_ZONE,0.9224,383,226,C:\Users\sharm\CCTV-YOLO\IBVAP\backend\logs\snapshots\intrusion_0575.jpg
2026-09-11,01:58:22,3,3,bus,INTRUSION,CROSSED_RESTRICTED_ZONE,0.9153,383,227,C:\Users\sharm\CCTV-YOLO\IBVAP\backend\logs\snapshots\intrusion_0576.jpg
2026-09-11,01:58:22,3,3,bus,INTRUSION,CROSSED_RESTRICTED_ZONE,0.9049,383,226,C:\Users\sharm\CCTV-YOLO\IBVAP\backend\logs\snapshots\intrusion_0577.jpg
2026-09-11,01:58:23,3,3,bus,INTRUSION,CROSSED_RESTRICTED_ZONE,0.8850,383,226,C:\Users\sharm\CCTV-YOLO\IBVAP\backend\logs\snapshots\intrusion_0578.jpg
2026-09-11,01:58:24,3,3,bus,INTRUSION,CROSSED_RESTRICTED_ZONE,0.9014,384,226,C:\Users\sharm\CCTV-YOLO\IBVAP\backend\logs\snapshots\intrusion_0579.jpg
2026-09-11,01:58:25,3,3,bus,INTRUSION,CROSSED_RESTRICTED_ZONE,0.9084,384,226,C:\Users\sharm\CCTV-YOLO\IBVAP\backend\logs\snapshots\intrusion_0580.jpg
2026-09-11,01:58:25,3,3,bus,INTRUSION,CROSSED_RESTRICTED_ZONE,0.9157,384,227,C:\Users\sharm\CCTV-YOLO\IBVAP\backend\logs\snapshots\intrusion_0581.jpg
2026-09-11,01:58:26,3,3,bus,INTRUSION,CROSSED_RESTRICTED_ZONE,0.9113,384,227,C:\Users\sharm\CCTV-YOLO\IBVAP\backend\logs\snapshots\intrusion_0582.jpg
2026-09-11,01:58:26,3,3,bus,INTRUSION,CROSSED_RESTRICTED_ZONE,0.9023,384,227,C:\Users\sharm\CCTV-YOLO\IBVAP\backend\logs\snapshots\intrusion_0583.jpg
2026-09-11,01:58:27,3,3,bus,INTRUSION,CROSSED_RESTRICTED_ZONE,0.8966,384,228,C:\Users\sharm\CCTV-YOLO\IBVAP\backend\logs\snapshots\intrusion_0584.jpg
2026-09-11,01:58:28,3,3,bus,INTRUSION,CROSSED_RESTRICTED_ZONE,0.8901,385,228,C:\Users\sharm\CCTV-YOLO\IBVAP\backend\logs\snapshots\intrusion_0585.jpg
2026-09-11,01:58:28,3,3,bus,INTRUSION,CROSSED_RESTRICTED_ZONE,0.8729,385,228,C:\Users\sharm\CCTV-YOLO\IBVAP\backend\logs\snapshots\intrusion_0586.jpg
2026-09-11,01:58:29,3,3,bus,INTRUSION,CROSSED_RESTRICTED_ZONE,0.8891,385,228,C:\Users\sharm\CCTV-YOLO\IBVAP\backend\logs\snapshots\intrusion_0587.jpg
2026-09-11,01:58:30,99,6,person,SUSPICIOUS_ACTIVITY,ERRATIC MOVEMENT | LOITERING,1.0000,222,335,C:\Users\sharm\CCTV-YOLO\IBVAP\backend\logs\snapshots\suspicious_0074.jpg
2026-09-11,01:58:30,3,3,bus,INTRUSION,CROSSED_RESTRICTED_ZONE,0.8930,385,228,C:\Users\sharm\CCTV-YOLO\IBVAP\backend\logs\snapshots\intrusion_0588.jpg
2026-09-11,01:58:30,3,3,bus,INTRUSION,CROSSED_RESTRICTED_ZONE,0.8921,386,228,C:\Users\sharm\CCTV-YOLO\IBVAP\backend\logs\snapshots\intrusion_0589.jpg
2026-09-11,01:58:31,3,3,bus,INTRUSION,CROSSED_RESTRICTED_ZONE,0.9038,386,227,C:\Users\sharm\CCTV-YOLO\IBVAP\backend\logs\snapshots\intrusion_0590.jpg
2026-09-11,01:58:31,99,6,person,INTRUSION,CROSSED_RESTRICTED_ZONE,0.9398,230,336,C:\Users\sharm\CCTV-YOLO\IBVAP\backend\logs\snapshots\intrusion_0591.jpg
2026-09-11,01:58:32,3,3,bus,INTRUSION,CROSSED_RESTRICTED_ZONE,0.8971,386,228,C:\Users\sharm\CCTV-YOLO\IBVAP\backend\logs\snapshots\intrusion_0592.jpg
2026-09-11,01:58:33,3,3,bus,INTRUSION,CROSSED_RESTRICTED_ZONE,0.9043,386,228,C:\Users\sharm\CCTV-YOLO\IBVAP\backend\logs\snapshots\intrusion_0593.jpg
2026-09-11,01:58:33,3,3,bus,INTRUSION,CROSSED_RESTRICTED_ZONE,0.8920,386,227,C:\Users\sharm\CCTV-YOLO\IBVAP\backend\logs\snapshots\intrusion_0594.jpg
2026-09-11,01:58:34,3,3,bus,INTRUSION,CROSSED_RESTRICTED_ZONE,0.8829,386,227,C:\Users\sharm\CCTV-YOLO\IBVAP\backend\logs\snapshots\intrusion_0595.jpg
2026-09-11,01:58:35,3,3,bus,INTRUSION,CROSSED_RESTRICTED_ZONE,0.8868,386,226,C:\Users\sharm\CCTV-YOLO\IBVAP\backend\logs\snapshots\intrusion_0596.jpg
2026-09-11,01:58:35,3,3,bus,INTRUSION,CROSSED_RESTRICTED_ZONE,0.9055,386,226,C:\Users\sharm\CCTV-YOLO\IBVAP\backend\logs\snapshots\intrusion_0597.jpg
2026-09-11,01:58:36,3,3,bus,INTRUSION,CROSSED_RESTRICTED_ZONE,0.9130,386,226,C:\Users\sharm\CCTV-YOLO\IBVAP\backend\logs\snapshots\intrusion_0598.jpg
2026-09-11,01:58:37,3,3,bus,INTRUSION,CROSSED_RESTRICTED_ZONE,0.9188,386,227,C:\Users\sharm\CCTV-YOLO\IBVAP\backend\logs\snapshots\intrusion_0599.jpg
2026-09-11,01:58:37,3,3,bus,INTRUSION,CROSSED_RESTRICTED_ZONE,0.9137,386,227,C:\Users\sharm\CCTV-YOLO\IBVAP\backend\logs\snapshots\intrusion_0600.jpg
2026-09-11,01:58:38,3,3,bus,INTRUSION,CROSSED_RESTRICTED_ZONE,0.9165,387,227,C:\Users\sharm\CCTV-YOLO\IBVAP\backend\logs\snapshots\intrusion_0601.jpg
2026-09-11,01:58:39,221,4,person,SUSPICIOUS_ACTIVITY,ERRATIC MOVEMENT | LOITERING | RAPID MOVEMENT,1.0000,208,246,C:\Users\sharm\CCTV-YOLO\IBVAP\backend\logs\snapshots\suspicious_0075.jpg
2026-09-11,01:58:39,3,3,bus,INTRUSION,CROSSED_RESTRICTED_ZONE,0.9209,387,228,C:\Users\sharm\CCTV-YOLO\IBVAP\backend\logs\snapshots\intrusion_0602.jpg
2026-09-11,01:58:40,3,3,bus,INTRUSION,CROSSED_RESTRICTED_ZONE,0.9236,387,228,C:\Users\sharm\CCTV-YOLO\IBVAP\backend\logs\snapshots\intrusion_0603.jpg
2026-09-11,01:58:40,99,6,person,SUSPICIOUS_ACTIVITY,ERRATIC MOVEMENT | LOITERING,1.0000,275,334,C:\Users\sharm\CCTV-YOLO\IBVAP\backend\logs\snapshots\suspicious_0076.jpg
2026-09-11,01:58:40,3,3,bus,INTRUSION,CROSSED_RESTRICTED_ZONE,0.9226,387,228,C:\Users\sharm\CCTV-YOLO\IBVAP\backend\logs\snapshots\intrusion_0604.jpg
2026-09-11,01:58:41,3,3,bus,INTRUSION,CROSSED_RESTRICTED_ZONE,0.9257,387,227,C:\Users\sharm\CCTV-YOLO\IBVAP\backend\logs\snapshots\intrusion_0605.jpg
2026-09-11,01:58:42,3,3,bus,INTRUSION,CROSSED_RESTRICTED_ZONE,0.9174,387,228,C:\Users\sharm\CCTV-YOLO\IBVAP\backend\logs\snapshots\intrusion_0606.jpg
2026-09-11,01:58:43,3,3,bus,INTRUSION,CROSSED_RESTRICTED_ZONE,0.9258,387,228,C:\Users\sharm\CCTV-YOLO\IBVAP\backend\logs\snapshots\intrusion_0607.jpg
2026-09-11,01:58:44,3,3,bus,INTRUSION,CROSSED_RESTRICTED_ZONE,0.9235,387,228,C:\Users\sharm\CCTV-YOLO\IBVAP\backend\logs\snapshots\intrusion_0608.jpg
2026-09-11,01:58:45,3,3,bus,INTRUSION,CROSSED_RESTRICTED_ZONE,0.9207,388,228,C:\Users\sharm\CCTV-YOLO\IBVAP\backend\logs\snapshots\intrusion_0609.jpg
2026-09-11,01:58:46,3,3,bus,INTRUSION,CROSSED_RESTRICTED_ZONE,0.9194,388,228,C:\Users\sharm\CCTV-YOLO\IBVAP\backend\logs\snapshots\intrusion_0610.jpg
2026-09-11,01:58:47,3,3,bus,INTRUSION,CROSSED_RESTRICTED_ZONE,0.9258,387,228,C:\Users\sharm\CCTV-YOLO\IBVAP\backend\logs\snapshots\intrusion_0611.jpg
2026-09-11,01:58:48,3,3,bus,INTRUSION,CROSSED_RESTRICTED_ZONE,0.9132,388,227,C:\Users\sharm\CCTV-YOLO\IBVAP\backend\logs\snapshots\intrusion_0612.jpg
2026-09-11,01:58:48,3,3,bus,INTRUSION,CROSSED_RESTRICTED_ZONE,0.9060,388,226,C:\Users\sharm\CCTV-YOLO\IBVAP\backend\logs\snapshots\intrusion_0613.jpg
2026-09-11,01:58:49,221,4,person,SUSPICIOUS_ACTIVITY,ERRATIC MOVEMENT | LOITERING,1.0000,206,243,C:\Users\sharm\CCTV-YOLO\IBVAP\backend\logs\snapshots\suspicious_0077.jpg
2026-09-11,01:58:49,3,3,bus,INTRUSION,CROSSED_RESTRICTED_ZONE,0.9047,388,226,C:\Users\sharm\CCTV-YOLO\IBVAP\backend\logs\snapshots\intrusion_0614.jpg
2026-09-11,01:58:50,3,3,bus,INTRUSION,CROSSED_RESTRICTED_ZONE,0.9159,388,225,C:\Users\sharm\CCTV-YOLO\IBVAP\backend\logs\snapshots\intrusion_0615.jpg
2026-09-11,01:58:50,99,6,person,SUSPICIOUS_ACTIVITY,ERRATIC MOVEMENT | LOITERING,1.0000,279,334,C:\Users\sharm\CCTV-YOLO\IBVAP\backend\logs\snapshots\suspicious_0078.jpg
2026-09-11,01:58:51,3,3,bus,INTRUSION,CROSSED_RESTRICTED_ZONE,0.9176,388,225,C:\Users\sharm\CCTV-YOLO\IBVAP\backend\logs\snapshots\intrusion_0616.jpg
2026-09-11,01:58:51,228,1,person,SUSPICIOUS_ACTIVITY,ERRATIC MOVEMENT,1.0000,231,247,C:\Users\sharm\CCTV-YOLO\IBVAP\backend\logs\snapshots\suspicious_0079.jpg
2026-09-11,01:58:51,3,3,bus,INTRUSION,CROSSED_RESTRICTED_ZONE,0.9244,388,225,C:\Users\sharm\CCTV-YOLO\IBVAP\backend\logs\snapshots\intrusion_0617.jpg
2026-09-11,01:58:52,3,3,bus,INTRUSION,CROSSED_RESTRICTED_ZONE,0.9163,388,225,C:\Users\sharm\CCTV-YOLO\IBVAP\backend\logs\snapshots\intrusion_0618.jpg
2026-09-11,01:58:52,3,3,bus,INTRUSION,CROSSED_RESTRICTED_ZONE,0.9173,388,225,C:\Users\sharm\CCTV-YOLO\IBVAP\backend\logs\snapshots\intrusion_0619.jpg
2026-09-11,01:58:53,3,3,bus,INTRUSION,CROSSED_RESTRICTED_ZONE,0.9153,389,225,C:\Users\sharm\CCTV-YOLO\IBVAP\backend\logs\snapshots\intrusion_0620.jpg
2026-09-11,01:58:54,3,3,bus,INTRUSION,CROSSED_RESTRICTED_ZONE,0.9008,389,224,C:\Users\sharm\CCTV-YOLO\IBVAP\backend\logs\snapshots\intrusion_0621.jpg
2026-09-11,01:58:54,3,3,bus,INTRUSION,CROSSED_RESTRICTED_ZONE,0.9062,389,224,C:\Users\sharm\CCTV-YOLO\IBVAP\backend\logs\snapshots\intrusion_0622.jpg
2026-09-11,01:58:55,3,3,bus,INTRUSION,CROSSED_RESTRICTED_ZONE,0.9139,389,224,C:\Users\sharm\CCTV-YOLO\IBVAP\backend\logs\snapshots\intrusion_0623.jpg
2026-09-11,01:58:56,3,3,bus,INTRUSION,CROSSED_RESTRICTED_ZONE,0.9209,389,224,C:\Users\sharm\CCTV-YOLO\IBVAP\backend\logs\snapshots\intrusion_0624.jpg
2026-09-11,01:58:56,3,3,bus,INTRUSION,CROSSED_RESTRICTED_ZONE,0.9141,389,225,C:\Users\sharm\CCTV-YOLO\IBVAP\backend\logs\snapshots\intrusion_0625.jpg
2026-09-11,01:58:57,3,3,bus,INTRUSION,CROSSED_RESTRICTED_ZONE,0.9148,389,225,C:\Users\sharm\CCTV-YOLO\IBVAP\backend\logs\snapshots\intrusion_0626.jpg
2026-09-11,01:58:58,3,3,bus,INTRUSION,CROSSED_RESTRICTED_ZONE,0.9201,389,226,C:\Users\sharm\CCTV-YOLO\IBVAP\backend\logs\snapshots\intrusion_0627.jpg
2026-09-11,01:58:58,3,3,bus,INTRUSION,CROSSED_RESTRICTED_ZONE,0.9150,390,227,C:\Users\sharm\CCTV-YOLO\IBVAP\backend\logs\snapshots\intrusion_0628.jpg
2026-09-11,01:58:59,3,3,bus,INTRUSION,CROSSED_RESTRICTED_ZONE,0.9241,390,227,C:\Users\sharm\CCTV-YOLO\IBVAP\backend\logs\snapshots\intrusion_0629.jpg
2026-09-11,01:59:00,221,4,person,SUSPICIOUS_ACTIVITY,ERRATIC MOVEMENT | LOITERING,1.0000,201,243,C:\Users\sharm\CCTV-YOLO\IBVAP\backend\logs\snapshots\suspicious_0080.jpg
2026-09-11,01:59:00,3,3,bus,INTRUSION,CROSSED_RESTRICTED_ZONE,0.9234,390,227,C:\Users\sharm\CCTV-YOLO\IBVAP\backend\logs\snapshots\intrusion_0630.jpg
2026-09-11,01:59:00,3,3,bus,INTRUSION,CROSSED_RESTRICTED_ZONE,0.9226,390,227,C:\Users\sharm\CCTV-YOLO\IBVAP\backend\logs\snapshots\intrusion_0631.jpg
2026-09-11,01:59:01,99,6,person,SUSPICIOUS_ACTIVITY,ERRATIC MOVEMENT | LOITERING,1.0000,274,334,C:\Users\sharm\CCTV-YOLO\IBVAP\backend\logs\snapshots\suspicious_0081.jpg
2026-09-11,01:59:01,228,1,person,SUSPICIOUS_ACTIVITY,ERRATIC MOVEMENT,1.0000,229,244,C:\Users\sharm\CCTV-YOLO\IBVAP\backend\logs\snapshots\suspicious_0082.jpg
2026-09-11,01:59:02,3,3,bus,INTRUSION,CROSSED_RESTRICTED_ZONE,0.9203,390,226,C:\Users\sharm\CCTV-YOLO\IBVAP\backend\logs\snapshots\intrusion_0632.jpg
2026-09-11,01:59:02,167,8,person,SUSPICIOUS_ACTIVITY,LOITERING,0.4167,14,385,C:\Users\sharm\CCTV-YOLO\IBVAP\backend\logs\snapshots\suspicious_0083.jpg
2026-09-11,01:59:02,3,3,bus,INTRUSION,CROSSED_RESTRICTED_ZONE,0.9251,390,226,C:\Users\sharm\CCTV-YOLO\IBVAP\backend\logs\snapshots\intrusion_0633.jpg
2026-09-11,01:59:03,3,3,bus,INTRUSION,CROSSED_RESTRICTED_ZONE,0.9164,390,226,C:\Users\sharm\CCTV-YOLO\IBVAP\backend\logs\snapshots\intrusion_0634.jpg
2026-09-11,01:59:04,3,3,bus,INTRUSION,CROSSED_RESTRICTED_ZONE,0.9060,391,228,C:\Users\sharm\CCTV-YOLO\IBVAP\backend\logs\snapshots\intrusion_0635.jpg
2026-09-11,01:59:05,3,3,bus,INTRUSION,CROSSED_RESTRICTED_ZONE,0.9052,391,228,C:\Users\sharm\CCTV-YOLO\IBVAP\backend\logs\snapshots\intrusion_0636.jpg
2026-09-11,01:59:05,3,3,bus,INTRUSION,CROSSED_RESTRICTED_ZONE,0.9145,387,229,C:\Users\sharm\CCTV-YOLO\IBVAP\backend\logs\snapshots\intrusion_0637.jpg
2026-09-11,01:59:06,3,3,bus,INTRUSION,CROSSED_RESTRICTED_ZONE,0.9104,386,229,C:\Users\sharm\CCTV-YOLO\IBVAP\backend\logs\snapshots\intrusion_0638.jpg
2026-09-11,02:56:17,1,1,person,INTRUSION,CROSSED_RESTRICTED_ZONE,0.8940,198,239,C:\Users\sharm\CCTV-YOLO\IBVAP\backend\logs\snapshots\intrusion_0001.jpg
2026-09-11,02:56:17,3,3,bus,INTRUSION,CROSSED_RESTRICTED_ZONE,0.7503,307,222,C:\Users\sharm\CCTV-YOLO\IBVAP\backend\logs\snapshots\intrusion_0002.jpg
2026-09-11,02:56:18,1,1,person,INTRUSION,CROSSED_RESTRICTED_ZONE,0.8964,198,239,C:\Users\sharm\CCTV-YOLO\IBVAP\backend\logs\snapshots\intrusion_0003.jpg
2026-09-11,02:56:18,3,3,bus,INTRUSION,CROSSED_RESTRICTED_ZONE,0.5779,307,222,C:\Users\sharm\CCTV-YOLO\IBVAP\backend\logs\snapshots\intrusion_0004.jpg
2026-09-11,02:56:19,4,1,person,SUSPICIOUS_ACTIVITY,RAPID MOVEMENT,0.8333,198,239,C:\Users\sharm\CCTV-YOLO\IBVAP\backend\logs\snapshots\suspicious_0001.jpg
2026-09-11,02:56:19,1,1,person,INTRUSION,CROSSED_RESTRICTED_ZONE,0.9024,198,239,C:\Users\sharm\CCTV-YOLO\IBVAP\backend\logs\snapshots\intrusion_0005.jpg
2026-09-11,02:56:20,3,3,bus,INTRUSION,CROSSED_RESTRICTED_ZONE,0.9581,307,222,C:\Users\sharm\CCTV-YOLO\IBVAP\backend\logs\snapshots\intrusion_0006.jpg
2026-09-11,02:56:20,1,1,person,INTRUSION,CROSSED_RESTRICTED_ZONE,0.9133,198,238,C:\Users\sharm\CCTV-YOLO\IBVAP\backend\logs\snapshots\intrusion_0007.jpg
2026-09-11,02:56:21,3,3,bus,INTRUSION,CROSSED_RESTRICTED_ZONE,0.9439,307,222,C:\Users\sharm\CCTV-YOLO\IBVAP\backend\logs\snapshots\intrusion_0008.jpg
2026-09-11,02:56:21,1,1,person,INTRUSION,CROSSED_RESTRICTED_ZONE,0.9136,198,238,C:\Users\sharm\CCTV-YOLO\IBVAP\backend\logs\snapshots\intrusion_0009.jpg
2026-09-11,02:56:22,3,3,bus,INTRUSION,CROSSED_RESTRICTED_ZONE,0.9437,307,222,C:\Users\sharm\CCTV-YOLO\IBVAP\backend\logs\snapshots\intrusion_0010.jpg
2026-09-11,02:56:22,1,1,person,INTRUSION,CROSSED_RESTRICTED_ZONE,0.9137,198,238,C:\Users\sharm\CCTV-YOLO\IBVAP\backend\logs\snapshots\intrusion_0011.jpg
2026-09-11,02:56:23,3,3,bus,INTRUSION,CROSSED_RESTRICTED_ZONE,0.6783,307,222,C:\Users\sharm\CCTV-YOLO\IBVAP\backend\logs\snapshots\intrusion_0012.jpg
2026-09-11,02:56:24,1,1,person,INTRUSION,CROSSED_RESTRICTED_ZONE,0.9076,198,237,C:\Users\sharm\CCTV-YOLO\IBVAP\backend\logs\snapshots\intrusion_0013.jpg
2026-09-11,02:56:24,3,3,bus,INTRUSION,CROSSED_RESTRICTED_ZONE,0.4978,307,221,C:\Users\sharm\CCTV-YOLO\IBVAP\backend\logs\snapshots\intrusion_0014.jpg
2026-09-11,02:56:25,1,1,person,INTRUSION,CROSSED_RESTRICTED_ZONE,0.8997,198,236,C:\Users\sharm\CCTV-YOLO\IBVAP\backend\logs\snapshots\intrusion_0015.jpg
2026-09-11,02:56:25,3,3,bus,INTRUSION,CROSSED_RESTRICTED_ZONE,0.9104,307,221,C:\Users\sharm\CCTV-YOLO\IBVAP\backend\logs\snapshots\intrusion_0016.jpg
2026-09-11,02:56:26,3,3,bus,INTRUSION,CROSSED_RESTRICTED_ZONE,0.9313,307,221,C:\Users\sharm\CCTV-YOLO\IBVAP\backend\logs\snapshots\intrusion_0017.jpg
2026-09-11,02:56:26,3,3,bus,INTRUSION,CROSSED_RESTRICTED_ZONE,0.9198,308,221,C:\Users\sharm\CCTV-YOLO\IBVAP\backend\logs\snapshots\intrusion_0018.jpg
2026-09-11,02:56:27,3,3,bus,INTRUSION,CROSSED_RESTRICTED_ZONE,0.9162,308,221,C:\Users\sharm\CCTV-YOLO\IBVAP\backend\logs\snapshots\intrusion_0019.jpg
2026-09-11,02:56:28,3,3,bus,INTRUSION,CROSSED_RESTRICTED_ZONE,0.8527,308,221,C:\Users\sharm\CCTV-YOLO\IBVAP\backend\logs\snapshots\intrusion_0020.jpg
2026-09-11,02:56:28,3,3,bus,INTRUSION,CROSSED_RESTRICTED_ZONE,0.9516,308,221,C:\Users\sharm\CCTV-YOLO\IBVAP\backend\logs\snapshots\intrusion_0021.jpg
2026-09-11,02:56:29,1,1,person,INTRUSION,CROSSED_RESTRICTED_ZONE,0.8666,162,233,C:\Users\sharm\CCTV-YOLO\IBVAP\backend\logs\snapshots\intrusion_0022.jpg
2026-09-11,02:56:29,3,3,bus,INTRUSION,CROSSED_RESTRICTED_ZONE,0.9563,306,222,C:\Users\sharm\CCTV-YOLO\IBVAP\backend\logs\snapshots\intrusion_0023.jpg
2026-09-11,02:56:30,1,1,person,SUSPICIOUS_ACTIVITY,ERRATIC MOVEMENT | RAPID MOVEMENT,1.0000,192,337,C:\Users\sharm\CCTV-YOLO\IBVAP\backend\logs\snapshots\suspicious_0002.jpg
2026-09-11,02:56:30,1,1,person,INTRUSION,CROSSED_RESTRICTED_ZONE,0.8794,163,234,C:\Users\sharm\CCTV-YOLO\IBVAP\backend\logs\snapshots\intrusion_0024.jpg
2026-09-11,02:56:30,3,3,bus,INTRUSION,CROSSED_RESTRICTED_ZONE,0.9594,307,222,C:\Users\sharm\CCTV-YOLO\IBVAP\backend\logs\snapshots\intrusion_0025.jpg
2026-09-11,02:56:32,1,1,person,INTRUSION,CROSSED_RESTRICTED_ZONE,0.8603,163,237,C:\Users\sharm\CCTV-YOLO\IBVAP\backend\logs\snapshots\intrusion_0026.jpg
2026-09-11,02:56:32,3,3,bus,INTRUSION,CROSSED_RESTRICTED_ZONE,0.9598,307,222,C:\Users\sharm\CCTV-YOLO\IBVAP\backend\logs\snapshots\intrusion_0027.jpg
2026-09-11,02:56:33,1,1,person,INTRUSION,CROSSED_RESTRICTED_ZONE,0.8890,164,240,C:\Users\sharm\CCTV-YOLO\IBVAP\backend\logs\snapshots\intrusion_0028.jpg
2026-09-11,02:56:33,3,3,bus,INTRUSION,CROSSED_RESTRICTED_ZONE,0.9616,307,222,C:\Users\sharm\CCTV-YOLO\IBVAP\backend\logs\snapshots\intrusion_0029.jpg
2026-09-11,02:56:34,1,1,person,INTRUSION,CROSSED_RESTRICTED_ZONE,0.8879,164,242,C:\Users\sharm\CCTV-YOLO\IBVAP\backend\logs\snapshots\intrusion_0030.jpg
2026-09-11,02:56:34,3,3,bus,INTRUSION,CROSSED_RESTRICTED_ZONE,0.9615,307,222,C:\Users\sharm\CCTV-YOLO\IBVAP\backend\logs\snapshots\intrusion_0031.jpg
2026-09-11,02:56:35,1,1,person,INTRUSION,CROSSED_RESTRICTED_ZONE,0.8957,163,242,C:\Users\sharm\CCTV-YOLO\IBVAP\backend\logs\snapshots\intrusion_0032.jpg
2026-09-11,02:56:36,3,3,bus,INTRUSION,CROSSED_RESTRICTED_ZONE,0.9609,307,222,C:\Users\sharm\CCTV-YOLO\IBVAP\backend\logs\snapshots\intrusion_0033.jpg
2026-09-11,02:56:36,1,1,person,INTRUSION,CROSSED_RESTRICTED_ZONE,0.8925,163,243,C:\Users\sharm\CCTV-YOLO\IBVAP\backend\logs\snapshots\intrusion_0034.jpg
2026-09-11,02:56:37,3,3,bus,INTRUSION,CROSSED_RESTRICTED_ZONE,0.9597,307,222,C:\Users\sharm\CCTV-YOLO\IBVAP\backend\logs\snapshots\intrusion_0035.jpg
2026-09-11,02:56:37,1,1,person,INTRUSION,CROSSED_RESTRICTED_ZONE,0.8975,163,243,C:\Users\sharm\CCTV-YOLO\IBVAP\backend\logs\snapshots\intrusion_0036.jpg
2026-09-11,02:56:38,3,3,bus,INTRUSION,CROSSED_RESTRICTED_ZONE,0.9599,307,222,C:\Users\sharm\CCTV-YOLO\IBVAP\backend\logs\snapshots\intrusion_0037.jpg
2026-09-11,02:56:38,1,1,person,INTRUSION,CROSSED_RESTRICTED_ZONE,0.9113,197,235,C:\Users\sharm\CCTV-YOLO\IBVAP\backend\logs\snapshots\intrusion_0038.jpg
2026-09-11,02:56:39,3,3,bus,INTRUSION,CROSSED_RESTRICTED_ZONE,0.9590,306,223,C:\Users\sharm\CCTV-YOLO\IBVAP\backend\logs\snapshots\intrusion_0039.jpg
2026-09-11,02:56:40,1,1,person,INTRUSION,CROSSED_RESTRICTED_ZONE,0.9034,197,236,C:\Users\sharm\CCTV-YOLO\IBVAP\backend\logs\snapshots\intrusion_0040.jpg
2026-09-11,02:56:40,3,3,bus,INTRUSION,CROSSED_RESTRICTED_ZONE,0.9569,306,223,C:\Users\sharm\CCTV-YOLO\IBVAP\backend\logs\snapshots\intrusion_0041.jpg
2026-09-11,02:56:41,1,1,person,SUSPICIOUS_ACTIVITY,ERRATIC MOVEMENT | RAPID MOVEMENT,1.0000,219,338,C:\Users\sharm\CCTV-YOLO\IBVAP\backend\logs\snapshots\suspicious_0003.jpg
2026-09-11,02:56:41,1,1,person,INTRUSION,CROSSED_RESTRICTED_ZONE,0.8900,197,237,C:\Users\sharm\CCTV-YOLO\IBVAP\backend\logs\snapshots\intrusion_0042.jpg
2026-09-11,02:56:41,3,3,bus,INTRUSION,CROSSED_RESTRICTED_ZONE,0.9567,306,223,C:\Users\sharm\CCTV-YOLO\IBVAP\backend\logs\snapshots\intrusion_0043.jpg
2026-09-11,02:56:42,1,1,person,INTRUSION,CROSSED_RESTRICTED_ZONE,0.8919,198,237,C:\Users\sharm\CCTV-YOLO\IBVAP\backend\logs\snapshots\intrusion_0044.jpg
2026-09-11,02:56:42,3,3,bus,INTRUSION,CROSSED_RESTRICTED_ZONE,0.9578,307,223,C:\Users\sharm\CCTV-YOLO\IBVAP\backend\logs\snapshots\intrusion_0045.jpg
2026-09-11,02:56:43,1,1,person,INTRUSION,CROSSED_RESTRICTED_ZONE,0.8858,198,237,C:\Users\sharm\CCTV-YOLO\IBVAP\backend\logs\snapshots\intrusion_0046.jpg
2026-09-11,02:56:44,3,3,bus,INTRUSION,CROSSED_RESTRICTED_ZONE,0.9577,307,223,C:\Users\sharm\CCTV-YOLO\IBVAP\backend\logs\snapshots\intrusion_0047.jpg
2026-09-11,02:56:44,1,1,person,INTRUSION,CROSSED_RESTRICTED_ZONE,0.8618,162,241,C:\Users\sharm\CCTV-YOLO\IBVAP\backend\logs\snapshots\intrusion_0048.jpg
2026-09-11,02:56:45,3,3,bus,INTRUSION,CROSSED_RESTRICTED_ZONE,0.9579,307,223,C:\Users\sharm\CCTV-YOLO\IBVAP\backend\logs\snapshots\intrusion_0049.jpg
2026-09-11,02:56:45,1,1,person,INTRUSION,CROSSED_RESTRICTED_ZONE,0.8924,140,240,C:\Users\sharm\CCTV-YOLO\IBVAP\backend\logs\snapshots\intrusion_0050.jpg
2026-09-11,02:56:46,3,3,bus,INTRUSION,CROSSED_RESTRICTED_ZONE,0.9591,307,224,C:\Users\sharm\CCTV-YOLO\IBVAP\backend\logs\snapshots\intrusion_0051.jpg
2026-09-11,02:56:46,1,1,person,INTRUSION,CROSSED_RESTRICTED_ZONE,0.8873,140,240,C:\Users\sharm\CCTV-YOLO\IBVAP\backend\logs\snapshots\intrusion_0052.jpg
2026-09-11,02:56:47,3,3,bus,INTRUSION,CROSSED_RESTRICTED_ZONE,0.9585,307,223,C:\Users\sharm\CCTV-YOLO\IBVAP\backend\logs\snapshots\intrusion_0053.jpg
2026-09-11,02:56:48,1,1,person,INTRUSION,CROSSED_RESTRICTED_ZONE,0.9013,163,242,C:\Users\sharm\CCTV-YOLO\IBVAP\backend\logs\snapshots\intrusion_0054.jpg
2026-09-11,02:56:48,3,3,bus,INTRUSION,CROSSED_RESTRICTED_ZONE,0.9575,307,223,C:\Users\sharm\CCTV-YOLO\IBVAP\backend\logs\snapshots\intrusion_0055.jpg
2026-09-11,02:56:49,1,1,person,INTRUSION,CROSSED_RESTRICTED_ZONE,0.9083,140,240,C:\Users\sharm\CCTV-YOLO\IBVAP\backend\logs\snapshots\intrusion_0056.jpg
2026-09-11,02:56:49,3,3,bus,INTRUSION,CROSSED_RESTRICTED_ZONE,0.9593,307,223,C:\Users\sharm\CCTV-YOLO\IBVAP\backend\logs\snapshots\intrusion_0057.jpg
2026-09-11,02:56:50,1,1,person,INTRUSION,CROSSED_RESTRICTED_ZONE,0.8943,141,241,C:\Users\sharm\CCTV-YOLO\IBVAP\backend\logs\snapshots\intrusion_0058.jpg
2026-09-11,02:56:51,3,3,bus,INTRUSION,CROSSED_RESTRICTED_ZONE,0.9594,306,224,C:\Users\sharm\CCTV-YOLO\IBVAP\backend\logs\snapshots\intrusion_0059.jpg
2026-09-11,02:56:53,1,1,person,SUSPICIOUS_ACTIVITY,ERRATIC MOVEMENT | RAPID MOVEMENT,1.0000,248,341,C:\Users\sharm\CCTV-YOLO\IBVAP\backend\logs\snapshots\suspicious_0004.jpg
2026-09-11,02:56:53,1,1,person,INTRUSION,CROSSED_RESTRICTED_ZONE,0.8896,141,241,C:\Users\sharm\CCTV-YOLO\IBVAP\backend\logs\snapshots\intrusion_0060.jpg
2026-09-11,02:56:54,3,3,bus,INTRUSION,CROSSED_RESTRICTED_ZONE,0.9583,306,223,C:\Users\sharm\CCTV-YOLO\IBVAP\backend\logs\snapshots\intrusion_0061.jpg
2026-09-11,02:56:55,1,1,person,INTRUSION,CROSSED_RESTRICTED_ZONE,0.9172,162,239,C:\Users\sharm\CCTV-YOLO\IBVAP\backend\logs\snapshots\intrusion_0062.jpg
2026-09-11,02:56:56,3,3,bus,INTRUSION,CROSSED_RESTRICTED_ZONE,0.9573,305,223,C:\Users\sharm\CCTV-YOLO\IBVAP\backend\logs\snapshots\intrusion_0063.jpg
2026-09-11,02:56:58,1,1,person,INTRUSION,CROSSED_RESTRICTED_ZONE,0.8861,162,239,C:\Users\sharm\CCTV-YOLO\IBVAP\backend\logs\snapshots\intrusion_0064.jpg
2026-09-11,02:56:58,3,3,bus,INTRUSION,CROSSED_RESTRICTED_ZONE,0.9574,306,221,C:\Users\sharm\CCTV-YOLO\IBVAP\backend\logs\snapshots\intrusion_0065.jpg
2026-09-11,02:57:00,1,1,person,INTRUSION,CROSSED_RESTRICTED_ZONE,0.9069,162,239,C:\Users\sharm\CCTV-YOLO\IBVAP\backend\logs\snapshots\intrusion_0066.jpg
2026-09-11,02:57:01,3,3,bus,INTRUSION,CROSSED_RESTRICTED_ZONE,0.9581,306,221,C:\Users\sharm\CCTV-YOLO\IBVAP\backend\logs\snapshots\intrusion_0067.jpg
2026-09-11,02:57:03,1,1,person,INTRUSION,CROSSED_RESTRICTED_ZONE,0.8134,162,239,C:\Users\sharm\CCTV-YOLO\IBVAP\backend\logs\snapshots\intrusion_0068.jpg
2026-09-11,02:57:03,3,3,bus,INTRUSION,CROSSED_RESTRICTED_ZONE,0.9565,306,220,C:\Users\sharm\CCTV-YOLO\IBVAP\backend\logs\snapshots\intrusion_0069.jpg
2026-09-11,02:57:04,1,1,person,SUSPICIOUS_ACTIVITY,ERRATIC MOVEMENT | RAPID MOVEMENT,1.0000,273,344,C:\Users\sharm\CCTV-YOLO\IBVAP\backend\logs\snapshots\suspicious_0005.jpg
2026-09-11,02:57:04,1,1,person,INTRUSION,CROSSED_RESTRICTED_ZONE,0.8169,162,239,C:\Users\sharm\CCTV-YOLO\IBVAP\backend\logs\snapshots\intrusion_0070.jpg
2026-09-11,02:57:05,3,3,bus,INTRUSION,CROSSED_RESTRICTED_ZONE,0.9571,307,220,C:\Users\sharm\CCTV-YOLO\IBVAP\backend\logs\snapshots\intrusion_0071.jpg
2026-09-11,02:57:06,1,1,person,INTRUSION,CROSSED_RESTRICTED_ZONE,0.2754,162,239,C:\Users\sharm\CCTV-YOLO\IBVAP\backend\logs\snapshots\intrusion_0072.jpg
2026-09-11,02:57:07,1,1,person,INTRUSION,CROSSED_RESTRICTED_ZONE,0.8757,162,239,C:\Users\sharm\CCTV-YOLO\IBVAP\backend\logs\snapshots\intrusion_0073.jpg
2026-09-11,02:57:08,1,1,person,INTRUSION,CROSSED_RESTRICTED_ZONE,0.8556,162,239,C:\Users\sharm\CCTV-YOLO\IBVAP\backend\logs\snapshots\intrusion_0074.jpg
2026-09-11,02:57:08,1,1,person,INTRUSION,CROSSED_RESTRICTED_ZONE,0.7353,163,239,C:\Users\sharm\CCTV-YOLO\IBVAP\backend\logs\snapshots\intrusion_0075.jpg
2026-09-11,02:57:09,1,1,person,INTRUSION,CROSSED_RESTRICTED_ZONE,0.8694,163,238,C:\Users\sharm\CCTV-YOLO\IBVAP\backend\logs\snapshots\intrusion_0076.jpg
2026-09-11,02:57:10,1,1,person,INTRUSION,CROSSED_RESTRICTED_ZONE,0.8652,163,238,C:\Users\sharm\CCTV-YOLO\IBVAP\backend\logs\snapshots\intrusion_0077.jpg
2026-09-11,02:57:10,1,1,person,INTRUSION,CROSSED_RESTRICTED_ZONE,0.8441,163,238,C:\Users\sharm\CCTV-YOLO\IBVAP\backend\logs\snapshots\intrusion_0078.jpg
2026-09-11,02:57:11,1,1,person,INTRUSION,CROSSED_RESTRICTED_ZONE,0.8439,163,238,C:\Users\sharm\CCTV-YOLO\IBVAP\backend\logs\snapshots\intrusion_0079.jpg
2026-09-11,02:57:11,1,1,person,INTRUSION,CROSSED_RESTRICTED_ZONE,0.8434,163,238,C:\Users\sharm\CCTV-YOLO\IBVAP\backend\logs\snapshots\intrusion_0080.jpg
2026-09-11,02:57:12,1,1,person,INTRUSION,CROSSED_RESTRICTED_ZONE,0.8550,163,238,C:\Users\sharm\CCTV-YOLO\IBVAP\backend\logs\snapshots\intrusion_0081.jpg
2026-09-11,02:57:13,1,1,person,INTRUSION,CROSSED_RESTRICTED_ZONE,0.8559,163,237,C:\Users\sharm\CCTV-YOLO\IBVAP\backend\logs\snapshots\intrusion_0082.jpg
2026-09-11,02:57:13,1,1,person,INTRUSION,CROSSED_RESTRICTED_ZONE,0.8677,163,237,C:\Users\sharm\CCTV-YOLO\IBVAP\backend\logs\snapshots\intrusion_0083.jpg
2026-09-11,02:57:14,1,1,person,SUSPICIOUS_ACTIVITY,ERRATIC MOVEMENT | RAPID MOVEMENT,1.0000,352,279,C:\Users\sharm\CCTV-YOLO\IBVAP\backend\logs\snapshots\suspicious_0006.jpg
2026-09-11,02:57:14,1,1,person,INTRUSION,CROSSED_RESTRICTED_ZONE,0.8768,163,237,C:\Users\sharm\CCTV-YOLO\IBVAP\backend\logs\snapshots\intrusion_0084.jpg
2026-09-11,02:57:14,1,1,person,INTRUSION,CROSSED_RESTRICTED_ZONE,0.8875,163,237,C:\Users\sharm\CCTV-YOLO\IBVAP\backend\logs\snapshots\intrusion_0085.jpg
2026-09-11,02:57:15,1,1,person,INTRUSION,CROSSED_RESTRICTED_ZONE,0.8848,163,236,C:\Users\sharm\CCTV-YOLO\IBVAP\backend\logs\snapshots\intrusion_0086.jpg
2026-09-11,02:57:16,1,1,person,INTRUSION,CROSSED_RESTRICTED_ZONE,0.8862,163,236,C:\Users\sharm\CCTV-YOLO\IBVAP\backend\logs\snapshots\intrusion_0087.jpg
2026-09-11,02:57:16,1,1,person,INTRUSION,CROSSED_RESTRICTED_ZONE,0.8847,163,236,C:\Users\sharm\CCTV-YOLO\IBVAP\backend\logs\snapshots\intrusion_0088.jpg
2026-09-11,02:57:17,1,1,person,INTRUSION,CROSSED_RESTRICTED_ZONE,0.8824,163,236,C:\Users\sharm\CCTV-YOLO\IBVAP\backend\logs\snapshots\intrusion_0089.jpg
2026-09-11,02:57:17,1,1,person,INTRUSION,CROSSED_RESTRICTED_ZONE,0.8760,163,236,C:\Users\sharm\CCTV-YOLO\IBVAP\backend\logs\snapshots\intrusion_0090.jpg
2026-09-11,02:57:18,1,1,person,INTRUSION,CROSSED_RESTRICTED_ZONE,0.8561,163,235,C:\Users\sharm\CCTV-YOLO\IBVAP\backend\logs\snapshots\intrusion_0091.jpg
2026-09-11,02:57:19,1,1,person,INTRUSION,CROSSED_RESTRICTED_ZONE,0.8592,163,235,C:\Users\sharm\CCTV-YOLO\IBVAP\backend\logs\snapshots\intrusion_0092.jpg
2026-09-11,02:57:19,1,1,person,INTRUSION,CROSSED_RESTRICTED_ZONE,0.8577,163,235,C:\Users\sharm\CCTV-YOLO\IBVAP\backend\logs\snapshots\intrusion_0093.jpg
2026-09-11,02:57:20,1,1,person,INTRUSION,CROSSED_RESTRICTED_ZONE,0.8227,163,235,C:\Users\sharm\CCTV-YOLO\IBVAP\backend\logs\snapshots\intrusion_0094.jpg
2026-09-11,02:57:20,1,1,person,INTRUSION,CROSSED_RESTRICTED_ZONE,0.8700,163,235,C:\Users\sharm\CCTV-YOLO\IBVAP\backend\logs\snapshots\intrusion_0095.jpg
2026-09-11,02:57:21,1,1,person,INTRUSION,CROSSED_RESTRICTED_ZONE,0.8695,163,235,C:\Users\sharm\CCTV-YOLO\IBVAP\backend\logs\snapshots\intrusion_0096.jpg
2026-09-11,02:57:22,1,1,person,INTRUSION,CROSSED_RESTRICTED_ZONE,0.8836,163,235,C:\Users\sharm\CCTV-YOLO\IBVAP\backend\logs\snapshots\intrusion_0097.jpg
2026-09-11,02:57:22,1,1,person,INTRUSION,CROSSED_RESTRICTED_ZONE,0.8843,164,235,C:\Users\sharm\CCTV-YOLO\IBVAP\backend\logs\snapshots\intrusion_0098.jpg
2026-09-11,02:57:23,1,1,person,INTRUSION,CROSSED_RESTRICTED_ZONE,0.8868,164,234,C:\Users\sharm\CCTV-YOLO\IBVAP\backend\logs\snapshots\intrusion_0099.jpg
2026-09-11,02:57:23,1,1,person,INTRUSION,CROSSED_RESTRICTED_ZONE,0.8931,164,234,C:\Users\sharm\CCTV-YOLO\IBVAP\backend\logs\snapshots\intrusion_0100.jpg
2026-09-11,02:57:24,1,1,person,SUSPICIOUS_ACTIVITY,ERRATIC MOVEMENT | RAPID MOVEMENT,1.0000,378,277,C:\Users\sharm\CCTV-YOLO\IBVAP\backend\logs\snapshots\suspicious_0007.jpg
2026-09-11,02:57:24,1,1,person,INTRUSION,CROSSED_RESTRICTED_ZONE,0.8877,164,234,C:\Users\sharm\CCTV-YOLO\IBVAP\backend\logs\snapshots\intrusion_0101.jpg
2026-09-11,02:57:25,1,1,person,INTRUSION,CROSSED_RESTRICTED_ZONE,0.8879,164,233,C:\Users\sharm\CCTV-YOLO\IBVAP\backend\logs\snapshots\intrusion_0102.jpg
2026-09-11,02:57:25,1,1,person,INTRUSION,CROSSED_RESTRICTED_ZONE,0.6026,165,233,C:\Users\sharm\CCTV-YOLO\IBVAP\backend\logs\snapshots\intrusion_0103.jpg
2026-09-11,02:57:26,1,1,person,INTRUSION,CROSSED_RESTRICTED_ZONE,0.8821,165,233,C:\Users\sharm\CCTV-YOLO\IBVAP\backend\logs\snapshots\intrusion_0104.jpg
2026-09-11,02:57:26,1,1,person,INTRUSION,CROSSED_RESTRICTED_ZONE,0.8824,165,233,C:\Users\sharm\CCTV-YOLO\IBVAP\backend\logs\snapshots\intrusion_0105.jpg
2026-09-11,02:57:27,3,3,bus,INTRUSION,CROSSED_RESTRICTED_ZONE,0.9488,307,219,C:\Users\sharm\CCTV-YOLO\IBVAP\backend\logs\snapshots\intrusion_0106.jpg
2026-09-11,02:57:28,1,1,person,INTRUSION,CROSSED_RESTRICTED_ZONE,0.8818,165,233,C:\Users\sharm\CCTV-YOLO\IBVAP\backend\logs\snapshots\intrusion_0107.jpg
2026-09-11,02:57:28,3,3,bus,INTRUSION,CROSSED_RESTRICTED_ZONE,0.9494,307,218,C:\Users\sharm\CCTV-YOLO\IBVAP\backend\logs\snapshots\intrusion_0108.jpg
2026-09-11,02:57:29,1,1,person,INTRUSION,CROSSED_RESTRICTED_ZONE,0.8840,165,233,C:\Users\sharm\CCTV-YOLO\IBVAP\backend\logs\snapshots\intrusion_0109.jpg
2026-09-11,02:57:29,3,3,bus,INTRUSION,CROSSED_RESTRICTED_ZONE,0.9479,307,218,C:\Users\sharm\CCTV-YOLO\IBVAP\backend\logs\snapshots\intrusion_0110.jpg
2026-09-11,02:57:30,1,1,person,INTRUSION,CROSSED_RESTRICTED_ZONE,0.8873,165,233,C:\Users\sharm\CCTV-YOLO\IBVAP\backend\logs\snapshots\intrusion_0111.jpg
2026-09-11,02:57:30,3,3,bus,INTRUSION,CROSSED_RESTRICTED_ZONE,0.9468,307,219,C:\Users\sharm\CCTV-YOLO\IBVAP\backend\logs\snapshots\intrusion_0112.jpg
2026-09-11,02:57:31,1,1,person,INTRUSION,CROSSED_RESTRICTED_ZONE,0.8930,165,233,C:\Users\sharm\CCTV-YOLO\IBVAP\backend\logs\snapshots\intrusion_0113.jpg
2026-09-11,02:57:32,3,3,bus,INTRUSION,CROSSED_RESTRICTED_ZONE,0.9482,307,219,C:\Users\sharm\CCTV-YOLO\IBVAP\backend\logs\snapshots\intrusion_0114.jpg
2026-09-11,02:57:32,1,1,person,INTRUSION,CROSSED_RESTRICTED_ZONE,0.8931,165,233,C:\Users\sharm\CCTV-YOLO\IBVAP\backend\logs\snapshots\intrusion_0115.jpg
2026-09-11,02:57:33,3,3,bus,INTRUSION,CROSSED_RESTRICTED_ZONE,0.9488,307,219,C:\Users\sharm\CCTV-YOLO\IBVAP\backend\logs\snapshots\intrusion_0116.jpg
2026-09-11,02:57:33,1,1,person,INTRUSION,CROSSED_RESTRICTED_ZONE,0.8911,165,233,C:\Users\sharm\CCTV-YOLO\IBVAP\backend\logs\snapshots\intrusion_0117.jpg
2026-09-11,02:57:34,3,3,bus,INTRUSION,CROSSED_RESTRICTED_ZONE,0.9474,307,220,C:\Users\sharm\CCTV-YOLO\IBVAP\backend\logs\snapshots\intrusion_0118.jpg
2026-09-11,02:57:34,1,1,person,SUSPICIOUS_ACTIVITY,ERRATIC MOVEMENT | RAPID MOVEMENT,1.0000,380,277,C:\Users\sharm\CCTV-YOLO\IBVAP\backend\logs\snapshots\suspicious_0008.jpg
2026-09-11,02:57:34,1,1,person,INTRUSION,CROSSED_RESTRICTED_ZONE,0.8977,166,233,C:\Users\sharm\CCTV-YOLO\IBVAP\backend\logs\snapshots\intrusion_0119.jpg
2026-09-11,02:57:35,3,3,bus,INTRUSION,CROSSED_RESTRICTED_ZONE,0.9476,307,220,C:\Users\sharm\CCTV-YOLO\IBVAP\backend\logs\snapshots\intrusion_0120.jpg
2026-09-11,02:57:36,1,1,person,INTRUSION,CROSSED_RESTRICTED_ZONE,0.8907,166,233,C:\Users\sharm\CCTV-YOLO\IBVAP\backend\logs\snapshots\intrusion_0121.jpg
2026-09-11,02:57:36,3,3,bus,INTRUSION,CROSSED_RESTRICTED_ZONE,0.9472,307,220,C:\Users\sharm\CCTV-YOLO\IBVAP\backend\logs\snapshots\intrusion_0122.jpg
2026-09-11,02:57:37,1,1,person,INTRUSION,CROSSED_RESTRICTED_ZONE,0.8782,165,233,C:\Users\sharm\CCTV-YOLO\IBVAP\backend\logs\snapshots\intrusion_0123.jpg
2026-09-11,02:57:37,3,3,bus,INTRUSION,CROSSED_RESTRICTED_ZONE,0.9496,307,220,C:\Users\sharm\CCTV-YOLO\IBVAP\backend\logs\snapshots\intrusion_0124.jpg
2026-09-11,02:57:38,1,1,person,INTRUSION,CROSSED_RESTRICTED_ZONE,0.7516,165,232,C:\Users\sharm\CCTV-YOLO\IBVAP\backend\logs\snapshots\intrusion_0125.jpg
2026-09-11,02:57:38,3,3,bus,INTRUSION,CROSSED_RESTRICTED_ZONE,0.9460,307,220,C:\Users\sharm\CCTV-YOLO\IBVAP\backend\logs\snapshots\intrusion_0126.jpg
2026-09-11,02:57:39,1,1,person,INTRUSION,CROSSED_RESTRICTED_ZONE,0.7970,165,232,C:\Users\sharm\CCTV-YOLO\IBVAP\backend\logs\snapshots\intrusion_0127.jpg
2026-09-11,02:57:40,3,3,bus,INTRUSION,CROSSED_RESTRICTED_ZONE,0.9451,307,220,C:\Users\sharm\CCTV-YOLO\IBVAP\backend\logs\snapshots\intrusion_0128.jpg
2026-09-11,02:57:40,1,1,person,INTRUSION,CROSSED_RESTRICTED_ZONE,0.8449,165,233,C:\Users\sharm\CCTV-YOLO\IBVAP\backend\logs\snapshots\intrusion_0129.jpg
2026-09-11,02:57:41,3,3,bus,INTRUSION,CROSSED_RESTRICTED_ZONE,0.9441,307,221,C:\Users\sharm\CCTV-YOLO\IBVAP\backend\logs\snapshots\intrusion_0130.jpg
2026-09-11,02:57:41,1,1,person,INTRUSION,CROSSED_RESTRICTED_ZONE,0.8419,165,232,C:\Users\sharm\CCTV-YOLO\IBVAP\backend\logs\snapshots\intrusion_0131.jpg
2026-09-11,02:57:42,3,3,bus,INTRUSION,CROSSED_RESTRICTED_ZONE,0.9394,307,221,C:\Users\sharm\CCTV-YOLO\IBVAP\backend\logs\snapshots\intrusion_0132.jpg
2026-09-11,02:57:42,1,1,person,INTRUSION,CROSSED_RESTRICTED_ZONE,0.8488,165,232,C:\Users\sharm\CCTV-YOLO\IBVAP\backend\logs\snapshots\intrusion_0133.jpg
2026-09-11,02:57:43,3,3,bus,INTRUSION,CROSSED_RESTRICTED_ZONE,0.9386,308,221,C:\Users\sharm\CCTV-YOLO\IBVAP\backend\logs\snapshots\intrusion_0134.jpg
2026-09-11,02:57:44,1,1,person,INTRUSION,CROSSED_RESTRICTED_ZONE,0.8502,165,232,C:\Users\sharm\CCTV-YOLO\IBVAP\backend\logs\snapshots\intrusion_0135.jpg
2026-09-11,02:57:44,3,3,bus,INTRUSION,CROSSED_RESTRICTED_ZONE,0.9350,308,221,C:\Users\sharm\CCTV-YOLO\IBVAP\backend\logs\snapshots\intrusion_0136.jpg
2026-09-11,02:57:45,1,1,person,SUSPICIOUS_ACTIVITY,ERRATIC MOVEMENT | RAPID MOVEMENT,1.0000,345,283,C:\Users\sharm\CCTV-YOLO\IBVAP\backend\logs\snapshots\suspicious_0009.jpg
2026-09-11,02:57:45,1,1,person,INTRUSION,CROSSED_RESTRICTED_ZONE,0.8435,165,232,C:\Users\sharm\CCTV-YOLO\IBVAP\backend\logs\snapshots\intrusion_0137.jpg
2026-09-11,02:57:45,3,3,bus,INTRUSION,CROSSED_RESTRICTED_ZONE,0.9291,308,221,C:\Users\sharm\CCTV-YOLO\IBVAP\backend\logs\snapshots\intrusion_0138.jpg
2026-09-11,02:57:46,1,1,person,INTRUSION,CROSSED_RESTRICTED_ZONE,0.8383,166,232,C:\Users\sharm\CCTV-YOLO\IBVAP\backend\logs\snapshots\intrusion_0139.jpg
2026-09-11,02:57:46,1,1,person,INTRUSION,CROSSED_RESTRICTED_ZONE,0.8683,166,232,C:\Users\sharm\CCTV-YOLO\IBVAP\backend\logs\snapshots\intrusion_0140.jpg
2026-09-11,02:57:47,1,1,person,INTRUSION,CROSSED_RESTRICTED_ZONE,0.8799,166,232,C:\Users\sharm\CCTV-YOLO\IBVAP\backend\logs\snapshots\intrusion_0141.jpg
2026-09-11,02:57:48,1,1,person,INTRUSION,CROSSED_RESTRICTED_ZONE,0.8767,166,232,C:\Users\sharm\CCTV-YOLO\IBVAP\backend\logs\snapshots\intrusion_0142.jpg
2026-09-11,02:57:48,1,1,person,INTRUSION,CROSSED_RESTRICTED_ZONE,0.8726,166,232,C:\Users\sharm\CCTV-YOLO\IBVAP\backend\logs\snapshots\intrusion_0143.jpg
2026-09-11,02:57:49,1,1,person,INTRUSION,CROSSED_RESTRICTED_ZONE,0.6456,166,232,C:\Users\sharm\CCTV-YOLO\IBVAP\backend\logs\snapshots\intrusion_0144.jpg
2026-09-11,02:57:49,1,1,person,INTRUSION,CROSSED_RESTRICTED_ZONE,0.5370,166,232,C:\Users\sharm\CCTV-YOLO\IBVAP\backend\logs\snapshots\intrusion_0145.jpg
2026-09-11,02:57:50,1,1,person,INTRUSION,CROSSED_RESTRICTED_ZONE,0.2197,166,232,C:\Users\sharm\CCTV-YOLO\IBVAP\backend\logs\snapshots\intrusion_0146.jpg
2026-09-11,02:57:51,1,1,person,INTRUSION,CROSSED_RESTRICTED_ZONE,0.8490,166,232,C:\Users\sharm\CCTV-YOLO\IBVAP\backend\logs\snapshots\intrusion_0147.jpg
2026-09-11,02:57:51,1,1,person,INTRUSION,CROSSED_RESTRICTED_ZONE,0.8750,166,231,C:\Users\sharm\CCTV-YOLO\IBVAP\backend\logs\snapshots\intrusion_0148.jpg
2026-09-11,02:57:52,1,1,person,INTRUSION,CROSSED_RESTRICTED_ZONE,0.7845,167,232,C:\Users\sharm\CCTV-YOLO\IBVAP\backend\logs\snapshots\intrusion_0149.jpg
2026-09-11,02:57:52,1,1,person,INTRUSION,CROSSED_RESTRICTED_ZONE,0.7928,167,232,C:\Users\sharm\CCTV-YOLO\IBVAP\backend\logs\snapshots\intrusion_0150.jpg
2026-09-11,02:57:53,1,1,person,INTRUSION,CROSSED_RESTRICTED_ZONE,0.5646,167,232,C:\Users\sharm\CCTV-YOLO\IBVAP\backend\logs\snapshots\intrusion_0151.jpg
2026-09-11,02:57:54,3,3,bus,INTRUSION,CROSSED_RESTRICTED_ZONE,0.9578,308,219,C:\Users\sharm\CCTV-YOLO\IBVAP\backend\logs\snapshots\intrusion_0152.jpg
2026-09-11,02:57:54,1,1,person,INTRUSION,CROSSED_RESTRICTED_ZONE,0.4647,167,232,C:\Users\sharm\CCTV-YOLO\IBVAP\backend\logs\snapshots\intrusion_0153.jpg
2026-09-11,02:57:55,3,3,bus,INTRUSION,CROSSED_RESTRICTED_ZONE,0.9576,308,220,C:\Users\sharm\CCTV-YOLO\IBVAP\backend\logs\snapshots\intrusion_0154.jpg
2026-09-11,02:57:55,1,1,person,SUSPICIOUS_ACTIVITY,ERRATIC MOVEMENT | RAPID MOVEMENT,1.0000,263,325,C:\Users\sharm\CCTV-YOLO\IBVAP\backend\logs\snapshots\suspicious_0010.jpg
2026-09-11,02:57:55,1,1,person,INTRUSION,CROSSED_RESTRICTED_ZONE,0.7922,166,232,C:\Users\sharm\CCTV-YOLO\IBVAP\backend\logs\snapshots\intrusion_0155.jpg
2026-09-11,02:57:56,3,3,bus,INTRUSION,CROSSED_RESTRICTED_ZONE,0.9590,308,221,C:\Users\sharm\CCTV-YOLO\IBVAP\backend\logs\snapshots\intrusion_0156.jpg
2026-09-11,02:57:57,1,1,person,INTRUSION,CROSSED_RESTRICTED_ZONE,0.7487,166,232,C:\Users\sharm\CCTV-YOLO\IBVAP\backend\logs\snapshots\intrusion_0157.jpg
2026-09-11,02:57:57,3,3,bus,INTRUSION,CROSSED_RESTRICTED_ZONE,0.9585,307,221,C:\Users\sharm\CCTV-YOLO\IBVAP\backend\logs\snapshots\intrusion_0158.jpg
2026-09-11,02:57:58,1,1,person,INTRUSION,CROSSED_RESTRICTED_ZONE,0.8756,166,232,C:\Users\sharm\CCTV-YOLO\IBVAP\backend\logs\snapshots\intrusion_0159.jpg
2026-09-11,02:57:58,3,3,bus,INTRUSION,CROSSED_RESTRICTED_ZONE,0.9568,307,221,C:\Users\sharm\CCTV-YOLO\IBVAP\backend\logs\snapshots\intrusion_0160.jpg
2026-09-11,02:57:59,1,1,person,INTRUSION,CROSSED_RESTRICTED_ZONE,0.8709,166,232,C:\Users\sharm\CCTV-YOLO\IBVAP\backend\logs\snapshots\intrusion_0161.jpg
2026-09-11,02:57:59,3,3,bus,INTRUSION,CROSSED_RESTRICTED_ZONE,0.9556,307,222,C:\Users\sharm\CCTV-YOLO\IBVAP\backend\logs\snapshots\intrusion_0162.jpg
2026-09-11,02:58:00,1,1,person,INTRUSION,CROSSED_RESTRICTED_ZONE,0.8669,185,226,C:\Users\sharm\CCTV-YOLO\IBVAP\backend\logs\snapshots\intrusion_0163.jpg
2026-09-11,02:58:01,3,3,bus,INTRUSION,CROSSED_RESTRICTED_ZONE,0.9552,307,222,C:\Users\sharm\CCTV-YOLO\IBVAP\backend\logs\snapshots\intrusion_0164.jpg
2026-09-11,02:58:01,1,1,person,INTRUSION,CROSSED_RESTRICTED_ZONE,0.9024,185,226,C:\Users\sharm\CCTV-YOLO\IBVAP\backend\logs\snapshots\intrusion_0165.jpg
2026-09-11,02:58:02,3,3,bus,INTRUSION,CROSSED_RESTRICTED_ZONE,0.9564,307,222,C:\Users\sharm\CCTV-YOLO\IBVAP\backend\logs\snapshots\intrusion_0166.jpg
2026-09-11,02:58:02,1,1,person,INTRUSION,CROSSED_RESTRICTED_ZONE,0.9216,185,226,C:\Users\sharm\CCTV-YOLO\IBVAP\backend\logs\snapshots\intrusion_0167.jpg
2026-09-11,02:58:03,3,3,bus,INTRUSION,CROSSED_RESTRICTED_ZONE,0.9550,307,222,C:\Users\sharm\CCTV-YOLO\IBVAP\backend\logs\snapshots\intrusion_0168.jpg
2026-09-11,02:58:03,1,1,person,INTRUSION,CROSSED_RESTRICTED_ZONE,0.9122,185,226,C:\Users\sharm\CCTV-YOLO\IBVAP\backend\logs\snapshots\intrusion_0169.jpg
2026-09-11,02:58:04,3,3,bus,INTRUSION,CROSSED_RESTRICTED_ZONE,0.9545,308,222,C:\Users\sharm\CCTV-YOLO\IBVAP\backend\logs\snapshots\intrusion_0170.jpg
2026-09-11,02:58:05,1,1,person,INTRUSION,CROSSED_RESTRICTED_ZONE,0.8989,185,227,C:\Users\sharm\CCTV-YOLO\IBVAP\backend\logs\snapshots\intrusion_0171.jpg
2026-09-11,02:58:05,3,3,bus,INTRUSION,CROSSED_RESTRICTED_ZONE,0.9535,308,221,C:\Users\sharm\CCTV-YOLO\IBVAP\backend\logs\snapshots\intrusion_0172.jpg
2026-09-11,02:58:06,1,1,person,SUSPICIOUS_ACTIVITY,ERRATIC MOVEMENT | RAPID MOVEMENT,1.0000,231,339,C:\Users\sharm\CCTV-YOLO\IBVAP\backend\logs\snapshots\suspicious_0011.jpg
2026-09-11,02:58:06,1,1,person,INTRUSION,CROSSED_RESTRICTED_ZONE,0.8840,185,227,C:\Users\sharm\CCTV-YOLO\IBVAP\backend\logs\snapshots\intrusion_0173.jpg
2026-09-11,02:58:06,3,3,bus,INTRUSION,CROSSED_RESTRICTED_ZONE,0.9540,308,221,C:\Users\sharm\CCTV-YOLO\IBVAP\backend\logs\snapshots\intrusion_0174.jpg
2026-09-11,02:58:07,1,1,person,INTRUSION,CROSSED_RESTRICTED_ZONE,0.8978,186,227,C:\Users\sharm\CCTV-YOLO\IBVAP\backend\logs\snapshots\intrusion_0175.jpg
2026-09-11,02:58:07,3,3,bus,INTRUSION,CROSSED_RESTRICTED_ZONE,0.9584,308,222,C:\Users\sharm\CCTV-YOLO\IBVAP\backend\logs\snapshots\intrusion_0176.jpg
2026-09-11,02:58:08,1,1,person,INTRUSION,CROSSED_RESTRICTED_ZONE,0.8898,186,228,C:\Users\sharm\CCTV-YOLO\IBVAP\backend\logs\snapshots\intrusion_0177.jpg
2026-09-11,02:58:09,3,3,bus,INTRUSION,CROSSED_RESTRICTED_ZONE,0.9588,308,222,C:\Users\sharm\CCTV-YOLO\IBVAP\backend\logs\snapshots\intrusion_0178.jpg
2026-09-11,02:58:09,1,1,person,INTRUSION,CROSSED_RESTRICTED_ZONE,0.8974,186,228,C:\Users\sharm\CCTV-YOLO\IBVAP\backend\logs\snapshots\intrusion_0179.jpg
2026-09-11,02:58:10,3,3,bus,INTRUSION,CROSSED_RESTRICTED_ZONE,0.9581,307,222,C:\Users\sharm\CCTV-YOLO\IBVAP\backend\logs\snapshots\intrusion_0180.jpg
2026-09-11,02:58:10,1,1,person,INTRUSION,CROSSED_RESTRICTED_ZONE,0.9045,186,228,C:\Users\sharm\CCTV-YOLO\IBVAP\backend\logs\snapshots\intrusion_0181.jpg
2026-09-11,02:58:11,3,3,bus,INTRUSION,CROSSED_RESTRICTED_ZONE,0.9606,307,222,C:\Users\sharm\CCTV-YOLO\IBVAP\backend\logs\snapshots\intrusion_0182.jpg
2026-09-11,02:58:11,1,1,person,INTRUSION,CROSSED_RESTRICTED_ZONE,0.9167,186,228,C:\Users\sharm\CCTV-YOLO\IBVAP\backend\logs\snapshots\intrusion_0183.jpg
2026-09-11,02:58:12,3,3,bus,INTRUSION,CROSSED_RESTRICTED_ZONE,0.8205,308,222,C:\Users\sharm\CCTV-YOLO\IBVAP\backend\logs\snapshots\intrusion_0184.jpg
2026-09-11,02:58:12,1,1,person,INTRUSION,CROSSED_RESTRICTED_ZONE,0.9110,186,227,C:\Users\sharm\CCTV-YOLO\IBVAP\backend\logs\snapshots\intrusion_0185.jpg
2026-09-11,02:58:13,3,3,bus,INTRUSION,CROSSED_RESTRICTED_ZONE,0.9605,308,222,C:\Users\sharm\CCTV-YOLO\IBVAP\backend\logs\snapshots\intrusion_0186.jpg
2026-09-11,02:58:14,1,1,person,INTRUSION,CROSSED_RESTRICTED_ZONE,0.9296,184,230,C:\Users\sharm\CCTV-YOLO\IBVAP\backend\logs\snapshots\intrusion_0187.jpg
2026-09-11,02:58:14,3,3,bus,INTRUSION,CROSSED_RESTRICTED_ZONE,0.9583,308,222,C:\Users\sharm\CCTV-YOLO\IBVAP\backend\logs\snapshots\intrusion_0188.jpg
2026-09-11,02:58:15,1,1,person,INTRUSION,CROSSED_RESTRICTED_ZONE,0.9185,163,233,C:\Users\sharm\CCTV-YOLO\IBVAP\backend\logs\snapshots\intrusion_0189.jpg
2026-09-11,02:58:15,3,3,bus,INTRUSION,CROSSED_RESTRICTED_ZONE,0.9567,308,221,C:\Users\sharm\CCTV-YOLO\IBVAP\backend\logs\snapshots\intrusion_0190.jpg
2026-09-11,02:58:16,1,1,person,SUSPICIOUS_ACTIVITY,ERRATIC MOVEMENT | RAPID MOVEMENT,1.0000,185,338,C:\Users\sharm\CCTV-YOLO\IBVAP\backend\logs\snapshots\suspicious_0012.jpg
2026-09-11,02:58:16,1,1,person,INTRUSION,CROSSED_RESTRICTED_ZONE,0.9252,163,232,C:\Users\sharm\CCTV-YOLO\IBVAP\backend\logs\snapshots\intrusion_0191.jpg
2026-09-11,02:58:16,3,3,bus,INTRUSION,CROSSED_RESTRICTED_ZONE,0.9582,308,220,C:\Users\sharm\CCTV-YOLO\IBVAP\backend\logs\snapshots\intrusion_0192.jpg
2026-09-11,02:58:17,1,1,person,INTRUSION,CROSSED_RESTRICTED_ZONE,0.9257,163,232,C:\Users\sharm\CCTV-YOLO\IBVAP\backend\logs\snapshots\intrusion_0193.jpg
2026-09-11,02:58:18,3,3,bus,INTRUSION,CROSSED_RESTRICTED_ZONE,0.9589,308,221,C:\Users\sharm\CCTV-YOLO\IBVAP\backend\logs\snapshots\intrusion_0194.jpg
2026-09-11,02:58:18,1,1,person,INTRUSION,CROSSED_RESTRICTED_ZONE,0.9229,162,232,C:\Users\sharm\CCTV-YOLO\IBVAP\backend\logs\snapshots\intrusion_0195.jpg
2026-09-11,02:58:19,3,3,bus,INTRUSION,CROSSED_RESTRICTED_ZONE,0.9584,308,221,C:\Users\sharm\CCTV-YOLO\IBVAP\backend\logs\snapshots\intrusion_0196.jpg
2026-09-11,02:58:19,3,3,bus,INTRUSION,CROSSED_RESTRICTED_ZONE,0.8878,309,220,C:\Users\sharm\CCTV-YOLO\IBVAP\backend\logs\snapshots\intrusion_0197.jpg
2026-09-11,02:58:20,1,1,person,INTRUSION,CROSSED_RESTRICTED_ZONE,0.8321,202,236,C:\Users\sharm\CCTV-YOLO\IBVAP\backend\logs\snapshots\intrusion_0198.jpg
2026-09-11,02:58:20,3,3,bus,INTRUSION,CROSSED_RESTRICTED_ZONE,0.7562,309,220,C:\Users\sharm\CCTV-YOLO\IBVAP\backend\logs\snapshots\intrusion_0199.jpg
2026-09-11,02:58:21,1,1,person,INTRUSION,CROSSED_RESTRICTED_ZONE,0.8675,202,237,C:\Users\sharm\CCTV-YOLO\IBVAP\backend\logs\snapshots\intrusion_0200.jpg
2026-09-11,02:58:22,3,3,bus,INTRUSION,CROSSED_RESTRICTED_ZONE,0.9595,309,220,C:\Users\sharm\CCTV-YOLO\IBVAP\backend\logs\snapshots\intrusion_0201.jpg
2026-09-11,02:58:22,1,1,person,INTRUSION,CROSSED_RESTRICTED_ZONE,0.9061,202,236,C:\Users\sharm\CCTV-YOLO\IBVAP\backend\logs\snapshots\intrusion_0202.jpg
2026-09-11,02:58:23,3,3,bus,INTRUSION,CROSSED_RESTRICTED_ZONE,0.9577,309,221,C:\Users\sharm\CCTV-YOLO\IBVAP\backend\logs\snapshots\intrusion_0203.jpg
2026-09-11,02:58:23,1,1,person,INTRUSION,CROSSED_RESTRICTED_ZONE,0.9098,202,236,C:\Users\sharm\CCTV-YOLO\IBVAP\backend\logs\snapshots\intrusion_0204.jpg
2026-09-11,02:58:24,3,3,bus,INTRUSION,CROSSED_RESTRICTED_ZONE,0.9599,308,221,C:\Users\sharm\CCTV-YOLO\IBVAP\backend\logs\snapshots\intrusion_0205.jpg
2026-09-11,02:58:24,1,1,person,INTRUSION,CROSSED_RESTRICTED_ZONE,0.8974,202,236,C:\Users\sharm\CCTV-YOLO\IBVAP\backend\logs\snapshots\intrusion_0206.jpg
2026-09-11,02:58:25,3,3,bus,INTRUSION,CROSSED_RESTRICTED_ZONE,0.9603,308,222,C:\Users\sharm\CCTV-YOLO\IBVAP\backend\logs\snapshots\intrusion_0207.jpg
2026-09-11,02:58:26,1,1,person,INTRUSION,CROSSED_RESTRICTED_ZONE,0.9076,203,236,C:\Users\sharm\CCTV-YOLO\IBVAP\backend\logs\snapshots\intrusion_0208.jpg
2026-09-11,02:58:26,3,3,bus,INTRUSION,CROSSED_RESTRICTED_ZONE,0.9615,308,221,C:\Users\sharm\CCTV-YOLO\IBVAP\backend\logs\snapshots\intrusion_0209.jpg
2026-09-11,02:58:27,1,1,person,SUSPICIOUS_ACTIVITY,ERRATIC MOVEMENT | RAPID MOVEMENT,1.0000,138,337,C:\Users\sharm\CCTV-YOLO\IBVAP\backend\logs\snapshots\suspicious_0013.jpg
2026-09-11,02:58:27,1,1,person,INTRUSION,CROSSED_RESTRICTED_ZONE,0.9042,203,236,C:\Users\sharm\CCTV-YOLO\IBVAP\backend\logs\snapshots\intrusion_0210.jpg
2026-09-11,02:58:27,3,3,bus,INTRUSION,CROSSED_RESTRICTED_ZONE,0.9608,308,222,C:\Users\sharm\CCTV-YOLO\IBVAP\backend\logs\snapshots\intrusion_0211.jpg
2026-09-11,02:58:28,1,1,person,INTRUSION,CROSSED_RESTRICTED_ZONE,0.8922,165,230,C:\Users\sharm\CCTV-YOLO\IBVAP\backend\logs\snapshots\intrusion_0212.jpg
2026-09-11,02:58:28,3,3,bus,INTRUSION,CROSSED_RESTRICTED_ZONE,0.9632,308,222,C:\Users\sharm\CCTV-YOLO\IBVAP\backend\logs\snapshots\intrusion_0213.jpg
2026-09-11,02:58:29,1,1,person,INTRUSION,CROSSED_RESTRICTED_ZONE,0.8976,165,229,C:\Users\sharm\CCTV-YOLO\IBVAP\backend\logs\snapshots\intrusion_0214.jpg
2026-09-11,02:58:30,3,3,bus,INTRUSION,CROSSED_RESTRICTED_ZONE,0.9628,309,222,C:\Users\sharm\CCTV-YOLO\IBVAP\backend\logs\snapshots\intrusion_0215.jpg
2026-09-11,02:58:30,1,1,person,INTRUSION,CROSSED_RESTRICTED_ZONE,0.8964,165,229,C:\Users\sharm\CCTV-YOLO\IBVAP\backend\logs\snapshots\intrusion_0216.jpg
2026-09-11,02:58:31,3,3,bus,INTRUSION,CROSSED_RESTRICTED_ZONE,0.9634,309,222,C:\Users\sharm\CCTV-YOLO\IBVAP\backend\logs\snapshots\intrusion_0217.jpg
2026-09-11,02:58:31,1,1,person,INTRUSION,CROSSED_RESTRICTED_ZONE,0.8813,165,230,C:\Users\sharm\CCTV-YOLO\IBVAP\backend\logs\snapshots\intrusion_0218.jpg
2026-09-11,02:58:32,3,3,bus,INTRUSION,CROSSED_RESTRICTED_ZONE,0.9629,309,221,C:\Users\sharm\CCTV-YOLO\IBVAP\backend\logs\snapshots\intrusion_0219.jpg
2026-09-11,02:58:32,1,1,person,INTRUSION,CROSSED_RESTRICTED_ZONE,0.9029,165,231,C:\Users\sharm\CCTV-YOLO\IBVAP\backend\logs\snapshots\intrusion_0220.jpg
2026-09-11,02:58:33,3,3,bus,INTRUSION,CROSSED_RESTRICTED_ZONE,0.9503,309,221,C:\Users\sharm\CCTV-YOLO\IBVAP\backend\logs\snapshots\intrusion_0221.jpg
2026-09-11,02:58:34,1,1,person,INTRUSION,CROSSED_RESTRICTED_ZONE,0.8868,165,231,C:\Users\sharm\CCTV-YOLO\IBVAP\backend\logs\snapshots\intrusion_0222.jpg
2026-09-11,02:58:34,3,3,bus,INTRUSION,CROSSED_RESTRICTED_ZONE,0.9503,309,221,C:\Users\sharm\CCTV-YOLO\IBVAP\backend\logs\snapshots\intrusion_0223.jpg
2026-09-11,02:58:35,1,1,person,INTRUSION,CROSSED_RESTRICTED_ZONE,0.9129,165,231,C:\Users\sharm\CCTV-YOLO\IBVAP\backend\logs\snapshots\intrusion_0224.jpg
2026-09-11,02:58:35,3,3,bus,INTRUSION,CROSSED_RESTRICTED_ZONE,0.9109,309,222,C:\Users\sharm\CCTV-YOLO\IBVAP\backend\logs\snapshots\intrusion_0225.jpg
2026-09-11,02:58:36,1,1,person,INTRUSION,CROSSED_RESTRICTED_ZONE,0.9088,165,231,C:\Users\sharm\CCTV-YOLO\IBVAP\backend\logs\snapshots\intrusion_0226.jpg
2026-09-11,02:58:36,3,3,bus,INTRUSION,CROSSED_RESTRICTED_ZONE,0.5929,309,221,C:\Users\sharm\CCTV-YOLO\IBVAP\backend\logs\snapshots\intrusion_0227.jpg
2026-09-11,02:58:37,1,1,person,SUSPICIOUS_ACTIVITY,ERRATIC MOVEMENT | RAPID MOVEMENT,1.0000,110,332,C:\Users\sharm\CCTV-YOLO\IBVAP\backend\logs\snapshots\suspicious_0014.jpg
2026-09-11,02:58:37,1,1,person,INTRUSION,CROSSED_RESTRICTED_ZONE,0.9079,166,231,C:\Users\sharm\CCTV-YOLO\IBVAP\backend\logs\snapshots\intrusion_0228.jpg
2026-09-11,02:58:37,3,3,bus,INTRUSION,CROSSED_RESTRICTED_ZONE,0.9535,309,222,C:\Users\sharm\CCTV-YOLO\IBVAP\backend\logs\snapshots\intrusion_0229.jpg
2026-09-11,02:58:38,1,1,person,INTRUSION,CROSSED_RESTRICTED_ZONE,0.9062,165,230,C:\Users\sharm\CCTV-YOLO\IBVAP\backend\logs\snapshots\intrusion_0230.jpg
2026-09-11,02:58:39,3,3,bus,INTRUSION,CROSSED_RESTRICTED_ZONE,0.9571,309,222,C:\Users\sharm\CCTV-YOLO\IBVAP\backend\logs\snapshots\intrusion_0231.jpg
2026-09-11,02:58:39,1,1,person,INTRUSION,CROSSED_RESTRICTED_ZONE,0.9046,205,234,C:\Users\sharm\CCTV-YOLO\IBVAP\backend\logs\snapshots\intrusion_0232.jpg
2026-09-11,02:58:40,3,3,bus,INTRUSION,CROSSED_RESTRICTED_ZONE,0.9566,309,222,C:\Users\sharm\CCTV-YOLO\IBVAP\backend\logs\snapshots\intrusion_0233.jpg
2026-09-11,02:58:40,1,1,person,INTRUSION,CROSSED_RESTRICTED_ZONE,0.8915,205,234,C:\Users\sharm\CCTV-YOLO\IBVAP\backend\logs\snapshots\intrusion_0234.jpg
2026-09-11,02:58:41,3,3,bus,INTRUSION,CROSSED_RESTRICTED_ZONE,0.8614,309,221,C:\Users\sharm\CCTV-YOLO\IBVAP\backend\logs\snapshots\intrusion_0235.jpg
2026-09-11,02:58:42,1,1,person,INTRUSION,CROSSED_RESTRICTED_ZONE,0.8887,205,235,C:\Users\sharm\CCTV-YOLO\IBVAP\backend\logs\snapshots\intrusion_0236.jpg
2026-09-11,02:58:42,3,3,bus,INTRUSION,CROSSED_RESTRICTED_ZONE,0.9589,309,221,C:\Users\sharm\CCTV-YOLO\IBVAP\backend\logs\snapshots\intrusion_0237.jpg
2026-09-11,02:58:43,3,3,bus,INTRUSION,CROSSED_RESTRICTED_ZONE,0.8770,310,221,C:\Users\sharm\CCTV-YOLO\IBVAP\backend\logs\snapshots\intrusion_0238.jpg
2026-09-11,02:58:43,1,1,person,INTRUSION,CROSSED_RESTRICTED_ZONE,0.9018,204,235,C:\Users\sharm\CCTV-YOLO\IBVAP\backend\logs\snapshots\intrusion_0239.jpg
2026-09-11,02:58:44,3,3,bus,INTRUSION,CROSSED_RESTRICTED_ZONE,0.8408,310,221,C:\Users\sharm\CCTV-YOLO\IBVAP\backend\logs\snapshots\intrusion_0240.jpg
2026-09-11,02:58:44,1,1,person,INTRUSION,CROSSED_RESTRICTED_ZONE,0.8852,204,235,C:\Users\sharm\CCTV-YOLO\IBVAP\backend\logs\snapshots\intrusion_0241.jpg
2026-09-11,02:58:45,3,3,bus,INTRUSION,CROSSED_RESTRICTED_ZONE,0.9553,310,221,C:\Users\sharm\CCTV-YOLO\IBVAP\backend\logs\snapshots\intrusion_0242.jpg
2026-09-11,02:58:45,1,1,person,INTRUSION,CROSSED_RESTRICTED_ZONE,0.8786,204,235,C:\Users\sharm\CCTV-YOLO\IBVAP\backend\logs\snapshots\intrusion_0243.jpg
2026-09-11,02:58:46,3,3,bus,INTRUSION,CROSSED_RESTRICTED_ZONE,0.9298,310,222,C:\Users\sharm\CCTV-YOLO\IBVAP\backend\logs\snapshots\intrusion_0244.jpg
2026-09-11,02:58:47,1,1,person,INTRUSION,CROSSED_RESTRICTED_ZONE,0.8992,204,236,C:\Users\sharm\CCTV-YOLO\IBVAP\backend\logs\snapshots\intrusion_0245.jpg
2026-09-11,02:58:47,3,3,bus,INTRUSION,CROSSED_RESTRICTED_ZONE,0.9459,310,221,C:\Users\sharm\CCTV-YOLO\IBVAP\backend\logs\snapshots\intrusion_0246.jpg
2026-09-11,02:58:48,1,1,person,SUSPICIOUS_ACTIVITY,ERRATIC MOVEMENT | RAPID MOVEMENT,1.0000,107,331,C:\Users\sharm\CCTV-YOLO\IBVAP\backend\logs\snapshots\suspicious_0015.jpg
2026-09-11,02:58:48,1,1,person,INTRUSION,CROSSED_RESTRICTED_ZONE,0.9042,203,236,C:\Users\sharm\CCTV-YOLO\IBVAP\backend\logs\snapshots\intrusion_0247.jpg
2026-09-11,02:58:48,3,3,bus,INTRUSION,CROSSED_RESTRICTED_ZONE,0.9006,310,221,C:\Users\sharm\CCTV-YOLO\IBVAP\backend\logs\snapshots\intrusion_0248.jpg
2026-09-11,02:58:49,1,1,person,INTRUSION,CROSSED_RESTRICTED_ZONE,0.8945,203,236,C:\Users\sharm\CCTV-YOLO\IBVAP\backend\logs\snapshots\intrusion_0249.jpg
2026-09-11,02:58:50,3,3,bus,INTRUSION,CROSSED_RESTRICTED_ZONE,0.9048,309,221,C:\Users\sharm\CCTV-YOLO\IBVAP\backend\logs\snapshots\intrusion_0250.jpg
2026-09-11,02:58:50,1,1,person,INTRUSION,CROSSED_RESTRICTED_ZONE,0.8836,203,236,C:\Users\sharm\CCTV-YOLO\IBVAP\backend\logs\snapshots\intrusion_0251.jpg
2026-09-11,02:58:51,3,3,bus,INTRUSION,CROSSED_RESTRICTED_ZONE,0.9431,309,221,C:\Users\sharm\CCTV-YOLO\IBVAP\backend\logs\snapshots\intrusion_0252.jpg
2026-09-11,02:58:51,1,1,person,INTRUSION,CROSSED_RESTRICTED_ZONE,0.8978,203,236,C:\Users\sharm\CCTV-YOLO\IBVAP\backend\logs\snapshots\intrusion_0253.jpg
2026-09-11,02:58:52,3,3,bus,INTRUSION,CROSSED_RESTRICTED_ZONE,0.9487,309,221,C:\Users\sharm\CCTV-YOLO\IBVAP\backend\logs\snapshots\intrusion_0254.jpg
2026-09-11,02:58:53,1,1,person,INTRUSION,CROSSED_RESTRICTED_ZONE,0.8920,203,236,C:\Users\sharm\CCTV-YOLO\IBVAP\backend\logs\snapshots\intrusion_0255.jpg
2026-09-11,02:58:53,3,3,bus,INTRUSION,CROSSED_RESTRICTED_ZONE,0.9473,309,221,C:\Users\sharm\CCTV-YOLO\IBVAP\backend\logs\snapshots\intrusion_0256.jpg
2026-09-11,02:58:54,1,1,person,INTRUSION,CROSSED_RESTRICTED_ZONE,0.8581,202,236,C:\Users\sharm\CCTV-YOLO\IBVAP\backend\logs\snapshots\intrusion_0257.jpg
2026-09-11,02:58:54,3,3,bus,INTRUSION,CROSSED_RESTRICTED_ZONE,0.6448,309,221,C:\Users\sharm\CCTV-YOLO\IBVAP\backend\logs\snapshots\intrusion_0258.jpg
2026-09-11,02:58:55,1,1,person,INTRUSION,CROSSED_RESTRICTED_ZONE,0.8692,202,236,C:\Users\sharm\CCTV-YOLO\IBVAP\backend\logs\snapshots\intrusion_0259.jpg
2026-09-11,02:58:56,3,3,bus,INTRUSION,CROSSED_RESTRICTED_ZONE,0.9496,309,221,C:\Users\sharm\CCTV-YOLO\IBVAP\backend\logs\snapshots\intrusion_0260.jpg
2026-09-11,02:58:56,1,1,person,INTRUSION,CROSSED_RESTRICTED_ZONE,0.8936,202,236,C:\Users\sharm\CCTV-YOLO\IBVAP\backend\logs\snapshots\intrusion_0261.jpg
2026-09-11,02:58:57,3,3,bus,INTRUSION,CROSSED_RESTRICTED_ZONE,0.9624,309,221,C:\Users\sharm\CCTV-YOLO\IBVAP\backend\logs\snapshots\intrusion_0262.jpg
2026-09-11,02:58:57,1,1,person,INTRUSION,CROSSED_RESTRICTED_ZONE,0.8896,202,235,C:\Users\sharm\CCTV-YOLO\IBVAP\backend\logs\snapshots\intrusion_0263.jpg
2026-09-11,02:58:58,3,3,bus,INTRUSION,CROSSED_RESTRICTED_ZONE,0.9464,309,221,C:\Users\sharm\CCTV-YOLO\IBVAP\backend\logs\snapshots\intrusion_0264.jpg
2026-09-11,02:58:59,1,1,person,SUSPICIOUS_ACTIVITY,ERRATIC MOVEMENT | RAPID MOVEMENT,1.0000,102,331,C:\Users\sharm\CCTV-YOLO\IBVAP\backend\logs\snapshots\suspicious_0016.jpg
2026-09-11,02:58:59,1,1,person,INTRUSION,CROSSED_RESTRICTED_ZONE,0.8703,202,236,C:\Users\sharm\CCTV-YOLO\IBVAP\backend\logs\snapshots\intrusion_0265.jpg
2026-09-11,02:58:59,3,3,bus,INTRUSION,CROSSED_RESTRICTED_ZONE,0.9439,309,221,C:\Users\sharm\CCTV-YOLO\IBVAP\backend\logs\snapshots\intrusion_0266.jpg
2026-09-11,02:59:00,1,1,person,INTRUSION,CROSSED_RESTRICTED_ZONE,0.8541,201,236,C:\Users\sharm\CCTV-YOLO\IBVAP\backend\logs\snapshots\intrusion_0267.jpg
2026-09-11,02:59:00,3,3,bus,INTRUSION,CROSSED_RESTRICTED_ZONE,0.9453,309,221,C:\Users\sharm\CCTV-YOLO\IBVAP\backend\logs\snapshots\intrusion_0268.jpg
2026-09-11,02:59:01,1,1,person,INTRUSION,CROSSED_RESTRICTED_ZONE,0.8505,202,236,C:\Users\sharm\CCTV-YOLO\IBVAP\backend\logs\snapshots\intrusion_0269.jpg
2026-09-11,02:59:02,3,3,bus,INTRUSION,CROSSED_RESTRICTED_ZONE,0.9458,309,221,C:\Users\sharm\CCTV-YOLO\IBVAP\backend\logs\snapshots\intrusion_0270.jpg
2026-09-11,02:59:02,1,1,person,INTRUSION,CROSSED_RESTRICTED_ZONE,0.8665,202,237,C:\Users\sharm\CCTV-YOLO\IBVAP\backend\logs\snapshots\intrusion_0271.jpg
2026-09-11,02:59:03,3,3,bus,INTRUSION,CROSSED_RESTRICTED_ZONE,0.9471,309,221,C:\Users\sharm\CCTV-YOLO\IBVAP\backend\logs\snapshots\intrusion_0272.jpg
2026-09-11,02:59:03,1,1,person,INTRUSION,CROSSED_RESTRICTED_ZONE,0.8831,202,237,C:\Users\sharm\CCTV-YOLO\IBVAP\backend\logs\snapshots\intrusion_0273.jpg
2026-09-11,02:59:04,3,3,bus,INTRUSION,CROSSED_RESTRICTED_ZONE,0.9477,309,221,C:\Users\sharm\CCTV-YOLO\IBVAP\backend\logs\snapshots\intrusion_0274.jpg
2026-09-11,02:59:04,1,1,person,INTRUSION,CROSSED_RESTRICTED_ZONE,0.8865,201,237,C:\Users\sharm\CCTV-YOLO\IBVAP\backend\logs\snapshots\intrusion_0275.jpg
2026-09-11,02:59:05,3,3,bus,INTRUSION,CROSSED_RESTRICTED_ZONE,0.9483,309,221,C:\Users\sharm\CCTV-YOLO\IBVAP\backend\logs\snapshots\intrusion_0276.jpg
2026-09-11,02:59:06,1,1,person,INTRUSION,CROSSED_RESTRICTED_ZONE,0.9034,201,236,C:\Users\sharm\CCTV-YOLO\IBVAP\backend\logs\snapshots\intrusion_0277.jpg
2026-09-11,02:59:06,3,3,bus,INTRUSION,CROSSED_RESTRICTED_ZONE,0.9499,309,221,C:\Users\sharm\CCTV-YOLO\IBVAP\backend\logs\snapshots\intrusion_0278.jpg
2026-09-11,02:59:07,3,3,bus,INTRUSION,CROSSED_RESTRICTED_ZONE,0.9484,309,221,C:\Users\sharm\CCTV-YOLO\IBVAP\backend\logs\snapshots\intrusion_0279.jpg
2026-09-11,02:59:07,1,1,person,INTRUSION,CROSSED_RESTRICTED_ZONE,0.9047,202,236,C:\Users\sharm\CCTV-YOLO\IBVAP\backend\logs\snapshots\intrusion_0280.jpg
2026-09-11,02:59:08,3,3,bus,INTRUSION,CROSSED_RESTRICTED_ZONE,0.9484,309,221,C:\Users\sharm\CCTV-YOLO\IBVAP\backend\logs\snapshots\intrusion_0281.jpg
2026-09-11,02:59:08,1,1,person,INTRUSION,CROSSED_RESTRICTED_ZONE,0.9163,202,236,C:\Users\sharm\CCTV-YOLO\IBVAP\backend\logs\snapshots\intrusion_0282.jpg
2026-09-11,02:59:09,3,3,bus,INTRUSION,CROSSED_RESTRICTED_ZONE,0.9491,309,221,C:\Users\sharm\CCTV-YOLO\IBVAP\backend\logs\snapshots\intrusion_0283.jpg
2026-09-11,02:59:10,1,1,person,SUSPICIOUS_ACTIVITY,ERRATIC MOVEMENT | RAPID MOVEMENT,1.0000,106,331,C:\Users\sharm\CCTV-YOLO\IBVAP\backend\logs\snapshots\suspicious_0017.jpg
2026-09-11,02:59:10,1,1,person,INTRUSION,CROSSED_RESTRICTED_ZONE,0.9184,201,236,C:\Users\sharm\CCTV-YOLO\IBVAP\backend\logs\snapshots\intrusion_0284.jpg
2026-09-11,02:59:10,3,3,bus,INTRUSION,CROSSED_RESTRICTED_ZONE,0.9500,309,221,C:\Users\sharm\CCTV-YOLO\IBVAP\backend\logs\snapshots\intrusion_0285.jpg
2026-09-11,02:59:11,1,1,person,INTRUSION,CROSSED_RESTRICTED_ZONE,0.9169,201,236,C:\Users\sharm\CCTV-YOLO\IBVAP\backend\logs\snapshots\intrusion_0286.jpg
2026-09-11,02:59:11,3,3,bus,INTRUSION,CROSSED_RESTRICTED_ZONE,0.9489,309,221,C:\Users\sharm\CCTV-YOLO\IBVAP\backend\logs\snapshots\intrusion_0287.jpg
2026-09-11,02:59:12,1,1,person,INTRUSION,CROSSED_RESTRICTED_ZONE,0.9152,202,236,C:\Users\sharm\CCTV-YOLO\IBVAP\backend\logs\snapshots\intrusion_0288.jpg
2026-09-11,02:59:12,3,3,bus,INTRUSION,CROSSED_RESTRICTED_ZONE,0.9482,309,222,C:\Users\sharm\CCTV-YOLO\IBVAP\backend\logs\snapshots\intrusion_0289.jpg
2026-09-11,02:59:13,1,1,person,INTRUSION,CROSSED_RESTRICTED_ZONE,0.9136,202,236,C:\Users\sharm\CCTV-YOLO\IBVAP\backend\logs\snapshots\intrusion_0290.jpg
2026-09-11,02:59:14,3,3,bus,INTRUSION,CROSSED_RESTRICTED_ZONE,0.6724,309,222,C:\Users\sharm\CCTV-YOLO\IBVAP\backend\logs\snapshots\intrusion_0291.jpg
2026-09-11,02:59:14,1,1,person,INTRUSION,CROSSED_RESTRICTED_ZONE,0.9020,202,236,C:\Users\sharm\CCTV-YOLO\IBVAP\backend\logs\snapshots\intrusion_0292.jpg
2026-09-11,02:59:15,3,3,bus,INTRUSION,CROSSED_RESTRICTED_ZONE,0.9592,309,221,C:\Users\sharm\CCTV-YOLO\IBVAP\backend\logs\snapshots\intrusion_0293.jpg
2026-09-11,02:59:15,1,1,person,INTRUSION,CROSSED_RESTRICTED_ZONE,0.9046,202,236,C:\Users\sharm\CCTV-YOLO\IBVAP\backend\logs\snapshots\intrusion_0294.jpg
2026-09-11,02:59:16,3,3,bus,INTRUSION,CROSSED_RESTRICTED_ZONE,0.9597,309,221,C:\Users\sharm\CCTV-YOLO\IBVAP\backend\logs\snapshots\intrusion_0295.jpg
2026-09-11,02:59:17,1,1,person,INTRUSION,CROSSED_RESTRICTED_ZONE,0.8978,202,237,C:\Users\sharm\CCTV-YOLO\IBVAP\backend\logs\snapshots\intrusion_0296.jpg
2026-09-11,02:59:17,3,3,bus,INTRUSION,CROSSED_RESTRICTED_ZONE,0.4619,308,221,C:\Users\sharm\CCTV-YOLO\IBVAP\backend\logs\snapshots\intrusion_0297.jpg
2026-09-11,02:59:18,1,1,person,INTRUSION,CROSSED_RESTRICTED_ZONE,0.9104,202,237,C:\Users\sharm\CCTV-YOLO\IBVAP\backend\logs\snapshots\intrusion_0298.jpg
2026-09-11,02:59:18,3,3,bus,INTRUSION,CROSSED_RESTRICTED_ZONE,0.9531,308,221,C:\Users\sharm\CCTV-YOLO\IBVAP\backend\logs\snapshots\intrusion_0299.jpg
2026-09-11,02:59:19,1,1,person,INTRUSION,CROSSED_RESTRICTED_ZONE,0.9162,202,237,C:\Users\sharm\CCTV-YOLO\IBVAP\backend\logs\snapshots\intrusion_0300.jpg
2026-09-11,02:59:19,3,3,bus,INTRUSION,CROSSED_RESTRICTED_ZONE,0.8744,308,221,C:\Users\sharm\CCTV-YOLO\IBVAP\backend\logs\snapshots\intrusion_0301.jpg
2026-09-11,02:59:20,1,1,person,SUSPICIOUS_ACTIVITY,ERRATIC MOVEMENT | RAPID MOVEMENT,1.0000,141,333,C:\Users\sharm\CCTV-YOLO\IBVAP\backend\logs\snapshots\suspicious_0018.jpg
2026-09-11,02:59:20,3,3,bus,INTRUSION,CROSSED_RESTRICTED_ZONE,0.9380,308,221,C:\Users\sharm\CCTV-YOLO\IBVAP\backend\logs\snapshots\intrusion_0302.jpg
2026-09-11,02:59:20,1,1,person,INTRUSION,CROSSED_RESTRICTED_ZONE,0.9042,201,236,C:\Users\sharm\CCTV-YOLO\IBVAP\backend\logs\snapshots\intrusion_0303.jpg
2026-09-11,02:59:21,3,3,bus,INTRUSION,CROSSED_RESTRICTED_ZONE,0.9574,308,221,C:\Users\sharm\CCTV-YOLO\IBVAP\backend\logs\snapshots\intrusion_0304.jpg
2026-09-11,02:59:22,3,3,bus,INTRUSION,CROSSED_RESTRICTED_ZONE,0.9465,309,221,C:\Users\sharm\CCTV-YOLO\IBVAP\backend\logs\snapshots\intrusion_0305.jpg
2026-09-11,02:59:22,3,3,bus,INTRUSION,CROSSED_RESTRICTED_ZONE,0.4002,309,221,C:\Users\sharm\CCTV-YOLO\IBVAP\backend\logs\snapshots\intrusion_0306.jpg
2026-09-11,02:59:23,3,3,bus,INTRUSION,CROSSED_RESTRICTED_ZONE,0.9580,309,221,C:\Users\sharm\CCTV-YOLO\IBVAP\backend\logs\snapshots\intrusion_0307.jpg
2026-09-11,02:59:23,3,3,bus,INTRUSION,CROSSED_RESTRICTED_ZONE,0.9568,309,221,C:\Users\sharm\CCTV-YOLO\IBVAP\backend\logs\snapshots\intrusion_0308.jpg
2026-09-11,02:59:24,3,3,bus,INTRUSION,CROSSED_RESTRICTED_ZONE,0.6916,309,221,C:\Users\sharm\CCTV-YOLO\IBVAP\backend\logs\snapshots\intrusion_0309.jpg
2026-09-11,02:59:25,3,3,bus,INTRUSION,CROSSED_RESTRICTED_ZONE,0.9476,309,220,C:\Users\sharm\CCTV-YOLO\IBVAP\backend\logs\snapshots\intrusion_0310.jpg
2026-09-11,02:59:25,3,3,bus,INTRUSION,CROSSED_RESTRICTED_ZONE,0.9439,309,221,C:\Users\sharm\CCTV-YOLO\IBVAP\backend\logs\snapshots\intrusion_0311.jpg
2026-09-11,02:59:26,3,3,bus,INTRUSION,CROSSED_RESTRICTED_ZONE,0.9577,308,221,C:\Users\sharm\CCTV-YOLO\IBVAP\backend\logs\snapshots\intrusion_0312.jpg
2026-09-11,02:59:26,3,3,bus,INTRUSION,CROSSED_RESTRICTED_ZONE,0.9594,308,221,C:\Users\sharm\CCTV-YOLO\IBVAP\backend\logs\snapshots\intrusion_0313.jpg
2026-09-11,02:59:27,69,4,person,SUSPICIOUS_ACTIVITY,RAPID MOVEMENT,0.4167,174,226,C:\Users\sharm\CCTV-YOLO\IBVAP\backend\logs\snapshots\suspicious_0019.jpg
2026-09-11,02:59:27,3,3,bus,INTRUSION,CROSSED_RESTRICTED_ZONE,0.9573,308,221,C:\Users\sharm\CCTV-YOLO\IBVAP\backend\logs\snapshots\intrusion_0314.jpg
2026-09-11,02:59:28,3,3,bus,INTRUSION,CROSSED_RESTRICTED_ZONE,0.9575,308,221,C:\Users\sharm\CCTV-YOLO\IBVAP\backend\logs\snapshots\intrusion_0315.jpg
2026-09-11,02:59:28,3,3,bus,INTRUSION,CROSSED_RESTRICTED_ZONE,0.9596,308,221,C:\Users\sharm\CCTV-YOLO\IBVAP\backend\logs\snapshots\intrusion_0316.jpg
2026-09-11,02:59:29,3,3,bus,INTRUSION,CROSSED_RESTRICTED_ZONE,0.9592,308,222,C:\Users\sharm\CCTV-YOLO\IBVAP\backend\logs\snapshots\intrusion_0317.jpg
2026-09-11,02:59:30,3,3,bus,INTRUSION,CROSSED_RESTRICTED_ZONE,0.9602,308,222,C:\Users\sharm\CCTV-YOLO\IBVAP\backend\logs\snapshots\intrusion_0318.jpg
2026-09-11,02:59:30,1,1,person,SUSPICIOUS_ACTIVITY,ERRATIC MOVEMENT,1.0000,216,334,C:\Users\sharm\CCTV-YOLO\IBVAP\backend\logs\snapshots\suspicious_0020.jpg
2026-09-11,02:59:30,3,3,bus,INTRUSION,CROSSED_RESTRICTED_ZONE,0.9566,308,221,C:\Users\sharm\CCTV-YOLO\IBVAP\backend\logs\snapshots\intrusion_0319.jpg
2026-09-11,02:59:31,3,3,bus,INTRUSION,CROSSED_RESTRICTED_ZONE,0.9558,308,221,C:\Users\sharm\CCTV-YOLO\IBVAP\backend\logs\snapshots\intrusion_0320.jpg
2026-09-11,02:59:31,3,3,bus,INTRUSION,CROSSED_RESTRICTED_ZONE,0.8951,308,221,C:\Users\sharm\CCTV-YOLO\IBVAP\backend\logs\snapshots\intrusion_0321.jpg
2026-09-11,02:59:32,3,3,bus,INTRUSION,CROSSED_RESTRICTED_ZONE,0.9555,309,221,C:\Users\sharm\CCTV-YOLO\IBVAP\backend\logs\snapshots\intrusion_0322.jpg
2026-09-11,02:59:33,3,3,bus,INTRUSION,CROSSED_RESTRICTED_ZONE,0.9599,309,220,C:\Users\sharm\CCTV-YOLO\IBVAP\backend\logs\snapshots\intrusion_0323.jpg
2026-09-11,02:59:33,3,3,bus,INTRUSION,CROSSED_RESTRICTED_ZONE,0.9629,309,220,C:\Users\sharm\CCTV-YOLO\IBVAP\backend\logs\snapshots\intrusion_0324.jpg
2026-09-11,02:59:34,3,3,bus,INTRUSION,CROSSED_RESTRICTED_ZONE,0.9575,308,220,C:\Users\sharm\CCTV-YOLO\IBVAP\backend\logs\snapshots\intrusion_0325.jpg
2026-09-11,02:59:34,3,3,bus,INTRUSION,CROSSED_RESTRICTED_ZONE,0.9578,308,220,C:\Users\sharm\CCTV-YOLO\IBVAP\backend\logs\snapshots\intrusion_0326.jpg
2026-09-11,02:59:35,3,3,bus,INTRUSION,CROSSED_RESTRICTED_ZONE,0.9564,308,220,C:\Users\sharm\CCTV-YOLO\IBVAP\backend\logs\snapshots\intrusion_0327.jpg
2026-09-11,02:59:36,3,3,bus,INTRUSION,CROSSED_RESTRICTED_ZONE,0.9567,308,220,C:\Users\sharm\CCTV-YOLO\IBVAP\backend\logs\snapshots\intrusion_0328.jpg
2026-09-11,02:59:36,3,3,bus,INTRUSION,CROSSED_RESTRICTED_ZONE,0.9567,308,221,C:\Users\sharm\CCTV-YOLO\IBVAP\backend\logs\snapshots\intrusion_0329.jpg
2026-09-11,02:59:37,3,3,bus,INTRUSION,CROSSED_RESTRICTED_ZONE,0.9568,307,221,C:\Users\sharm\CCTV-YOLO\IBVAP\backend\logs\snapshots\intrusion_0330.jpg
2026-09-11,02:59:37,67,4,person,SUSPICIOUS_ACTIVITY,ERRATIC MOVEMENT | RAPID MOVEMENT,1.0000,160,227,C:\Users\sharm\CCTV-YOLO\IBVAP\backend\logs\snapshots\suspicious_0021.jpg
2026-09-11,02:59:37,3,3,bus,INTRUSION,CROSSED_RESTRICTED_ZONE,0.9573,307,221,C:\Users\sharm\CCTV-YOLO\IBVAP\backend\logs\snapshots\intrusion_0331.jpg
2026-09-11,02:59:38,3,3,bus,INTRUSION,CROSSED_RESTRICTED_ZONE,0.9611,308,220,C:\Users\sharm\CCTV-YOLO\IBVAP\backend\logs\snapshots\intrusion_0332.jpg
2026-09-11,02:59:39,3,3,bus,INTRUSION,CROSSED_RESTRICTED_ZONE,0.7239,309,219,C:\Users\sharm\CCTV-YOLO\IBVAP\backend\logs\snapshots\intrusion_0333.jpg
2026-09-11,02:59:39,3,3,bus,INTRUSION,CROSSED_RESTRICTED_ZONE,0.9481,309,218,C:\Users\sharm\CCTV-YOLO\IBVAP\backend\logs\snapshots\intrusion_0334.jpg
2026-09-11,02:59:40,1,1,person,SUSPICIOUS_ACTIVITY,ERRATIC MOVEMENT | RAPID MOVEMENT,1.0000,342,285,C:\Users\sharm\CCTV-YOLO\IBVAP\backend\logs\snapshots\suspicious_0022.jpg
2026-09-11,02:59:41,3,3,bus,INTRUSION,CROSSED_RESTRICTED_ZONE,0.9324,309,222,C:\Users\sharm\CCTV-YOLO\IBVAP\backend\logs\snapshots\intrusion_0335.jpg
2026-09-11,02:59:41,1,1,person,INTRUSION,CROSSED_RESTRICTED_ZONE,0.1192,194,238,C:\Users\sharm\CCTV-YOLO\IBVAP\backend\logs\snapshots\intrusion_0336.jpg
2026-09-11,02:59:42,3,3,bus,INTRUSION,CROSSED_RESTRICTED_ZONE,0.9328,309,222,C:\Users\sharm\CCTV-YOLO\IBVAP\backend\logs\snapshots\intrusion_0337.jpg
2026-09-11,02:59:42,3,3,bus,INTRUSION,CROSSED_RESTRICTED_ZONE,0.9423,309,221,C:\Users\sharm\CCTV-YOLO\IBVAP\backend\logs\snapshots\intrusion_0338.jpg
2026-09-11,02:59:43,3,3,bus,INTRUSION,CROSSED_RESTRICTED_ZONE,0.9423,309,221,C:\Users\sharm\CCTV-YOLO\IBVAP\backend\logs\snapshots\intrusion_0339.jpg
2026-09-11,02:59:43,3,3,bus,INTRUSION,CROSSED_RESTRICTED_ZONE,0.9419,309,221,C:\Users\sharm\CCTV-YOLO\IBVAP\backend\logs\snapshots\intrusion_0340.jpg
2026-09-11,02:59:44,3,3,bus,INTRUSION,CROSSED_RESTRICTED_ZONE,0.9395,309,220,C:\Users\sharm\CCTV-YOLO\IBVAP\backend\logs\snapshots\intrusion_0341.jpg
2026-09-11,02:59:45,3,3,bus,INTRUSION,CROSSED_RESTRICTED_ZONE,0.9403,309,220,C:\Users\sharm\CCTV-YOLO\IBVAP\backend\logs\snapshots\intrusion_0342.jpg
2026-09-11,02:59:45,3,3,bus,INTRUSION,CROSSED_RESTRICTED_ZONE,0.9402,309,221,C:\Users\sharm\CCTV-YOLO\IBVAP\backend\logs\snapshots\intrusion_0343.jpg
2026-09-11,02:59:46,3,3,bus,INTRUSION,CROSSED_RESTRICTED_ZONE,0.9398,309,221,C:\Users\sharm\CCTV-YOLO\IBVAP\backend\logs\snapshots\intrusion_0344.jpg
2026-09-11,02:59:47,3,3,bus,INTRUSION,CROSSED_RESTRICTED_ZONE,0.9426,309,221,C:\Users\sharm\CCTV-YOLO\IBVAP\backend\logs\snapshots\intrusion_0345.jpg
2026-09-11,02:59:47,3,3,bus,INTRUSION,CROSSED_RESTRICTED_ZONE,0.9410,309,221,C:\Users\sharm\CCTV-YOLO\IBVAP\backend\logs\snapshots\intrusion_0346.jpg
2026-09-11,02:59:48,67,4,person,SUSPICIOUS_ACTIVITY,ERRATIC MOVEMENT | RAPID MOVEMENT,1.0000,159,227,C:\Users\sharm\CCTV-YOLO\IBVAP\backend\logs\snapshots\suspicious_0023.jpg
2026-09-11,02:59:48,4,1,person,INTRUSION,CROSSED_RESTRICTED_ZONE,0.4408,192,239,C:\Users\sharm\CCTV-YOLO\IBVAP\backend\logs\snapshots\intrusion_0347.jpg
2026-09-11,02:59:48,3,3,bus,INTRUSION,CROSSED_RESTRICTED_ZONE,0.9429,309,221,C:\Users\sharm\CCTV-YOLO\IBVAP\backend\logs\snapshots\intrusion_0348.jpg
2026-09-11,02:59:49,4,1,person,INTRUSION,CROSSED_RESTRICTED_ZONE,0.2813,192,239,C:\Users\sharm\CCTV-YOLO\IBVAP\backend\logs\snapshots\intrusion_0349.jpg
2026-09-11,02:59:49,3,3,bus,INTRUSION,CROSSED_RESTRICTED_ZONE,0.9408,309,221,C:\Users\sharm\CCTV-YOLO\IBVAP\backend\logs\snapshots\intrusion_0350.jpg
2026-09-11,02:59:50,4,1,person,INTRUSION,CROSSED_RESTRICTED_ZONE,0.2091,192,239,C:\Users\sharm\CCTV-YOLO\IBVAP\backend\logs\snapshots\intrusion_0351.jpg
2026-09-11,02:59:51,3,3,bus,INTRUSION,CROSSED_RESTRICTED_ZONE,0.9405,309,221,C:\Users\sharm\CCTV-YOLO\IBVAP\backend\logs\snapshots\intrusion_0352.jpg
2026-09-11,02:59:51,4,1,person,SUSPICIOUS_ACTIVITY,ERRATIC MOVEMENT,1.0000,192,239,C:\Users\sharm\CCTV-YOLO\IBVAP\backend\logs\snapshots\suspicious_0024.jpg
2026-09-11,02:59:51,4,1,person,INTRUSION,CROSSED_RESTRICTED_ZONE,0.3558,208,238,C:\Users\sharm\CCTV-YOLO\IBVAP\backend\logs\snapshots\intrusion_0353.jpg
2026-09-11,02:59:52,3,3,bus,INTRUSION,CROSSED_RESTRICTED_ZONE,0.9401,309,221,C:\Users\sharm\CCTV-YOLO\IBVAP\backend\logs\snapshots\intrusion_0354.jpg
2026-09-11,02:59:52,3,3,bus,INTRUSION,CROSSED_RESTRICTED_ZONE,0.9401,309,221,C:\Users\sharm\CCTV-YOLO\IBVAP\backend\logs\snapshots\intrusion_0355.jpg
2026-09-11,02:59:53,4,1,person,INTRUSION,CROSSED_RESTRICTED_ZONE,0.6544,192,239,C:\Users\sharm\CCTV-YOLO\IBVAP\backend\logs\snapshots\intrusion_0356.jpg
2026-09-11,02:59:53,3,3,bus,INTRUSION,CROSSED_RESTRICTED_ZONE,0.9406,309,221,C:\Users\sharm\CCTV-YOLO\IBVAP\backend\logs\snapshots\intrusion_0357.jpg
2026-09-11,02:59:54,4,1,person,INTRUSION,CROSSED_RESTRICTED_ZONE,0.6794,192,239,C:\Users\sharm\CCTV-YOLO\IBVAP\backend\logs\snapshots\intrusion_0358.jpg
2026-09-11,02:59:55,3,3,bus,INTRUSION,CROSSED_RESTRICTED_ZONE,0.9416,309,221,C:\Users\sharm\CCTV-YOLO\IBVAP\backend\logs\snapshots\intrusion_0359.jpg
2026-09-11,02:59:55,4,1,person,INTRUSION,CROSSED_RESTRICTED_ZONE,0.7169,192,240,C:\Users\sharm\CCTV-YOLO\IBVAP\backend\logs\snapshots\intrusion_0360.jpg
2026-09-11,02:59:56,3,3,bus,INTRUSION,CROSSED_RESTRICTED_ZONE,0.9400,308,221,C:\Users\sharm\CCTV-YOLO\IBVAP\backend\logs\snapshots\intrusion_0361.jpg
2026-09-11,02:59:56,4,1,person,INTRUSION,CROSSED_RESTRICTED_ZONE,0.6993,192,240,C:\Users\sharm\CCTV-YOLO\IBVAP\backend\logs\snapshots\intrusion_0362.jpg
2026-09-11,02:59:57,3,3,bus,INTRUSION,CROSSED_RESTRICTED_ZONE,0.9384,309,221,C:\Users\sharm\CCTV-YOLO\IBVAP\backend\logs\snapshots\intrusion_0363.jpg
2026-09-11,02:59:57,4,1,person,INTRUSION,CROSSED_RESTRICTED_ZONE,0.6172,192,240,C:\Users\sharm\CCTV-YOLO\IBVAP\backend\logs\snapshots\intrusion_0364.jpg
2026-09-11,02:59:58,3,3,bus,INTRUSION,CROSSED_RESTRICTED_ZONE,0.9401,308,221,C:\Users\sharm\CCTV-YOLO\IBVAP\backend\logs\snapshots\intrusion_0365.jpg
2026-09-11,02:59:59,67,4,person,SUSPICIOUS_ACTIVITY,ERRATIC MOVEMENT | RAPID MOVEMENT,1.0000,160,228,C:\Users\sharm\CCTV-YOLO\IBVAP\backend\logs\snapshots\suspicious_0025.jpg
2026-09-11,02:59:59,4,1,person,INTRUSION,CROSSED_RESTRICTED_ZONE,0.6849,193,238,C:\Users\sharm\CCTV-YOLO\IBVAP\backend\logs\snapshots\intrusion_0366.jpg
2026-09-11,02:59:59,3,3,bus,INTRUSION,CROSSED_RESTRICTED_ZONE,0.9336,309,222,C:\Users\sharm\CCTV-YOLO\IBVAP\backend\logs\snapshots\intrusion_0367.jpg
2026-09-11,03:00:00,4,1,person,INTRUSION,CROSSED_RESTRICTED_ZONE,0.5549,192,238,C:\Users\sharm\CCTV-YOLO\IBVAP\backend\logs\snapshots\intrusion_0368.jpg
2026-09-11,03:00:00,3,3,bus,INTRUSION,CROSSED_RESTRICTED_ZONE,0.9405,308,222,C:\Users\sharm\CCTV-YOLO\IBVAP\backend\logs\snapshots\intrusion_0369.jpg
2026-09-11,03:00:01,4,1,person,INTRUSION,CROSSED_RESTRICTED_ZONE,0.5014,192,239,C:\Users\sharm\CCTV-YOLO\IBVAP\backend\logs\snapshots\intrusion_0370.jpg
2026-09-11,03:00:01,3,3,bus,INTRUSION,CROSSED_RESTRICTED_ZONE,0.9129,308,223,C:\Users\sharm\CCTV-YOLO\IBVAP\backend\logs\snapshots\intrusion_0371.jpg
2026-09-11,03:12:22,1,1,person,INTRUSION,CROSSED_RESTRICTED_ZONE,0.8940,198,239,C:\Users\sharm\CCTV-YOLO\IBVAP\backend\logs\snapshots\intrusion_0001.jpg
2026-09-11,03:12:23,3,3,bus,INTRUSION,CROSSED_RESTRICTED_ZONE,0.7503,307,222,C:\Users\sharm\CCTV-YOLO\IBVAP\backend\logs\snapshots\intrusion_0002.jpg
2026-09-11,03:12:25,4,1,person,SUSPICIOUS_ACTIVITY,RAPID MOVEMENT,0.8333,198,239,C:\Users\sharm\CCTV-YOLO\IBVAP\backend\logs\snapshots\suspicious_0001.jpg
2026-09-11,03:12:35,1,1,person,SUSPICIOUS_ACTIVITY,ERRATIC MOVEMENT | RAPID MOVEMENT,1.0000,211,335,C:\Users\sharm\CCTV-YOLO\IBVAP\backend\logs\snapshots\suspicious_0002.jpg
2026-09-11,03:12:45,1,1,person,SUSPICIOUS_ACTIVITY,ERRATIC MOVEMENT | RAPID MOVEMENT,1.0000,354,280,C:\Users\sharm\CCTV-YOLO\IBVAP\backend\logs\snapshots\suspicious_0003.jpg
2026-09-11,03:12:55,4,1,person,SUSPICIOUS_ACTIVITY,ERRATIC MOVEMENT | RAPID MOVEMENT,1.0000,204,235,C:\Users\sharm\CCTV-YOLO\IBVAP\backend\logs\snapshots\suspicious_0004.jpg
2026-09-11,03:12:59,60,4,person,INTRUSION,CROSSED_RESTRICTED_ZONE,0.4021,175,227,C:\Users\sharm\CCTV-YOLO\IBVAP\backend\logs\snapshots\intrusion_0003.jpg
2026-09-11,03:13:01,69,4,person,SUSPICIOUS_ACTIVITY,RAPID MOVEMENT,0.4167,174,226,C:\Users\sharm\CCTV-YOLO\IBVAP\backend\logs\snapshots\suspicious_0005.jpg
2026-09-11,03:13:05,1,1,person,SUSPICIOUS_ACTIVITY,ERRATIC MOVEMENT | RAPID MOVEMENT,1.0000,365,301,C:\Users\sharm\CCTV-YOLO\IBVAP\backend\logs\snapshots\suspicious_0006.jpg
2026-09-11,03:13:07,92,6,person,INTRUSION,CROSSED_RESTRICTED_ZONE,0.3137,477,220,C:\Users\sharm\CCTV-YOLO\IBVAP\backend\logs\snapshots\intrusion_0004.jpg
2026-09-11,03:13:10,99,6,person,SUSPICIOUS_ACTIVITY,RAPID MOVEMENT,0.4167,368,297,C:\Users\sharm\CCTV-YOLO\IBVAP\backend\logs\snapshots\suspicious_0007.jpg
2026-09-11,03:13:11,67,4,person,SUSPICIOUS_ACTIVITY,ERRATIC MOVEMENT | RAPID MOVEMENT,1.0000,168,228,C:\Users\sharm\CCTV-YOLO\IBVAP\backend\logs\snapshots\suspicious_0008.jpg
2026-09-11,03:13:15,4,1,person,SUSPICIOUS_ACTIVITY,ERRATIC MOVEMENT | RAPID MOVEMENT,1.0000,197,243,C:\Users\sharm\CCTV-YOLO\IBVAP\backend\logs\snapshots\suspicious_0009.jpg
2026-09-11,03:13:20,99,6,person,SUSPICIOUS_ACTIVITY,ERRATIC MOVEMENT,1.0000,186,339,C:\Users\sharm\CCTV-YOLO\IBVAP\backend\logs\snapshots\suspicious_0010.jpg
2026-09-11,03:13:21,67,4,person,SUSPICIOUS_ACTIVITY,ERRATIC MOVEMENT | RAPID MOVEMENT,1.0000,164,234,C:\Users\sharm\CCTV-YOLO\IBVAP\backend\logs\snapshots\suspicious_0011.jpg
2026-09-11,03:13:26,4,1,person,SUSPICIOUS_ACTIVITY,ERRATIC MOVEMENT,1.0000,203,242,C:\Users\sharm\CCTV-YOLO\IBVAP\backend\logs\snapshots\suspicious_0012.jpg
2026-09-11,03:13:30,99,6,person,SUSPICIOUS_ACTIVITY,ERRATIC MOVEMENT,1.0000,72,332,C:\Users\sharm\CCTV-YOLO\IBVAP\backend\logs\snapshots\suspicious_0013.jpg
2026-09-11,03:13:31,108,4,person,SUSPICIOUS_ACTIVITY,ERRATIC MOVEMENT | LOITERING | RAPID MOVEMENT,1.0000,186,234,C:\Users\sharm\CCTV-YOLO\IBVAP\backend\logs\snapshots\suspicious_0014.jpg
2026-09-11,03:13:32,3,3,bus,INTRUSION,CROSSED_RESTRICTED_ZONE,0.9429,331,223,C:\Users\sharm\CCTV-YOLO\IBVAP\backend\logs\snapshots\intrusion_0005.jpg
2026-09-11,03:13:33,3,3,bus,INTRUSION,CROSSED_RESTRICTED_ZONE,0.9427,334,223,C:\Users\sharm\CCTV-YOLO\IBVAP\backend\logs\snapshots\intrusion_0006.jpg
2026-09-11,03:13:33,3,3,bus,INTRUSION,CROSSED_RESTRICTED_ZONE,0.9543,338,225,C:\Users\sharm\CCTV-YOLO\IBVAP\backend\logs\snapshots\intrusion_0007.jpg
2026-09-11,03:13:34,3,3,bus,INTRUSION,CROSSED_RESTRICTED_ZONE,0.9500,340,225,C:\Users\sharm\CCTV-YOLO\IBVAP\backend\logs\snapshots\intrusion_0008.jpg
2026-09-11,03:13:35,3,3,bus,INTRUSION,CROSSED_RESTRICTED_ZONE,0.9472,343,225,C:\Users\sharm\CCTV-YOLO\IBVAP\backend\logs\snapshots\intrusion_0009.jpg
2026-09-11,03:13:35,3,3,bus,INTRUSION,CROSSED_RESTRICTED_ZONE,0.9484,345,224,C:\Users\sharm\CCTV-YOLO\IBVAP\backend\logs\snapshots\intrusion_0010.jpg
2026-09-11,03:13:36,3,3,bus,INTRUSION,CROSSED_RESTRICTED_ZONE,0.9506,347,223,C:\Users\sharm\CCTV-YOLO\IBVAP\backend\logs\snapshots\intrusion_0011.jpg
2026-09-11,03:13:38,3,3,bus,INTRUSION,CROSSED_RESTRICTED_ZONE,0.9517,349,224,C:\Users\sharm\CCTV-YOLO\IBVAP\backend\logs\snapshots\intrusion_0012.jpg
2026-09-11,03:13:39,3,3,bus,INTRUSION,CROSSED_RESTRICTED_ZONE,0.9068,352,223,C:\Users\sharm\CCTV-YOLO\IBVAP\backend\logs\snapshots\intrusion_0013.jpg
2026-09-11,03:13:40,3,3,bus,INTRUSION,CROSSED_RESTRICTED_ZONE,0.9490,356,223,C:\Users\sharm\CCTV-YOLO\IBVAP\backend\logs\snapshots\intrusion_0014.jpg
2026-09-11,03:13:40,3,3,bus,INTRUSION,CROSSED_RESTRICTED_ZONE,0.9266,360,225,C:\Users\sharm\CCTV-YOLO\IBVAP\backend\logs\snapshots\intrusion_0015.jpg
2026-09-11,03:13:41,99,6,person,SUSPICIOUS_ACTIVITY,ERRATIC MOVEMENT | RAPID MOVEMENT,1.0000,247,334,C:\Users\sharm\CCTV-YOLO\IBVAP\backend\logs\snapshots\suspicious_0015.jpg
2026-09-11,03:13:41,3,3,bus,INTRUSION,CROSSED_RESTRICTED_ZONE,0.9349,362,226,C:\Users\sharm\CCTV-YOLO\IBVAP\backend\logs\snapshots\intrusion_0016.jpg
2026-09-11,03:13:42,3,3,bus,INTRUSION,CROSSED_RESTRICTED_ZONE,0.9292,364,226,C:\Users\sharm\CCTV-YOLO\IBVAP\backend\logs\snapshots\intrusion_0017.jpg
2026-09-11,03:13:42,3,3,bus,INTRUSION,CROSSED_RESTRICTED_ZONE,0.9212,365,225,C:\Users\sharm\CCTV-YOLO\IBVAP\backend\logs\snapshots\intrusion_0018.jpg
2026-09-11,03:13:43,3,3,bus,INTRUSION,CROSSED_RESTRICTED_ZONE,0.9321,366,225,C:\Users\sharm\CCTV-YOLO\IBVAP\backend\logs\snapshots\intrusion_0019.jpg
2026-09-11,03:13:44,3,3,bus,INTRUSION,CROSSED_RESTRICTED_ZONE,0.9416,367,225,C:\Users\sharm\CCTV-YOLO\IBVAP\backend\logs\snapshots\intrusion_0020.jpg
2026-09-11,03:13:44,3,3,bus,INTRUSION,CROSSED_RESTRICTED_ZONE,0.9402,367,225,C:\Users\sharm\CCTV-YOLO\IBVAP\backend\logs\snapshots\intrusion_0021.jpg
2026-09-11,03:13:45,3,3,bus,INTRUSION,CROSSED_RESTRICTED_ZONE,0.9373,366,225,C:\Users\sharm\CCTV-YOLO\IBVAP\backend\logs\snapshots\intrusion_0022.jpg
2026-09-11,03:13:46,3,3,bus,INTRUSION,CROSSED_RESTRICTED_ZONE,0.9371,366,224,C:\Users\sharm\CCTV-YOLO\IBVAP\backend\logs\snapshots\intrusion_0023.jpg
2026-09-11,03:13:47,3,3,bus,INTRUSION,CROSSED_RESTRICTED_ZONE,0.9424,366,224,C:\Users\sharm\CCTV-YOLO\IBVAP\backend\logs\snapshots\intrusion_0024.jpg
2026-09-11,03:13:47,3,3,bus,INTRUSION,CROSSED_RESTRICTED_ZONE,0.9357,366,224,C:\Users\sharm\CCTV-YOLO\IBVAP\backend\logs\snapshots\intrusion_0025.jpg
2026-09-11,03:13:48,3,3,bus,INTRUSION,CROSSED_RESTRICTED_ZONE,0.8880,366,224,C:\Users\sharm\CCTV-YOLO\IBVAP\backend\logs\snapshots\intrusion_0026.jpg
2026-09-11,03:13:49,3,3,bus,INTRUSION,CROSSED_RESTRICTED_ZONE,0.9409,366,224,C:\Users\sharm\CCTV-YOLO\IBVAP\backend\logs\snapshots\intrusion_0027.jpg
2026-09-11,03:13:49,3,3,bus,INTRUSION,CROSSED_RESTRICTED_ZONE,0.9402,366,224,C:\Users\sharm\CCTV-YOLO\IBVAP\backend\logs\snapshots\intrusion_0028.jpg
2026-09-11,03:13:50,3,3,bus,INTRUSION,CROSSED_RESTRICTED_ZONE,0.9403,366,224,C:\Users\sharm\CCTV-YOLO\IBVAP\backend\logs\snapshots\intrusion_0029.jpg
2026-09-11,03:13:50,3,3,bus,INTRUSION,CROSSED_RESTRICTED_ZONE,0.9258,366,224,C:\Users\sharm\CCTV-YOLO\IBVAP\backend\logs\snapshots\intrusion_0030.jpg
2026-09-11,03:13:51,99,6,person,SUSPICIOUS_ACTIVITY,ERRATIC MOVEMENT,1.0000,250,335,C:\Users\sharm\CCTV-YOLO\IBVAP\backend\logs\snapshots\suspicious_0016.jpg
2026-09-11,03:13:51,3,3,bus,INTRUSION,CROSSED_RESTRICTED_ZONE,0.9380,366,224,C:\Users\sharm\CCTV-YOLO\IBVAP\backend\logs\snapshots\intrusion_0031.jpg
2026-09-11,03:13:52,3,3,bus,INTRUSION,CROSSED_RESTRICTED_ZONE,0.9345,366,224,C:\Users\sharm\CCTV-YOLO\IBVAP\backend\logs\snapshots\intrusion_0032.jpg
2026-09-11,03:13:52,3,3,bus,INTRUSION,CROSSED_RESTRICTED_ZONE,0.9344,366,224,C:\Users\sharm\CCTV-YOLO\IBVAP\backend\logs\snapshots\intrusion_0033.jpg
2026-09-11,03:13:53,3,3,bus,INTRUSION,CROSSED_RESTRICTED_ZONE,0.9371,366,224,C:\Users\sharm\CCTV-YOLO\IBVAP\backend\logs\snapshots\intrusion_0034.jpg
2026-09-11,03:13:54,3,3,bus,INTRUSION,CROSSED_RESTRICTED_ZONE,0.9408,366,224,C:\Users\sharm\CCTV-YOLO\IBVAP\backend\logs\snapshots\intrusion_0035.jpg
2026-09-11,03:13:54,3,3,bus,INTRUSION,CROSSED_RESTRICTED_ZONE,0.9413,366,224,C:\Users\sharm\CCTV-YOLO\IBVAP\backend\logs\snapshots\intrusion_0036.jpg
2026-09-11,03:13:55,3,3,bus,INTRUSION,CROSSED_RESTRICTED_ZONE,0.9162,366,224,C:\Users\sharm\CCTV-YOLO\IBVAP\backend\logs\snapshots\intrusion_0037.jpg
2026-09-11,03:13:56,3,3,bus,INTRUSION,CROSSED_RESTRICTED_ZONE,0.9041,366,224,C:\Users\sharm\CCTV-YOLO\IBVAP\backend\logs\snapshots\intrusion_0038.jpg
2026-09-11,03:13:56,3,3,bus,INTRUSION,CROSSED_RESTRICTED_ZONE,0.9500,367,224,C:\Users\sharm\CCTV-YOLO\IBVAP\backend\logs\snapshots\intrusion_0039.jpg
2026-09-11,03:13:57,3,3,bus,INTRUSION,CROSSED_RESTRICTED_ZONE,0.9304,367,224,C:\Users\sharm\CCTV-YOLO\IBVAP\backend\logs\snapshots\intrusion_0040.jpg
2026-09-11,03:13:58,3,3,bus,INTRUSION,CROSSED_RESTRICTED_ZONE,0.9323,367,224,C:\Users\sharm\CCTV-YOLO\IBVAP\backend\logs\snapshots\intrusion_0041.jpg
2026-09-11,03:13:58,3,3,bus,INTRUSION,CROSSED_RESTRICTED_ZONE,0.9331,367,224,C:\Users\sharm\CCTV-YOLO\IBVAP\backend\logs\snapshots\intrusion_0042.jpg
2026-09-11,03:13:59,3,3,bus,INTRUSION,CROSSED_RESTRICTED_ZONE,0.9385,367,225,C:\Users\sharm\CCTV-YOLO\IBVAP\backend\logs\snapshots\intrusion_0043.jpg
2026-09-11,03:13:59,3,3,bus,INTRUSION,CROSSED_RESTRICTED_ZONE,0.9335,367,224,C:\Users\sharm\CCTV-YOLO\IBVAP\backend\logs\snapshots\intrusion_0044.jpg
2026-09-11,03:14:00,3,3,bus,INTRUSION,CROSSED_RESTRICTED_ZONE,0.9272,367,224,C:\Users\sharm\CCTV-YOLO\IBVAP\backend\logs\snapshots\intrusion_0045.jpg
2026-09-11,03:14:01,3,3,bus,INTRUSION,CROSSED_RESTRICTED_ZONE,0.9260,367,225,C:\Users\sharm\CCTV-YOLO\IBVAP\backend\logs\snapshots\intrusion_0046.jpg
2026-09-11,03:14:01,99,6,person,SUSPICIOUS_ACTIVITY,ERRATIC MOVEMENT,1.0000,202,337,C:\Users\sharm\CCTV-YOLO\IBVAP\backend\logs\snapshots\suspicious_0017.jpg
2026-09-11,03:14:01,3,3,bus,INTRUSION,CROSSED_RESTRICTED_ZONE,0.9239,367,225,C:\Users\sharm\CCTV-YOLO\IBVAP\backend\logs\snapshots\intrusion_0047.jpg
2026-09-11,03:14:02,3,3,bus,INTRUSION,CROSSED_RESTRICTED_ZONE,0.9321,367,226,C:\Users\sharm\CCTV-YOLO\IBVAP\backend\logs\snapshots\intrusion_0048.jpg
2026-09-11,03:14:03,3,3,bus,INTRUSION,CROSSED_RESTRICTED_ZONE,0.9303,366,225,C:\Users\sharm\CCTV-YOLO\IBVAP\backend\logs\snapshots\intrusion_0049.jpg
2026-09-11,03:14:03,3,3,bus,INTRUSION,CROSSED_RESTRICTED_ZONE,0.9344,367,224,C:\Users\sharm\CCTV-YOLO\IBVAP\backend\logs\snapshots\intrusion_0050.jpg
2026-09-11,03:14:04,3,3,bus,INTRUSION,CROSSED_RESTRICTED_ZONE,0.9324,366,224,C:\Users\sharm\CCTV-YOLO\IBVAP\backend\logs\snapshots\intrusion_0051.jpg
2026-09-11,03:14:05,3,3,bus,INTRUSION,CROSSED_RESTRICTED_ZONE,0.9354,367,224,C:\Users\sharm\CCTV-YOLO\IBVAP\backend\logs\snapshots\intrusion_0052.jpg
2026-09-11,03:14:06,3,3,bus,INTRUSION,CROSSED_RESTRICTED_ZONE,0.9232,368,223,C:\Users\sharm\CCTV-YOLO\IBVAP\backend\logs\snapshots\intrusion_0053.jpg
2026-09-11,03:14:07,3,3,bus,INTRUSION,CROSSED_RESTRICTED_ZONE,0.9262,368,223,C:\Users\sharm\CCTV-YOLO\IBVAP\backend\logs\snapshots\intrusion_0054.jpg
2026-09-11,03:14:07,3,3,bus,INTRUSION,CROSSED_RESTRICTED_ZONE,0.8815,368,223,C:\Users\sharm\CCTV-YOLO\IBVAP\backend\logs\snapshots\intrusion_0055.jpg
2026-09-11,03:14:08,171,1,person,SUSPICIOUS_ACTIVITY,ERRATIC MOVEMENT | RAPID MOVEMENT,1.0000,268,238,C:\Users\sharm\CCTV-YOLO\IBVAP\backend\logs\snapshots\suspicious_0018.jpg
2026-09-11,03:14:09,3,3,bus,INTRUSION,CROSSED_RESTRICTED_ZONE,0.9432,368,228,C:\Users\sharm\CCTV-YOLO\IBVAP\backend\logs\snapshots\intrusion_0056.jpg
2026-09-11,03:14:10,178,4,person,SUSPICIOUS_ACTIVITY,ERRATIC MOVEMENT | LOITERING | RAPID MOVEMENT,1.0000,227,239,C:\Users\sharm\CCTV-YOLO\IBVAP\backend\logs\snapshots\suspicious_0019.jpg
2026-09-11,03:14:10,3,3,bus,INTRUSION,CROSSED_RESTRICTED_ZONE,0.9461,368,228,C:\Users\sharm\CCTV-YOLO\IBVAP\backend\logs\snapshots\intrusion_0057.jpg
2026-09-11,03:14:10,3,3,bus,INTRUSION,CROSSED_RESTRICTED_ZONE,0.9447,368,228,C:\Users\sharm\CCTV-YOLO\IBVAP\backend\logs\snapshots\intrusion_0058.jpg
2026-09-11,03:14:11,3,3,bus,INTRUSION,CROSSED_RESTRICTED_ZONE,0.9474,368,226,C:\Users\sharm\CCTV-YOLO\IBVAP\backend\logs\snapshots\intrusion_0059.jpg
2026-09-11,03:14:11,3,3,bus,INTRUSION,CROSSED_RESTRICTED_ZONE,0.9453,369,225,C:\Users\sharm\CCTV-YOLO\IBVAP\backend\logs\snapshots\intrusion_0060.jpg
2026-09-11,03:14:12,99,6,person,SUSPICIOUS_ACTIVITY,ERRATIC MOVEMENT,1.0000,195,365,C:\Users\sharm\CCTV-YOLO\IBVAP\backend\logs\snapshots\suspicious_0020.jpg
2026-09-11,03:14:12,3,3,bus,INTRUSION,CROSSED_RESTRICTED_ZONE,0.9468,368,226,C:\Users\sharm\CCTV-YOLO\IBVAP\backend\logs\snapshots\intrusion_0061.jpg
2026-09-11,03:14:13,3,3,bus,INTRUSION,CROSSED_RESTRICTED_ZONE,0.9446,368,225,C:\Users\sharm\CCTV-YOLO\IBVAP\backend\logs\snapshots\intrusion_0062.jpg
2026-09-11,03:14:13,3,3,bus,INTRUSION,CROSSED_RESTRICTED_ZONE,0.9468,368,226,C:\Users\sharm\CCTV-YOLO\IBVAP\backend\logs\snapshots\intrusion_0063.jpg
2026-09-11,03:14:14,3,3,bus,INTRUSION,CROSSED_RESTRICTED_ZONE,0.9402,368,225,C:\Users\sharm\CCTV-YOLO\IBVAP\backend\logs\snapshots\intrusion_0064.jpg
2026-09-11,03:14:15,3,3,bus,INTRUSION,CROSSED_RESTRICTED_ZONE,0.9433,368,226,C:\Users\sharm\CCTV-YOLO\IBVAP\backend\logs\snapshots\intrusion_0065.jpg
2026-09-11,03:14:15,3,3,bus,INTRUSION,CROSSED_RESTRICTED_ZONE,0.9431,368,225,C:\Users\sharm\CCTV-YOLO\IBVAP\backend\logs\snapshots\intrusion_0066.jpg
2026-09-11,03:14:16,3,3,bus,INTRUSION,CROSSED_RESTRICTED_ZONE,0.9445,368,225,C:\Users\sharm\CCTV-YOLO\IBVAP\backend\logs\snapshots\intrusion_0067.jpg
2026-09-11,03:14:17,3,3,bus,INTRUSION,CROSSED_RESTRICTED_ZONE,0.9471,368,224,C:\Users\sharm\CCTV-YOLO\IBVAP\backend\logs\snapshots\intrusion_0068.jpg
2026-09-11,03:14:17,3,3,bus,INTRUSION,CROSSED_RESTRICTED_ZONE,0.9458,369,224,C:\Users\sharm\CCTV-YOLO\IBVAP\backend\logs\snapshots\intrusion_0069.jpg
2026-09-11,03:14:18,3,3,bus,INTRUSION,CROSSED_RESTRICTED_ZONE,0.9442,369,224,C:\Users\sharm\CCTV-YOLO\IBVAP\backend\logs\snapshots\intrusion_0070.jpg
2026-09-11,03:14:19,3,3,bus,INTRUSION,CROSSED_RESTRICTED_ZONE,0.9460,369,224,C:\Users\sharm\CCTV-YOLO\IBVAP\backend\logs\snapshots\intrusion_0071.jpg
2026-09-11,03:14:19,3,3,bus,INTRUSION,CROSSED_RESTRICTED_ZONE,0.9395,369,224,C:\Users\sharm\CCTV-YOLO\IBVAP\backend\logs\snapshots\intrusion_0072.jpg
2026-09-11,03:14:20,178,4,person,SUSPICIOUS_ACTIVITY,ERRATIC MOVEMENT | LOITERING | RAPID MOVEMENT,1.0000,225,240,C:\Users\sharm\CCTV-YOLO\IBVAP\backend\logs\snapshots\suspicious_0021.jpg
2026-09-11,03:14:20,3,3,bus,INTRUSION,CROSSED_RESTRICTED_ZONE,0.9430,369,224,C:\Users\sharm\CCTV-YOLO\IBVAP\backend\logs\snapshots\intrusion_0073.jpg
2026-09-11,03:14:20,3,3,bus,INTRUSION,CROSSED_RESTRICTED_ZONE,0.9383,369,224,C:\Users\sharm\CCTV-YOLO\IBVAP\backend\logs\snapshots\intrusion_0074.jpg
2026-09-11,03:14:21,3,3,bus,INTRUSION,CROSSED_RESTRICTED_ZONE,0.9373,369,224,C:\Users\sharm\CCTV-YOLO\IBVAP\backend\logs\snapshots\intrusion_0075.jpg
2026-09-11,03:14:22,3,3,bus,INTRUSION,CROSSED_RESTRICTED_ZONE,0.9465,370,224,C:\Users\sharm\CCTV-YOLO\IBVAP\backend\logs\snapshots\intrusion_0076.jpg
2026-09-11,03:14:22,99,6,person,SUSPICIOUS_ACTIVITY,ERRATIC MOVEMENT,1.0000,192,408,C:\Users\sharm\CCTV-YOLO\IBVAP\backend\logs\snapshots\suspicious_0022.jpg
2026-09-11,03:14:22,3,3,bus,INTRUSION,CROSSED_RESTRICTED_ZONE,0.9484,370,224,C:\Users\sharm\CCTV-YOLO\IBVAP\backend\logs\snapshots\intrusion_0077.jpg
2026-09-11,03:14:23,3,3,bus,INTRUSION,CROSSED_RESTRICTED_ZONE,0.9491,370,224,C:\Users\sharm\CCTV-YOLO\IBVAP\backend\logs\snapshots\intrusion_0078.jpg
2026-09-11,03:14:24,3,3,bus,INTRUSION,CROSSED_RESTRICTED_ZONE,0.9431,370,224,C:\Users\sharm\CCTV-YOLO\IBVAP\backend\logs\snapshots\intrusion_0079.jpg
2026-09-11,03:14:25,3,3,bus,INTRUSION,CROSSED_RESTRICTED_ZONE,0.9494,370,224,C:\Users\sharm\CCTV-YOLO\IBVAP\backend\logs\snapshots\intrusion_0080.jpg
2026-09-11,03:14:26,3,3,bus,INTRUSION,CROSSED_RESTRICTED_ZONE,0.9527,371,224,C:\Users\sharm\CCTV-YOLO\IBVAP\backend\logs\snapshots\intrusion_0081.jpg
2026-09-11,03:14:26,3,3,bus,INTRUSION,CROSSED_RESTRICTED_ZONE,0.9410,371,225,C:\Users\sharm\CCTV-YOLO\IBVAP\backend\logs\snapshots\intrusion_0082.jpg
2026-09-11,03:14:29,3,3,bus,INTRUSION,CROSSED_RESTRICTED_ZONE,0.9383,371,225,C:\Users\sharm\CCTV-YOLO\IBVAP\backend\logs\snapshots\intrusion_0083.jpg
2026-09-11,03:14:32,178,4,person,SUSPICIOUS_ACTIVITY,ERRATIC MOVEMENT | LOITERING | RAPID MOVEMENT,1.0000,226,240,C:\Users\sharm\CCTV-YOLO\IBVAP\backend\logs\snapshots\suspicious_0023.jpg
2026-09-11,03:14:32,3,3,bus,INTRUSION,CROSSED_RESTRICTED_ZONE,0.9345,371,225,C:\Users\sharm\CCTV-YOLO\IBVAP\backend\logs\snapshots\intrusion_0084.jpg
2026-09-11,03:14:34,99,6,person,SUSPICIOUS_ACTIVITY,ERRATIC MOVEMENT,1.0000,192,407,C:\Users\sharm\CCTV-YOLO\IBVAP\backend\logs\snapshots\suspicious_0024.jpg
2026-09-11,03:14:34,3,3,bus,INTRUSION,CROSSED_RESTRICTED_ZONE,0.9326,372,225,C:\Users\sharm\CCTV-YOLO\IBVAP\backend\logs\snapshots\intrusion_0085.jpg
2026-09-11,03:14:36,3,3,bus,INTRUSION,CROSSED_RESTRICTED_ZONE,0.9402,372,225,C:\Users\sharm\CCTV-YOLO\IBVAP\backend\logs\snapshots\intrusion_0086.jpg
2026-09-11,03:14:37,3,3,bus,INTRUSION,CROSSED_RESTRICTED_ZONE,0.9318,372,224,C:\Users\sharm\CCTV-YOLO\IBVAP\backend\logs\snapshots\intrusion_0087.jpg
2026-09-11,03:14:37,3,3,bus,INTRUSION,CROSSED_RESTRICTED_ZONE,0.9334,372,225,C:\Users\sharm\CCTV-YOLO\IBVAP\backend\logs\snapshots\intrusion_0088.jpg
2026-09-11,03:14:38,3,3,bus,INTRUSION,CROSSED_RESTRICTED_ZONE,0.9364,372,225,C:\Users\sharm\CCTV-YOLO\IBVAP\backend\logs\snapshots\intrusion_0089.jpg
2026-09-11,03:14:39,3,3,bus,INTRUSION,CROSSED_RESTRICTED_ZONE,0.9186,372,225,C:\Users\sharm\CCTV-YOLO\IBVAP\backend\logs\snapshots\intrusion_0090.jpg
2026-09-11,03:14:40,3,3,bus,INTRUSION,CROSSED_RESTRICTED_ZONE,0.9358,372,225,C:\Users\sharm\CCTV-YOLO\IBVAP\backend\logs\snapshots\intrusion_0091.jpg
2026-09-11,03:14:40,3,3,bus,INTRUSION,CROSSED_RESTRICTED_ZONE,0.9293,372,225,C:\Users\sharm\CCTV-YOLO\IBVAP\backend\logs\snapshots\intrusion_0092.jpg
2026-09-11,03:14:41,3,3,bus,INTRUSION,CROSSED_RESTRICTED_ZONE,0.9154,373,226,C:\Users\sharm\CCTV-YOLO\IBVAP\backend\logs\snapshots\intrusion_0093.jpg
2026-09-11,03:14:42,178,4,person,SUSPICIOUS_ACTIVITY,ERRATIC MOVEMENT | LOITERING | RAPID MOVEMENT,1.0000,225,239,C:\Users\sharm\CCTV-YOLO\IBVAP\backend\logs\snapshots\suspicious_0025.jpg
2026-09-11,03:14:42,3,3,bus,INTRUSION,CROSSED_RESTRICTED_ZONE,0.9077,373,225,C:\Users\sharm\CCTV-YOLO\IBVAP\backend\logs\snapshots\intrusion_0094.jpg
2026-09-11,03:14:43,3,3,bus,INTRUSION,CROSSED_RESTRICTED_ZONE,0.8875,373,225,C:\Users\sharm\CCTV-YOLO\IBVAP\backend\logs\snapshots\intrusion_0095.jpg
2026-09-11,03:14:44,3,3,bus,INTRUSION,CROSSED_RESTRICTED_ZONE,0.9029,373,226,C:\Users\sharm\CCTV-YOLO\IBVAP\backend\logs\snapshots\intrusion_0096.jpg
2026-09-11,03:14:44,99,6,person,SUSPICIOUS_ACTIVITY,ERRATIC MOVEMENT | LOITERING,1.0000,194,373,C:\Users\sharm\CCTV-YOLO\IBVAP\backend\logs\snapshots\suspicious_0026.jpg
2026-09-11,03:14:44,3,3,bus,INTRUSION,CROSSED_RESTRICTED_ZONE,0.8480,373,226,C:\Users\sharm\CCTV-YOLO\IBVAP\backend\logs\snapshots\intrusion_0097.jpg
2026-09-11,03:14:45,3,3,bus,INTRUSION,CROSSED_RESTRICTED_ZONE,0.8612,373,227,C:\Users\sharm\CCTV-YOLO\IBVAP\backend\logs\snapshots\intrusion_0098.jpg
2026-09-11,03:14:46,3,3,bus,INTRUSION,CROSSED_RESTRICTED_ZONE,0.8990,373,227,C:\Users\sharm\CCTV-YOLO\IBVAP\backend\logs\snapshots\intrusion_0099.jpg
2026-09-11,03:14:46,3,3,bus,INTRUSION,CROSSED_RESTRICTED_ZONE,0.9043,373,227,C:\Users\sharm\CCTV-YOLO\IBVAP\backend\logs\snapshots\intrusion_0100.jpg
2026-09-11,03:14:47,3,3,bus,INTRUSION,CROSSED_RESTRICTED_ZONE,0.9219,374,227,C:\Users\sharm\CCTV-YOLO\IBVAP\backend\logs\snapshots\intrusion_0101.jpg
2026-09-11,03:14:48,3,3,bus,INTRUSION,CROSSED_RESTRICTED_ZONE,0.9251,374,227,C:\Users\sharm\CCTV-YOLO\IBVAP\backend\logs\snapshots\intrusion_0102.jpg
2026-09-11,03:14:48,207,9,person,SUSPICIOUS_ACTIVITY,RAPID MOVEMENT,0.5556,697,198,C:\Users\sharm\CCTV-YOLO\IBVAP\backend\logs\snapshots\suspicious_0027.jpg
2026-09-11,03:14:48,3,3,bus,INTRUSION,CROSSED_RESTRICTED_ZONE,0.9277,374,226,C:\Users\sharm\CCTV-YOLO\IBVAP\backend\logs\snapshots\intrusion_0103.jpg
2026-09-11,03:14:49,3,3,bus,INTRUSION,CROSSED_RESTRICTED_ZONE,0.9304,374,226,C:\Users\sharm\CCTV-YOLO\IBVAP\backend\logs\snapshots\intrusion_0104.jpg
2026-09-11,03:14:49,3,3,bus,INTRUSION,CROSSED_RESTRICTED_ZONE,0.9345,374,227,C:\Users\sharm\CCTV-YOLO\IBVAP\backend\logs\snapshots\intrusion_0105.jpg
2026-09-11,03:14:50,3,3,bus,INTRUSION,CROSSED_RESTRICTED_ZONE,0.9403,375,227,C:\Users\sharm\CCTV-YOLO\IBVAP\backend\logs\snapshots\intrusion_0106.jpg
2026-09-11,03:14:51,210,1,person,SUSPICIOUS_ACTIVITY,ERRATIC MOVEMENT | RAPID MOVEMENT,1.0000,257,240,C:\Users\sharm\CCTV-YOLO\IBVAP\backend\logs\snapshots\suspicious_0028.jpg
2026-09-11,03:14:51,3,3,bus,INTRUSION,CROSSED_RESTRICTED_ZONE,0.9304,375,227,C:\Users\sharm\CCTV-YOLO\IBVAP\backend\logs\snapshots\intrusion_0107.jpg
2026-09-11,03:14:51,3,3,bus,INTRUSION,CROSSED_RESTRICTED_ZONE,0.9350,375,228,C:\Users\sharm\CCTV-YOLO\IBVAP\backend\logs\snapshots\intrusion_0108.jpg
2026-09-11,03:14:52,3,3,bus,INTRUSION,CROSSED_RESTRICTED_ZONE,0.9400,375,227,C:\Users\sharm\CCTV-YOLO\IBVAP\backend\logs\snapshots\intrusion_0109.jpg
2026-09-11,03:14:52,193,4,person,SUSPICIOUS_ACTIVITY,ERRATIC MOVEMENT | LOITERING | RAPID MOVEMENT,1.0000,238,236,C:\Users\sharm\CCTV-YOLO\IBVAP\backend\logs\snapshots\suspicious_0029.jpg
2026-09-11,03:14:52,3,3,bus,INTRUSION,CROSSED_RESTRICTED_ZONE,0.9409,375,227,C:\Users\sharm\CCTV-YOLO\IBVAP\backend\logs\snapshots\intrusion_0110.jpg
2026-09-11,03:14:53,3,3,bus,INTRUSION,CROSSED_RESTRICTED_ZONE,0.9368,376,227,C:\Users\sharm\CCTV-YOLO\IBVAP\backend\logs\snapshots\intrusion_0111.jpg
2026-09-11,03:14:54,3,3,bus,INTRUSION,CROSSED_RESTRICTED_ZONE,0.9439,377,227,C:\Users\sharm\CCTV-YOLO\IBVAP\backend\logs\snapshots\intrusion_0112.jpg
2026-09-11,03:14:54,3,3,bus,INTRUSION,CROSSED_RESTRICTED_ZONE,0.9435,377,227,C:\Users\sharm\CCTV-YOLO\IBVAP\backend\logs\snapshots\intrusion_0113.jpg
2026-09-11,03:14:55,99,6,person,SUSPICIOUS_ACTIVITY,ERRATIC MOVEMENT | LOITERING,1.0000,190,333,C:\Users\sharm\CCTV-YOLO\IBVAP\backend\logs\snapshots\suspicious_0030.jpg
2026-09-11,03:14:55,3,3,bus,INTRUSION,CROSSED_RESTRICTED_ZONE,0.9224,377,226,C:\Users\sharm\CCTV-YOLO\IBVAP\backend\logs\snapshots\intrusion_0114.jpg
2026-09-11,03:14:55,3,3,bus,INTRUSION,CROSSED_RESTRICTED_ZONE,0.9245,377,226,C:\Users\sharm\CCTV-YOLO\IBVAP\backend\logs\snapshots\intrusion_0115.jpg
2026-09-11,03:14:56,3,3,bus,INTRUSION,CROSSED_RESTRICTED_ZONE,0.9267,376,226,C:\Users\sharm\CCTV-YOLO\IBVAP\backend\logs\snapshots\intrusion_0116.jpg
2026-09-11,03:14:57,3,3,bus,INTRUSION,CROSSED_RESTRICTED_ZONE,0.9261,376,225,C:\Users\sharm\CCTV-YOLO\IBVAP\backend\logs\snapshots\intrusion_0117.jpg
2026-09-11,03:14:57,3,3,bus,INTRUSION,CROSSED_RESTRICTED_ZONE,0.9374,377,225,C:\Users\sharm\CCTV-YOLO\IBVAP\backend\logs\snapshots\intrusion_0118.jpg
2026-09-11,03:14:58,3,3,bus,INTRUSION,CROSSED_RESTRICTED_ZONE,0.9332,378,225,C:\Users\sharm\CCTV-YOLO\IBVAP\backend\logs\snapshots\intrusion_0119.jpg
2026-09-11,03:14:58,207,9,person,SUSPICIOUS_ACTIVITY,RAPID MOVEMENT,0.7500,743,200,C:\Users\sharm\CCTV-YOLO\IBVAP\backend\logs\snapshots\suspicious_0031.jpg
2026-09-11,03:14:58,3,3,bus,INTRUSION,CROSSED_RESTRICTED_ZONE,0.9357,378,224,C:\Users\sharm\CCTV-YOLO\IBVAP\backend\logs\snapshots\intrusion_0120.jpg
2026-09-11,03:14:59,3,3,bus,INTRUSION,CROSSED_RESTRICTED_ZONE,0.9390,378,225,C:\Users\sharm\CCTV-YOLO\IBVAP\backend\logs\snapshots\intrusion_0121.jpg
2026-09-11,03:15:00,3,3,bus,INTRUSION,CROSSED_RESTRICTED_ZONE,0.9378,378,226,C:\Users\sharm\CCTV-YOLO\IBVAP\backend\logs\snapshots\intrusion_0122.jpg
2026-09-11,03:15:00,3,3,bus,INTRUSION,CROSSED_RESTRICTED_ZONE,0.9256,378,225,C:\Users\sharm\CCTV-YOLO\IBVAP\backend\logs\snapshots\intrusion_0123.jpg
2026-09-11,03:15:01,210,1,person,SUSPICIOUS_ACTIVITY,ERRATIC MOVEMENT,1.0000,251,241,C:\Users\sharm\CCTV-YOLO\IBVAP\backend\logs\snapshots\suspicious_0032.jpg
2026-09-11,03:15:01,3,3,bus,INTRUSION,CROSSED_RESTRICTED_ZONE,0.9194,379,225,C:\Users\sharm\CCTV-YOLO\IBVAP\backend\logs\snapshots\intrusion_0124.jpg
2026-09-11,03:15:01,3,3,bus,INTRUSION,CROSSED_RESTRICTED_ZONE,0.9221,379,225,C:\Users\sharm\CCTV-YOLO\IBVAP\backend\logs\snapshots\intrusion_0125.jpg
2026-09-11,03:15:02,3,3,bus,INTRUSION,CROSSED_RESTRICTED_ZONE,0.9250,379,225,C:\Users\sharm\CCTV-YOLO\IBVAP\backend\logs\snapshots\intrusion_0126.jpg
2026-09-11,03:15:03,3,3,bus,INTRUSION,CROSSED_RESTRICTED_ZONE,0.9075,380,224,C:\Users\sharm\CCTV-YOLO\IBVAP\backend\logs\snapshots\intrusion_0127.jpg
2026-09-11,03:15:03,3,3,bus,INTRUSION,CROSSED_RESTRICTED_ZONE,0.9058,380,224,C:\Users\sharm\CCTV-YOLO\IBVAP\backend\logs\snapshots\intrusion_0128.jpg
2026-09-11,03:15:04,3,3,bus,INTRUSION,CROSSED_RESTRICTED_ZONE,0.8919,380,223,C:\Users\sharm\CCTV-YOLO\IBVAP\backend\logs\snapshots\intrusion_0129.jpg
2026-09-11,03:15:04,3,3,bus,INTRUSION,CROSSED_RESTRICTED_ZONE,0.8877,380,222,C:\Users\sharm\CCTV-YOLO\IBVAP\backend\logs\snapshots\intrusion_0130.jpg
2026-09-11,03:15:05,99,6,person,SUSPICIOUS_ACTIVITY,ERRATIC MOVEMENT | LOITERING,1.0000,197,334,C:\Users\sharm\CCTV-YOLO\IBVAP\backend\logs\snapshots\suspicious_0033.jpg
2026-09-11,03:15:05,3,3,bus,INTRUSION,CROSSED_RESTRICTED_ZONE,0.8702,380,221,C:\Users\sharm\CCTV-YOLO\IBVAP\backend\logs\snapshots\intrusion_0131.jpg
2026-09-11,03:15:06,3,3,bus,INTRUSION,CROSSED_RESTRICTED_ZONE,0.8984,380,222,C:\Users\sharm\CCTV-YOLO\IBVAP\backend\logs\snapshots\intrusion_0132.jpg
2026-09-11,03:15:06,3,3,bus,INTRUSION,CROSSED_RESTRICTED_ZONE,0.9106,381,223,C:\Users\sharm\CCTV-YOLO\IBVAP\backend\logs\snapshots\intrusion_0133.jpg
2026-09-11,03:15:07,3,3,bus,INTRUSION,CROSSED_RESTRICTED_ZONE,0.8948,381,224,C:\Users\sharm\CCTV-YOLO\IBVAP\backend\logs\snapshots\intrusion_0134.jpg
2026-09-11,03:15:08,3,3,bus,INTRUSION,CROSSED_RESTRICTED_ZONE,0.9070,382,224,C:\Users\sharm\CCTV-YOLO\IBVAP\backend\logs\snapshots\intrusion_0135.jpg
2026-09-11,03:15:09,3,3,bus,INTRUSION,CROSSED_RESTRICTED_ZONE,0.9038,382,225,C:\Users\sharm\CCTV-YOLO\IBVAP\backend\logs\snapshots\intrusion_0136.jpg
2026-09-11,03:15:09,3,3,bus,INTRUSION,CROSSED_RESTRICTED_ZONE,0.9075,382,225,C:\Users\sharm\CCTV-YOLO\IBVAP\backend\logs\snapshots\intrusion_0137.jpg
2026-09-11,03:15:10,3,3,bus,INTRUSION,CROSSED_RESTRICTED_ZONE,0.9152,382,225,C:\Users\sharm\CCTV-YOLO\IBVAP\backend\logs\snapshots\intrusion_0138.jpg
2026-09-11,03:15:11,210,1,person,SUSPICIOUS_ACTIVITY,ERRATIC MOVEMENT,1.0000,253,240,C:\Users\sharm\CCTV-YOLO\IBVAP\backend\logs\snapshots\suspicious_0034.jpg
2026-09-11,03:15:11,3,3,bus,INTRUSION,CROSSED_RESTRICTED_ZONE,0.9186,382,226,C:\Users\sharm\CCTV-YOLO\IBVAP\backend\logs\snapshots\intrusion_0139.jpg
2026-09-11,03:15:12,3,3,bus,INTRUSION,CROSSED_RESTRICTED_ZONE,0.9177,382,226,C:\Users\sharm\CCTV-YOLO\IBVAP\backend\logs\snapshots\intrusion_0140.jpg
2026-09-11,03:15:13,3,3,bus,INTRUSION,CROSSED_RESTRICTED_ZONE,0.9046,383,227,C:\Users\sharm\CCTV-YOLO\IBVAP\backend\logs\snapshots\intrusion_0141.jpg
2026-09-11,03:15:14,3,3,bus,INTRUSION,CROSSED_RESTRICTED_ZONE,0.9246,383,226,C:\Users\sharm\CCTV-YOLO\IBVAP\backend\logs\snapshots\intrusion_0142.jpg
2026-09-11,03:15:15,3,3,bus,INTRUSION,CROSSED_RESTRICTED_ZONE,0.9205,383,226,C:\Users\sharm\CCTV-YOLO\IBVAP\backend\logs\snapshots\intrusion_0143.jpg
2026-09-11,03:15:16,99,6,person,SUSPICIOUS_ACTIVITY,ERRATIC MOVEMENT | LOITERING,1.0000,198,334,C:\Users\sharm\CCTV-YOLO\IBVAP\backend\logs\snapshots\suspicious_0035.jpg
2026-09-11,03:15:16,3,3,bus,INTRUSION,CROSSED_RESTRICTED_ZONE,0.9134,383,226,C:\Users\sharm\CCTV-YOLO\IBVAP\backend\logs\snapshots\intrusion_0144.jpg
2026-09-11,03:15:18,3,3,bus,INTRUSION,CROSSED_RESTRICTED_ZONE,0.9101,383,226,C:\Users\sharm\CCTV-YOLO\IBVAP\backend\logs\snapshots\intrusion_0145.jpg
2026-09-11,03:15:19,3,3,bus,INTRUSION,CROSSED_RESTRICTED_ZONE,0.9224,383,226,C:\Users\sharm\CCTV-YOLO\IBVAP\backend\logs\snapshots\intrusion_0146.jpg
2026-09-11,03:15:21,3,3,bus,INTRUSION,CROSSED_RESTRICTED_ZONE,0.9153,383,227,C:\Users\sharm\CCTV-YOLO\IBVAP\backend\logs\snapshots\intrusion_0147.jpg
2026-09-11,03:15:22,3,3,bus,INTRUSION,CROSSED_RESTRICTED_ZONE,0.9049,383,226,C:\Users\sharm\CCTV-YOLO\IBVAP\backend\logs\snapshots\intrusion_0148.jpg
2026-09-11,03:15:23,3,3,bus,INTRUSION,CROSSED_RESTRICTED_ZONE,0.8850,383,226,C:\Users\sharm\CCTV-YOLO\IBVAP\backend\logs\snapshots\intrusion_0149.jpg
2026-09-11,03:15:24,3,3,bus,INTRUSION,CROSSED_RESTRICTED_ZONE,0.9014,384,226,C:\Users\sharm\CCTV-YOLO\IBVAP\backend\logs\snapshots\intrusion_0150.jpg
2026-09-11,03:15:25,3,3,bus,INTRUSION,CROSSED_RESTRICTED_ZONE,0.9084,384,226,C:\Users\sharm\CCTV-YOLO\IBVAP\backend\logs\snapshots\intrusion_0151.jpg
2026-09-11,03:15:25,3,3,bus,INTRUSION,CROSSED_RESTRICTED_ZONE,0.9157,384,227,C:\Users\sharm\CCTV-YOLO\IBVAP\backend\logs\snapshots\intrusion_0152.jpg
2026-09-11,03:15:26,99,6,person,SUSPICIOUS_ACTIVITY,ERRATIC MOVEMENT | LOITERING,1.0000,199,334,C:\Users\sharm\CCTV-YOLO\IBVAP\backend\logs\snapshots\suspicious_0036.jpg
2026-09-11,03:15:26,3,3,bus,INTRUSION,CROSSED_RESTRICTED_ZONE,0.9113,384,227,C:\Users\sharm\CCTV-YOLO\IBVAP\backend\logs\snapshots\intrusion_0153.jpg
2026-09-11,03:15:27,3,3,bus,INTRUSION,CROSSED_RESTRICTED_ZONE,0.9023,384,227,C:\Users\sharm\CCTV-YOLO\IBVAP\backend\logs\snapshots\intrusion_0154.jpg
2026-09-11,03:15:27,3,3,bus,INTRUSION,CROSSED_RESTRICTED_ZONE,0.8966,384,228,C:\Users\sharm\CCTV-YOLO\IBVAP\backend\logs\snapshots\intrusion_0155.jpg
2026-09-11,03:15:28,3,3,bus,INTRUSION,CROSSED_RESTRICTED_ZONE,0.8901,385,228,C:\Users\sharm\CCTV-YOLO\IBVAP\backend\logs\snapshots\intrusion_0156.jpg
2026-09-11,03:15:29,3,3,bus,INTRUSION,CROSSED_RESTRICTED_ZONE,0.8729,385,228,C:\Users\sharm\CCTV-YOLO\IBVAP\backend\logs\snapshots\intrusion_0157.jpg
2026-09-11,03:15:29,3,3,bus,INTRUSION,CROSSED_RESTRICTED_ZONE,0.8891,385,228,C:\Users\sharm\CCTV-YOLO\IBVAP\backend\logs\snapshots\intrusion_0158.jpg
2026-09-11,03:15:30,3,3,bus,INTRUSION,CROSSED_RESTRICTED_ZONE,0.8930,385,228,C:\Users\sharm\CCTV-YOLO\IBVAP\backend\logs\snapshots\intrusion_0159.jpg
2026-09-11,03:15:31,3,3,bus,INTRUSION,CROSSED_RESTRICTED_ZONE,0.8921,386,228,C:\Users\sharm\CCTV-YOLO\IBVAP\backend\logs\snapshots\intrusion_0160.jpg
2026-09-11,03:15:31,3,3,bus,INTRUSION,CROSSED_RESTRICTED_ZONE,0.9038,386,227,C:\Users\sharm\CCTV-YOLO\IBVAP\backend\logs\snapshots\intrusion_0161.jpg
2026-09-11,03:15:32,3,3,bus,INTRUSION,CROSSED_RESTRICTED_ZONE,0.8971,386,228,C:\Users\sharm\CCTV-YOLO\IBVAP\backend\logs\snapshots\intrusion_0162.jpg
2026-09-11,03:15:33,3,3,bus,INTRUSION,CROSSED_RESTRICTED_ZONE,0.9043,386,228,C:\Users\sharm\CCTV-YOLO\IBVAP\backend\logs\snapshots\intrusion_0163.jpg
2026-09-11,03:15:33,3,3,bus,INTRUSION,CROSSED_RESTRICTED_ZONE,0.8920,386,227,C:\Users\sharm\CCTV-YOLO\IBVAP\backend\logs\snapshots\intrusion_0164.jpg
2026-09-11,03:15:34,3,3,bus,INTRUSION,CROSSED_RESTRICTED_ZONE,0.8829,386,227,C:\Users\sharm\CCTV-YOLO\IBVAP\backend\logs\snapshots\intrusion_0165.jpg
2026-09-11,03:15:35,3,3,bus,INTRUSION,CROSSED_RESTRICTED_ZONE,0.8868,386,226,C:\Users\sharm\CCTV-YOLO\IBVAP\backend\logs\snapshots\intrusion_0166.jpg
2026-09-11,03:15:35,3,3,bus,INTRUSION,CROSSED_RESTRICTED_ZONE,0.9055,386,226,C:\Users\sharm\CCTV-YOLO\IBVAP\backend\logs\snapshots\intrusion_0167.jpg
2026-09-11,03:15:36,99,6,person,SUSPICIOUS_ACTIVITY,ERRATIC MOVEMENT | LOITERING,1.0000,258,334,C:\Users\sharm\CCTV-YOLO\IBVAP\backend\logs\snapshots\suspicious_0037.jpg
2026-09-11,03:15:36,3,3,bus,INTRUSION,CROSSED_RESTRICTED_ZONE,0.9130,386,226,C:\Users\sharm\CCTV-YOLO\IBVAP\backend\logs\snapshots\intrusion_0168.jpg
2026-09-11,03:15:37,3,3,bus,INTRUSION,CROSSED_RESTRICTED_ZONE,0.9188,386,227,C:\Users\sharm\CCTV-YOLO\IBVAP\backend\logs\snapshots\intrusion_0169.jpg
2026-09-11,03:15:37,3,3,bus,INTRUSION,CROSSED_RESTRICTED_ZONE,0.9137,386,227,C:\Users\sharm\CCTV-YOLO\IBVAP\backend\logs\snapshots\intrusion_0170.jpg
2026-09-11,03:15:38,3,3,bus,INTRUSION,CROSSED_RESTRICTED_ZONE,0.9165,387,227,C:\Users\sharm\CCTV-YOLO\IBVAP\backend\logs\snapshots\intrusion_0171.jpg
2026-09-11,03:15:39,221,4,person,SUSPICIOUS_ACTIVITY,ERRATIC MOVEMENT | LOITERING | RAPID MOVEMENT,1.0000,208,246,C:\Users\sharm\CCTV-YOLO\IBVAP\backend\logs\snapshots\suspicious_0038.jpg
2026-09-11,03:15:39,3,3,bus,INTRUSION,CROSSED_RESTRICTED_ZONE,0.9209,387,228,C:\Users\sharm\CCTV-YOLO\IBVAP\backend\logs\snapshots\intrusion_0172.jpg
2026-09-11,03:15:40,3,3,bus,INTRUSION,CROSSED_RESTRICTED_ZONE,0.9236,387,228,C:\Users\sharm\CCTV-YOLO\IBVAP\backend\logs\snapshots\intrusion_0173.jpg
2026-09-11,03:15:40,3,3,bus,INTRUSION,CROSSED_RESTRICTED_ZONE,0.9226,387,228,C:\Users\sharm\CCTV-YOLO\IBVAP\backend\logs\snapshots\intrusion_0174.jpg
2026-09-11,03:15:41,3,3,bus,INTRUSION,CROSSED_RESTRICTED_ZONE,0.9257,387,227,C:\Users\sharm\CCTV-YOLO\IBVAP\backend\logs\snapshots\intrusion_0175.jpg
2026-09-11,03:15:42,3,3,bus,INTRUSION,CROSSED_RESTRICTED_ZONE,0.9174,387,228,C:\Users\sharm\CCTV-YOLO\IBVAP\backend\logs\snapshots\intrusion_0176.jpg
2026-09-11,03:15:42,3,3,bus,INTRUSION,CROSSED_RESTRICTED_ZONE,0.9258,387,228,C:\Users\sharm\CCTV-YOLO\IBVAP\backend\logs\snapshots\intrusion_0177.jpg
2026-09-11,03:15:43,3,3,bus,INTRUSION,CROSSED_RESTRICTED_ZONE,0.9235,387,228,C:\Users\sharm\CCTV-YOLO\IBVAP\backend\logs\snapshots\intrusion_0178.jpg
2026-09-11,03:15:44,3,3,bus,INTRUSION,CROSSED_RESTRICTED_ZONE,0.9207,388,228,C:\Users\sharm\CCTV-YOLO\IBVAP\backend\logs\snapshots\intrusion_0179.jpg
2026-09-11,03:15:44,3,3,bus,INTRUSION,CROSSED_RESTRICTED_ZONE,0.9194,388,228,C:\Users\sharm\CCTV-YOLO\IBVAP\backend\logs\snapshots\intrusion_0180.jpg
2026-09-11,03:15:45,3,3,bus,INTRUSION,CROSSED_RESTRICTED_ZONE,0.9258,387,228,C:\Users\sharm\CCTV-YOLO\IBVAP\backend\logs\snapshots\intrusion_0181.jpg
2026-09-11,03:15:46,3,3,bus,INTRUSION,CROSSED_RESTRICTED_ZONE,0.9132,388,227,C:\Users\sharm\CCTV-YOLO\IBVAP\backend\logs\snapshots\intrusion_0182.jpg
2026-09-11,03:15:46,99,6,person,SUSPICIOUS_ACTIVITY,ERRATIC MOVEMENT | LOITERING,1.0000,276,334,C:\Users\sharm\CCTV-YOLO\IBVAP\backend\logs\snapshots\suspicious_0039.jpg
2026-09-11,03:15:46,3,3,bus,INTRUSION,CROSSED_RESTRICTED_ZONE,0.9060,388,226,C:\Users\sharm\CCTV-YOLO\IBVAP\backend\logs\snapshots\intrusion_0183.jpg
2026-09-11,03:15:47,3,3,bus,INTRUSION,CROSSED_RESTRICTED_ZONE,0.9047,388,226,C:\Users\sharm\CCTV-YOLO\IBVAP\backend\logs\snapshots\intrusion_0184.jpg
2026-09-11,03:15:47,3,3,bus,INTRUSION,CROSSED_RESTRICTED_ZONE,0.9159,388,225,C:\Users\sharm\CCTV-YOLO\IBVAP\backend\logs\snapshots\intrusion_0185.jpg
2026-09-11,03:15:48,3,3,bus,INTRUSION,CROSSED_RESTRICTED_ZONE,0.9176,388,225,C:\Users\sharm\CCTV-YOLO\IBVAP\backend\logs\snapshots\intrusion_0186.jpg
2026-09-11,03:15:49,228,1,person,SUSPICIOUS_ACTIVITY,ERRATIC MOVEMENT,1.0000,231,247,C:\Users\sharm\CCTV-YOLO\IBVAP\backend\logs\snapshots\suspicious_0040.jpg
2026-09-11,03:15:49,3,3,bus,INTRUSION,CROSSED_RESTRICTED_ZONE,0.9244,388,225,C:\Users\sharm\CCTV-YOLO\IBVAP\backend\logs\snapshots\intrusion_0187.jpg
2026-09-11,03:15:49,221,4,person,SUSPICIOUS_ACTIVITY,ERRATIC MOVEMENT | LOITERING,1.0000,205,243,C:\Users\sharm\CCTV-YOLO\IBVAP\backend\logs\snapshots\suspicious_0041.jpg
2026-09-11,03:15:49,3,3,bus,INTRUSION,CROSSED_RESTRICTED_ZONE,0.9163,388,225,C:\Users\sharm\CCTV-YOLO\IBVAP\backend\logs\snapshots\intrusion_0188.jpg
2026-09-11,03:15:50,3,3,bus,INTRUSION,CROSSED_RESTRICTED_ZONE,0.9173,388,225,C:\Users\sharm\CCTV-YOLO\IBVAP\backend\logs\snapshots\intrusion_0189.jpg
2026-09-11,03:15:50,3,3,bus,INTRUSION,CROSSED_RESTRICTED_ZONE,0.9153,389,225,C:\Users\sharm\CCTV-YOLO\IBVAP\backend\logs\snapshots\intrusion_0190.jpg
2026-09-11,03:15:51,3,3,bus,INTRUSION,CROSSED_RESTRICTED_ZONE,0.9008,389,224,C:\Users\sharm\CCTV-YOLO\IBVAP\backend\logs\snapshots\intrusion_0191.jpg
2026-09-11,03:15:52,3,3,bus,INTRUSION,CROSSED_RESTRICTED_ZONE,0.9062,389,224,C:\Users\sharm\CCTV-YOLO\IBVAP\backend\logs\snapshots\intrusion_0192.jpg
2026-09-11,03:15:52,3,3,bus,INTRUSION,CROSSED_RESTRICTED_ZONE,0.9139,389,224,C:\Users\sharm\CCTV-YOLO\IBVAP\backend\logs\snapshots\intrusion_0193.jpg
2026-09-11,03:15:53,3,3,bus,INTRUSION,CROSSED_RESTRICTED_ZONE,0.9209,389,224,C:\Users\sharm\CCTV-YOLO\IBVAP\backend\logs\snapshots\intrusion_0194.jpg
2026-09-11,03:15:53,3,3,bus,INTRUSION,CROSSED_RESTRICTED_ZONE,0.9141,389,225,C:\Users\sharm\CCTV-YOLO\IBVAP\backend\logs\snapshots\intrusion_0195.jpg
2026-09-11,03:15:54,3,3,bus,INTRUSION,CROSSED_RESTRICTED_ZONE,0.9148,389,225,C:\Users\sharm\CCTV-YOLO\IBVAP\backend\logs\snapshots\intrusion_0196.jpg
2026-09-11,03:15:55,3,3,bus,INTRUSION,CROSSED_RESTRICTED_ZONE,0.9201,389,226,C:\Users\sharm\CCTV-YOLO\IBVAP\backend\logs\snapshots\intrusion_0197.jpg
2026-09-11,03:15:55,3,3,bus,INTRUSION,CROSSED_RESTRICTED_ZONE,0.9150,390,227,C:\Users\sharm\CCTV-YOLO\IBVAP\backend\logs\snapshots\intrusion_0198.jpg
2026-09-11,03:15:56,3,3,bus,INTRUSION,CROSSED_RESTRICTED_ZONE,0.9241,390,227,C:\Users\sharm\CCTV-YOLO\IBVAP\backend\logs\snapshots\intrusion_0199.jpg
2026-09-11,03:15:56,99,6,person,SUSPICIOUS_ACTIVITY,ERRATIC MOVEMENT | LOITERING,1.0000,274,334,C:\Users\sharm\CCTV-YOLO\IBVAP\backend\logs\snapshots\suspicious_0042.jpg
2026-09-11,03:15:56,3,3,bus,INTRUSION,CROSSED_RESTRICTED_ZONE,0.9234,390,227,C:\Users\sharm\CCTV-YOLO\IBVAP\backend\logs\snapshots\intrusion_0200.jpg
2026-09-11,03:15:57,3,3,bus,INTRUSION,CROSSED_RESTRICTED_ZONE,0.9226,390,227,C:\Users\sharm\CCTV-YOLO\IBVAP\backend\logs\snapshots\intrusion_0201.jpg
2026-09-11,03:15:58,3,3,bus,INTRUSION,CROSSED_RESTRICTED_ZONE,0.9203,390,226,C:\Users\sharm\CCTV-YOLO\IBVAP\backend\logs\snapshots\intrusion_0202.jpg
2026-09-11,03:15:58,167,8,person,SUSPICIOUS_ACTIVITY,LOITERING,0.4167,14,385,C:\Users\sharm\CCTV-YOLO\IBVAP\backend\logs\snapshots\suspicious_0043.jpg
2026-09-11,03:15:58,3,3,bus,INTRUSION,CROSSED_RESTRICTED_ZONE,0.9251,390,226,C:\Users\sharm\CCTV-YOLO\IBVAP\backend\logs\snapshots\intrusion_0203.jpg
2026-09-11,03:15:59,228,1,person,SUSPICIOUS_ACTIVITY,ERRATIC MOVEMENT,1.0000,229,244,C:\Users\sharm\CCTV-YOLO\IBVAP\backend\logs\snapshots\suspicious_0044.jpg
2026-09-11,03:15:59,3,3,bus,INTRUSION,CROSSED_RESTRICTED_ZONE,0.9164,390,226,C:\Users\sharm\CCTV-YOLO\IBVAP\backend\logs\snapshots\intrusion_0204.jpg
2026-09-11,03:15:59,221,4,person,SUSPICIOUS_ACTIVITY,ERRATIC MOVEMENT | LOITERING,1.0000,200,244,C:\Users\sharm\CCTV-YOLO\IBVAP\backend\logs\snapshots\suspicious_0045.jpg
2026-09-11,03:15:59,3,3,bus,INTRUSION,CROSSED_RESTRICTED_ZONE,0.9060,391,228,C:\Users\sharm\CCTV-YOLO\IBVAP\backend\logs\snapshots\intrusion_0205.jpg
2026-09-11,03:16:00,3,3,bus,INTRUSION,CROSSED_RESTRICTED_ZONE,0.9052,391,228,C:\Users\sharm\CCTV-YOLO\IBVAP\backend\logs\snapshots\intrusion_0206.jpg
2026-09-11,03:16:01,3,3,bus,INTRUSION,CROSSED_RESTRICTED_ZONE,0.9145,387,229,C:\Users\sharm\CCTV-YOLO\IBVAP\backend\logs\snapshots\intrusion_0207.jpg
2026-09-11,03:16:01,3,3,bus,INTRUSION,CROSSED_RESTRICTED_ZONE,0.9104,386,229,C:\Users\sharm\CCTV-YOLO\IBVAP\backend\logs\snapshots\intrusion_0208.jpg
2026-09-11,03:24:54,1,1,person,INTRUSION,CROSSED_RESTRICTED_ZONE,0.8940,198,239,C:\Users\sharm\CCTV-YOLO\IBVAP\backend\logs\snapshots\intrusion_0001.jpg
2026-09-11,03:24:54,3,3,bus,INTRUSION,CROSSED_RESTRICTED_ZONE,0.7503,307,222,C:\Users\sharm\CCTV-YOLO\IBVAP\backend\logs\snapshots\intrusion_0002.jpg
2026-09-11,03:24:58,4,1,person,SUSPICIOUS_ACTIVITY,RAPID MOVEMENT,0.8333,198,239,C:\Users\sharm\CCTV-YOLO\IBVAP\backend\logs\snapshots\suspicious_0001.jpg
2026-09-11,03:25:08,1,1,person,SUSPICIOUS_ACTIVITY,RAPID MOVEMENT | ERRATIC MOVEMENT,1.0000,168,339,C:\Users\sharm\CCTV-YOLO\IBVAP\backend\logs\snapshots\suspicious_0002.jpg
2026-09-11,03:25:20,1,1,person,SUSPICIOUS_ACTIVITY,ERRATIC MOVEMENT | RAPID MOVEMENT,1.0000,192,337,C:\Users\sharm\CCTV-YOLO\IBVAP\backend\logs\snapshots\suspicious_0003.jpg
2026-09-11,03:25:30,1,1,person,SUSPICIOUS_ACTIVITY,ERRATIC MOVEMENT | RAPID MOVEMENT,1.0000,316,289,C:\Users\sharm\CCTV-YOLO\IBVAP\backend\logs\snapshots\suspicious_0004.jpg
2026-09-11,03:25:39,1,1,person,SUSPICIOUS_ACTIVITY,ERRATIC MOVEMENT | RAPID MOVEMENT,1.0000,107,331,C:\Users\sharm\CCTV-YOLO\IBVAP\backend\logs\snapshots\suspicious_0005.jpg
2026-09-11,03:25:42,60,4,person,INTRUSION,CROSSED_RESTRICTED_ZONE,0.4021,175,227,C:\Users\sharm\CCTV-YOLO\IBVAP\backend\logs\snapshots\intrusion_0003.jpg
2026-09-11,03:25:44,69,4,person,SUSPICIOUS_ACTIVITY,RAPID MOVEMENT,0.4167,174,226,C:\Users\sharm\CCTV-YOLO\IBVAP\backend\logs\snapshots\suspicious_0006.jpg
2026-09-11,03:25:47,92,6,person,INTRUSION,CROSSED_RESTRICTED_ZONE,0.3137,477,220,C:\Users\sharm\CCTV-YOLO\IBVAP\backend\logs\snapshots\intrusion_0004.jpg
2026-09-11,03:25:49,99,6,person,SUSPICIOUS_ACTIVITY,RAPID MOVEMENT,0.4167,368,297,C:\Users\sharm\CCTV-YOLO\IBVAP\backend\logs\snapshots\suspicious_0007.jpg
2026-09-11,03:25:49,4,1,person,SUSPICIOUS_ACTIVITY,ERRATIC MOVEMENT,1.0000,202,242,C:\Users\sharm\CCTV-YOLO\IBVAP\backend\logs\snapshots\suspicious_0008.jpg
2026-09-11,03:25:55,67,4,person,SUSPICIOUS_ACTIVITY,ERRATIC MOVEMENT | RAPID MOVEMENT,1.0000,164,234,C:\Users\sharm\CCTV-YOLO\IBVAP\backend\logs\snapshots\suspicious_0009.jpg
2026-09-11,03:25:59,99,6,person,SUSPICIOUS_ACTIVITY,ERRATIC MOVEMENT,1.0000,64,331,C:\Users\sharm\CCTV-YOLO\IBVAP\backend\logs\snapshots\suspicious_0010.jpg
2026-09-11,03:25:59,4,1,person,SUSPICIOUS_ACTIVITY,ERRATIC MOVEMENT | RAPID MOVEMENT,1.0000,238,235,C:\Users\sharm\CCTV-YOLO\IBVAP\backend\logs\snapshots\suspicious_0011.jpg
2026-09-11,03:26:00,3,3,bus,INTRUSION,CROSSED_RESTRICTED_ZONE,0.9429,331,223,C:\Users\sharm\CCTV-YOLO\IBVAP\backend\logs\snapshots\intrusion_0005.jpg
2026-09-11,03:26:00,3,3,bus,INTRUSION,CROSSED_RESTRICTED_ZONE,0.9427,334,223,C:\Users\sharm\CCTV-YOLO\IBVAP\backend\logs\snapshots\intrusion_0006.jpg
2026-09-11,03:26:01,3,3,bus,INTRUSION,CROSSED_RESTRICTED_ZONE,0.9543,338,225,C:\Users\sharm\CCTV-YOLO\IBVAP\backend\logs\snapshots\intrusion_0007.jpg
2026-09-11,03:26:01,3,3,bus,INTRUSION,CROSSED_RESTRICTED_ZONE,0.9500,340,225,C:\Users\sharm\CCTV-YOLO\IBVAP\backend\logs\snapshots\intrusion_0008.jpg
2026-09-11,03:26:02,3,3,bus,INTRUSION,CROSSED_RESTRICTED_ZONE,0.9472,343,225,C:\Users\sharm\CCTV-YOLO\IBVAP\backend\logs\snapshots\intrusion_0009.jpg
2026-09-11,03:26:03,3,3,bus,INTRUSION,CROSSED_RESTRICTED_ZONE,0.9484,345,224,C:\Users\sharm\CCTV-YOLO\IBVAP\backend\logs\snapshots\intrusion_0010.jpg
2026-09-11,03:26:03,3,3,bus,INTRUSION,CROSSED_RESTRICTED_ZONE,0.9506,347,223,C:\Users\sharm\CCTV-YOLO\IBVAP\backend\logs\snapshots\intrusion_0011.jpg
2026-09-11,03:26:04,3,3,bus,INTRUSION,CROSSED_RESTRICTED_ZONE,0.9517,349,224,C:\Users\sharm\CCTV-YOLO\IBVAP\backend\logs\snapshots\intrusion_0012.jpg
2026-09-11,03:26:05,3,3,bus,INTRUSION,CROSSED_RESTRICTED_ZONE,0.9068,352,223,C:\Users\sharm\CCTV-YOLO\IBVAP\backend\logs\snapshots\intrusion_0013.jpg
2026-09-11,03:26:05,3,3,bus,INTRUSION,CROSSED_RESTRICTED_ZONE,0.9490,356,223,C:\Users\sharm\CCTV-YOLO\IBVAP\backend\logs\snapshots\intrusion_0014.jpg
2026-09-11,03:26:06,3,3,bus,INTRUSION,CROSSED_RESTRICTED_ZONE,0.9266,360,225,C:\Users\sharm\CCTV-YOLO\IBVAP\backend\logs\snapshots\intrusion_0015.jpg
2026-09-11,03:26:07,3,3,bus,INTRUSION,CROSSED_RESTRICTED_ZONE,0.9349,362,226,C:\Users\sharm\CCTV-YOLO\IBVAP\backend\logs\snapshots\intrusion_0016.jpg
2026-09-11,03:26:08,3,3,bus,INTRUSION,CROSSED_RESTRICTED_ZONE,0.9292,364,226,C:\Users\sharm\CCTV-YOLO\IBVAP\backend\logs\snapshots\intrusion_0017.jpg
2026-09-11,03:26:08,3,3,bus,INTRUSION,CROSSED_RESTRICTED_ZONE,0.9212,365,225,C:\Users\sharm\CCTV-YOLO\IBVAP\backend\logs\snapshots\intrusion_0018.jpg
2026-09-11,03:26:09,99,6,person,SUSPICIOUS_ACTIVITY,ERRATIC MOVEMENT | RAPID MOVEMENT,1.0000,254,335,C:\Users\sharm\CCTV-YOLO\IBVAP\backend\logs\snapshots\suspicious_0012.jpg
2026-09-11,03:26:09,3,3,bus,INTRUSION,CROSSED_RESTRICTED_ZONE,0.9321,366,225,C:\Users\sharm\CCTV-YOLO\IBVAP\backend\logs\snapshots\intrusion_0019.jpg
2026-09-11,03:26:10,3,3,bus,INTRUSION,CROSSED_RESTRICTED_ZONE,0.9416,367,225,C:\Users\sharm\CCTV-YOLO\IBVAP\backend\logs\snapshots\intrusion_0020.jpg
2026-09-11,03:26:10,3,3,bus,INTRUSION,CROSSED_RESTRICTED_ZONE,0.9402,367,225,C:\Users\sharm\CCTV-YOLO\IBVAP\backend\logs\snapshots\intrusion_0021.jpg
2026-09-11,03:26:11,3,3,bus,INTRUSION,CROSSED_RESTRICTED_ZONE,0.9373,366,225,C:\Users\sharm\CCTV-YOLO\IBVAP\backend\logs\snapshots\intrusion_0022.jpg
2026-09-11,03:26:12,3,3,bus,INTRUSION,CROSSED_RESTRICTED_ZONE,0.9371,366,224,C:\Users\sharm\CCTV-YOLO\IBVAP\backend\logs\snapshots\intrusion_0023.jpg
2026-09-11,03:26:12,3,3,bus,INTRUSION,CROSSED_RESTRICTED_ZONE,0.9424,366,224,C:\Users\sharm\CCTV-YOLO\IBVAP\backend\logs\snapshots\intrusion_0024.jpg
2026-09-11,03:26:13,3,3,bus,INTRUSION,CROSSED_RESTRICTED_ZONE,0.9357,366,224,C:\Users\sharm\CCTV-YOLO\IBVAP\backend\logs\snapshots\intrusion_0025.jpg
2026-09-11,03:26:14,3,3,bus,INTRUSION,CROSSED_RESTRICTED_ZONE,0.8880,366,224,C:\Users\sharm\CCTV-YOLO\IBVAP\backend\logs\snapshots\intrusion_0026.jpg
2026-09-11,03:26:14,3,3,bus,INTRUSION,CROSSED_RESTRICTED_ZONE,0.9409,366,224,C:\Users\sharm\CCTV-YOLO\IBVAP\backend\logs\snapshots\intrusion_0027.jpg
2026-09-11,03:26:15,3,3,bus,INTRUSION,CROSSED_RESTRICTED_ZONE,0.9402,366,224,C:\Users\sharm\CCTV-YOLO\IBVAP\backend\logs\snapshots\intrusion_0028.jpg
2026-09-11,03:26:16,3,3,bus,INTRUSION,CROSSED_RESTRICTED_ZONE,0.9403,366,224,C:\Users\sharm\CCTV-YOLO\IBVAP\backend\logs\snapshots\intrusion_0029.jpg
2026-09-11,03:26:16,3,3,bus,INTRUSION,CROSSED_RESTRICTED_ZONE,0.9258,366,224,C:\Users\sharm\CCTV-YOLO\IBVAP\backend\logs\snapshots\intrusion_0030.jpg
2026-09-11,03:26:17,3,3,bus,INTRUSION,CROSSED_RESTRICTED_ZONE,0.9380,366,224,C:\Users\sharm\CCTV-YOLO\IBVAP\backend\logs\snapshots\intrusion_0031.jpg
2026-09-11,03:26:18,3,3,bus,INTRUSION,CROSSED_RESTRICTED_ZONE,0.9345,366,224,C:\Users\sharm\CCTV-YOLO\IBVAP\backend\logs\snapshots\intrusion_0032.jpg
2026-09-11,03:26:18,3,3,bus,INTRUSION,CROSSED_RESTRICTED_ZONE,0.9344,366,224,C:\Users\sharm\CCTV-YOLO\IBVAP\backend\logs\snapshots\intrusion_0033.jpg
2026-09-11,03:26:19,3,3,bus,INTRUSION,CROSSED_RESTRICTED_ZONE,0.9371,366,224,C:\Users\sharm\CCTV-YOLO\IBVAP\backend\logs\snapshots\intrusion_0034.jpg
2026-09-11,03:26:20,99,6,person,SUSPICIOUS_ACTIVITY,ERRATIC MOVEMENT,1.0000,242,335,C:\Users\sharm\CCTV-YOLO\IBVAP\backend\logs\snapshots\suspicious_0013.jpg
2026-09-11,03:26:20,3,3,bus,INTRUSION,CROSSED_RESTRICTED_ZONE,0.9408,366,224,C:\Users\sharm\CCTV-YOLO\IBVAP\backend\logs\snapshots\intrusion_0035.jpg
2026-09-11,03:26:20,3,3,bus,INTRUSION,CROSSED_RESTRICTED_ZONE,0.9413,366,224,C:\Users\sharm\CCTV-YOLO\IBVAP\backend\logs\snapshots\intrusion_0036.jpg
2026-09-11,03:26:21,3,3,bus,INTRUSION,CROSSED_RESTRICTED_ZONE,0.9162,366,224,C:\Users\sharm\CCTV-YOLO\IBVAP\backend\logs\snapshots\intrusion_0037.jpg
2026-09-11,03:26:22,3,3,bus,INTRUSION,CROSSED_RESTRICTED_ZONE,0.9041,366,224,C:\Users\sharm\CCTV-YOLO\IBVAP\backend\logs\snapshots\intrusion_0038.jpg
2026-09-11,03:26:23,3,3,bus,INTRUSION,CROSSED_RESTRICTED_ZONE,0.9500,367,224,C:\Users\sharm\CCTV-YOLO\IBVAP\backend\logs\snapshots\intrusion_0039.jpg
2026-09-11,03:26:23,3,3,bus,INTRUSION,CROSSED_RESTRICTED_ZONE,0.9304,367,224,C:\Users\sharm\CCTV-YOLO\IBVAP\backend\logs\snapshots\intrusion_0040.jpg
2026-09-11,03:26:24,3,3,bus,INTRUSION,CROSSED_RESTRICTED_ZONE,0.9323,367,224,C:\Users\sharm\CCTV-YOLO\IBVAP\backend\logs\snapshots\intrusion_0041.jpg
2026-09-11,03:26:25,3,3,bus,INTRUSION,CROSSED_RESTRICTED_ZONE,0.9331,367,224,C:\Users\sharm\CCTV-YOLO\IBVAP\backend\logs\snapshots\intrusion_0042.jpg
2026-09-11,03:26:25,3,3,bus,INTRUSION,CROSSED_RESTRICTED_ZONE,0.9385,367,225,C:\Users\sharm\CCTV-YOLO\IBVAP\backend\logs\snapshots\intrusion_0043.jpg
2026-09-11,03:26:26,3,3,bus,INTRUSION,CROSSED_RESTRICTED_ZONE,0.9335,367,224,C:\Users\sharm\CCTV-YOLO\IBVAP\backend\logs\snapshots\intrusion_0044.jpg
2026-09-11,03:26:27,3,3,bus,INTRUSION,CROSSED_RESTRICTED_ZONE,0.9272,367,224,C:\Users\sharm\CCTV-YOLO\IBVAP\backend\logs\snapshots\intrusion_0045.jpg
2026-09-11,03:26:27,3,3,bus,INTRUSION,CROSSED_RESTRICTED_ZONE,0.9260,367,225,C:\Users\sharm\CCTV-YOLO\IBVAP\backend\logs\snapshots\intrusion_0046.jpg
2026-09-11,03:26:28,3,3,bus,INTRUSION,CROSSED_RESTRICTED_ZONE,0.9239,367,225,C:\Users\sharm\CCTV-YOLO\IBVAP\backend\logs\snapshots\intrusion_0047.jpg
2026-09-11,03:26:29,3,3,bus,INTRUSION,CROSSED_RESTRICTED_ZONE,0.9321,367,226,C:\Users\sharm\CCTV-YOLO\IBVAP\backend\logs\snapshots\intrusion_0048.jpg
2026-09-11,03:26:29,3,3,bus,INTRUSION,CROSSED_RESTRICTED_ZONE,0.9303,366,225,C:\Users\sharm\CCTV-YOLO\IBVAP\backend\logs\snapshots\intrusion_0049.jpg
2026-09-11,03:26:30,99,6,person,SUSPICIOUS_ACTIVITY,ERRATIC MOVEMENT,1.0000,194,335,C:\Users\sharm\CCTV-YOLO\IBVAP\backend\logs\snapshots\suspicious_0014.jpg
2026-09-11,03:26:30,3,3,bus,INTRUSION,CROSSED_RESTRICTED_ZONE,0.9344,367,224,C:\Users\sharm\CCTV-YOLO\IBVAP\backend\logs\snapshots\intrusion_0050.jpg
2026-09-11,03:26:31,3,3,bus,INTRUSION,CROSSED_RESTRICTED_ZONE,0.9324,366,224,C:\Users\sharm\CCTV-YOLO\IBVAP\backend\logs\snapshots\intrusion_0051.jpg
2026-09-11,03:26:32,3,3,bus,INTRUSION,CROSSED_RESTRICTED_ZONE,0.9354,367,224,C:\Users\sharm\CCTV-YOLO\IBVAP\backend\logs\snapshots\intrusion_0052.jpg
2026-09-11,03:26:33,3,3,bus,INTRUSION,CROSSED_RESTRICTED_ZONE,0.9232,368,223,C:\Users\sharm\CCTV-YOLO\IBVAP\backend\logs\snapshots\intrusion_0053.jpg
2026-09-11,03:26:34,3,3,bus,INTRUSION,CROSSED_RESTRICTED_ZONE,0.9262,368,223,C:\Users\sharm\CCTV-YOLO\IBVAP\backend\logs\snapshots\intrusion_0054.jpg
2026-09-11,03:26:34,3,3,bus,INTRUSION,CROSSED_RESTRICTED_ZONE,0.8815,368,223,C:\Users\sharm\CCTV-YOLO\IBVAP\backend\logs\snapshots\intrusion_0055.jpg
2026-09-11,03:26:35,171,1,person,SUSPICIOUS_ACTIVITY,ERRATIC MOVEMENT | RAPID MOVEMENT,1.0000,268,238,C:\Users\sharm\CCTV-YOLO\IBVAP\backend\logs\snapshots\suspicious_0015.jpg
2026-09-11,03:26:36,3,3,bus,INTRUSION,CROSSED_RESTRICTED_ZONE,0.9432,368,228,C:\Users\sharm\CCTV-YOLO\IBVAP\backend\logs\snapshots\intrusion_0056.jpg
2026-09-11,03:26:37,178,4,person,SUSPICIOUS_ACTIVITY,ERRATIC MOVEMENT | LOITERING | RAPID MOVEMENT,1.0000,227,239,C:\Users\sharm\CCTV-YOLO\IBVAP\backend\logs\snapshots\suspicious_0016.jpg
2026-09-11,03:26:37,3,3,bus,INTRUSION,CROSSED_RESTRICTED_ZONE,0.9461,368,228,C:\Users\sharm\CCTV-YOLO\IBVAP\backend\logs\snapshots\intrusion_0057.jpg
2026-09-11,03:26:37,3,3,bus,INTRUSION,CROSSED_RESTRICTED_ZONE,0.9447,368,228,C:\Users\sharm\CCTV-YOLO\IBVAP\backend\logs\snapshots\intrusion_0058.jpg
2026-09-11,03:26:38,3,3,bus,INTRUSION,CROSSED_RESTRICTED_ZONE,0.9474,368,226,C:\Users\sharm\CCTV-YOLO\IBVAP\backend\logs\snapshots\intrusion_0059.jpg
2026-09-11,03:26:39,3,3,bus,INTRUSION,CROSSED_RESTRICTED_ZONE,0.9453,369,225,C:\Users\sharm\CCTV-YOLO\IBVAP\backend\logs\snapshots\intrusion_0060.jpg
2026-09-11,03:26:39,3,3,bus,INTRUSION,CROSSED_RESTRICTED_ZONE,0.9468,368,226,C:\Users\sharm\CCTV-YOLO\IBVAP\backend\logs\snapshots\intrusion_0061.jpg
2026-09-11,03:26:40,3,3,bus,INTRUSION,CROSSED_RESTRICTED_ZONE,0.9446,368,225,C:\Users\sharm\CCTV-YOLO\IBVAP\backend\logs\snapshots\intrusion_0062.jpg
2026-09-11,03:26:41,99,6,person,SUSPICIOUS_ACTIVITY,ERRATIC MOVEMENT,1.0000,195,377,C:\Users\sharm\CCTV-YOLO\IBVAP\backend\logs\snapshots\suspicious_0017.jpg
2026-09-11,03:26:41,3,3,bus,INTRUSION,CROSSED_RESTRICTED_ZONE,0.9468,368,226,C:\Users\sharm\CCTV-YOLO\IBVAP\backend\logs\snapshots\intrusion_0063.jpg
2026-09-11,03:26:41,3,3,bus,INTRUSION,CROSSED_RESTRICTED_ZONE,0.9402,368,225,C:\Users\sharm\CCTV-YOLO\IBVAP\backend\logs\snapshots\intrusion_0064.jpg
2026-09-11,03:26:42,3,3,bus,INTRUSION,CROSSED_RESTRICTED_ZONE,0.9433,368,226,C:\Users\sharm\CCTV-YOLO\IBVAP\backend\logs\snapshots\intrusion_0065.jpg
2026-09-11,03:26:43,3,3,bus,INTRUSION,CROSSED_RESTRICTED_ZONE,0.9431,368,225,C:\Users\sharm\CCTV-YOLO\IBVAP\backend\logs\snapshots\intrusion_0066.jpg
2026-09-11,03:26:43,3,3,bus,INTRUSION,CROSSED_RESTRICTED_ZONE,0.9445,368,225,C:\Users\sharm\CCTV-YOLO\IBVAP\backend\logs\snapshots\intrusion_0067.jpg
2026-09-11,03:26:44,3,3,bus,INTRUSION,CROSSED_RESTRICTED_ZONE,0.9471,368,224,C:\Users\sharm\CCTV-YOLO\IBVAP\backend\logs\snapshots\intrusion_0068.jpg
2026-09-11,03:26:45,3,3,bus,INTRUSION,CROSSED_RESTRICTED_ZONE,0.9458,369,224,C:\Users\sharm\CCTV-YOLO\IBVAP\backend\logs\snapshots\intrusion_0069.jpg
2026-09-11,03:26:45,3,3,bus,INTRUSION,CROSSED_RESTRICTED_ZONE,0.9442,369,224,C:\Users\sharm\CCTV-YOLO\IBVAP\backend\logs\snapshots\intrusion_0070.jpg
2026-09-11,03:26:46,3,3,bus,INTRUSION,CROSSED_RESTRICTED_ZONE,0.9460,369,224,C:\Users\sharm\CCTV-YOLO\IBVAP\backend\logs\snapshots\intrusion_0071.jpg
2026-09-11,03:26:47,178,4,person,SUSPICIOUS_ACTIVITY,ERRATIC MOVEMENT | LOITERING | RAPID MOVEMENT,1.0000,225,240,C:\Users\sharm\CCTV-YOLO\IBVAP\backend\logs\snapshots\suspicious_0018.jpg
2026-09-11,03:26:47,3,3,bus,INTRUSION,CROSSED_RESTRICTED_ZONE,0.9395,369,224,C:\Users\sharm\CCTV-YOLO\IBVAP\backend\logs\snapshots\intrusion_0072.jpg
2026-09-11,03:26:47,3,3,bus,INTRUSION,CROSSED_RESTRICTED_ZONE,0.9430,369,224,C:\Users\sharm\CCTV-YOLO\IBVAP\backend\logs\snapshots\intrusion_0073.jpg
2026-09-11,03:26:48,3,3,bus,INTRUSION,CROSSED_RESTRICTED_ZONE,0.9383,369,224,C:\Users\sharm\CCTV-YOLO\IBVAP\backend\logs\snapshots\intrusion_0074.jpg
2026-09-11,03:26:49,3,3,bus,INTRUSION,CROSSED_RESTRICTED_ZONE,0.9373,369,224,C:\Users\sharm\CCTV-YOLO\IBVAP\backend\logs\snapshots\intrusion_0075.jpg
2026-09-11,03:26:49,3,3,bus,INTRUSION,CROSSED_RESTRICTED_ZONE,0.9465,370,224,C:\Users\sharm\CCTV-YOLO\IBVAP\backend\logs\snapshots\intrusion_0076.jpg
2026-09-11,03:26:50,3,3,bus,INTRUSION,CROSSED_RESTRICTED_ZONE,0.9484,370,224,C:\Users\sharm\CCTV-YOLO\IBVAP\backend\logs\snapshots\intrusion_0077.jpg
2026-09-11,03:26:51,3,3,bus,INTRUSION,CROSSED_RESTRICTED_ZONE,0.9491,370,224,C:\Users\sharm\CCTV-YOLO\IBVAP\backend\logs\snapshots\intrusion_0078.jpg
2026-09-11,03:26:51,99,6,person,SUSPICIOUS_ACTIVITY,ERRATIC MOVEMENT,1.0000,192,407,C:\Users\sharm\CCTV-YOLO\IBVAP\backend\logs\snapshots\suspicious_0019.jpg
2026-09-11,03:26:51,3,3,bus,INTRUSION,CROSSED_RESTRICTED_ZONE,0.9431,370,224,C:\Users\sharm\CCTV-YOLO\IBVAP\backend\logs\snapshots\intrusion_0079.jpg
2026-09-11,03:26:52,3,3,bus,INTRUSION,CROSSED_RESTRICTED_ZONE,0.9494,370,224,C:\Users\sharm\CCTV-YOLO\IBVAP\backend\logs\snapshots\intrusion_0080.jpg
2026-09-11,03:26:53,3,3,bus,INTRUSION,CROSSED_RESTRICTED_ZONE,0.9527,371,224,C:\Users\sharm\CCTV-YOLO\IBVAP\backend\logs\snapshots\intrusion_0081.jpg
2026-09-11,03:26:53,3,3,bus,INTRUSION,CROSSED_RESTRICTED_ZONE,0.9410,371,225,C:\Users\sharm\CCTV-YOLO\IBVAP\backend\logs\snapshots\intrusion_0082.jpg
2026-09-11,03:26:54,3,3,bus,INTRUSION,CROSSED_RESTRICTED_ZONE,0.9383,371,225,C:\Users\sharm\CCTV-YOLO\IBVAP\backend\logs\snapshots\intrusion_0083.jpg
2026-09-11,03:26:55,3,3,bus,INTRUSION,CROSSED_RESTRICTED_ZONE,0.9345,371,225,C:\Users\sharm\CCTV-YOLO\IBVAP\backend\logs\snapshots\intrusion_0084.jpg
2026-09-11,03:26:55,3,3,bus,INTRUSION,CROSSED_RESTRICTED_ZONE,0.9326,372,225,C:\Users\sharm\CCTV-YOLO\IBVAP\backend\logs\snapshots\intrusion_0085.jpg
2026-09-11,03:26:56,3,3,bus,INTRUSION,CROSSED_RESTRICTED_ZONE,0.9402,372,225,C:\Users\sharm\CCTV-YOLO\IBVAP\backend\logs\snapshots\intrusion_0086.jpg
2026-09-11,03:26:57,178,4,person,SUSPICIOUS_ACTIVITY,ERRATIC MOVEMENT | LOITERING | RAPID MOVEMENT,1.0000,226,240,C:\Users\sharm\CCTV-YOLO\IBVAP\backend\logs\snapshots\suspicious_0020.jpg
2026-09-11,03:26:57,3,3,bus,INTRUSION,CROSSED_RESTRICTED_ZONE,0.9318,372,224,C:\Users\sharm\CCTV-YOLO\IBVAP\backend\logs\snapshots\intrusion_0087.jpg
2026-09-11,03:26:57,3,3,bus,INTRUSION,CROSSED_RESTRICTED_ZONE,0.9334,372,225,C:\Users\sharm\CCTV-YOLO\IBVAP\backend\logs\snapshots\intrusion_0088.jpg
2026-09-11,03:26:58,3,3,bus,INTRUSION,CROSSED_RESTRICTED_ZONE,0.9364,372,225,C:\Users\sharm\CCTV-YOLO\IBVAP\backend\logs\snapshots\intrusion_0089.jpg
2026-09-11,03:26:59,3,3,bus,INTRUSION,CROSSED_RESTRICTED_ZONE,0.9186,372,225,C:\Users\sharm\CCTV-YOLO\IBVAP\backend\logs\snapshots\intrusion_0090.jpg
2026-09-11,03:26:59,3,3,bus,INTRUSION,CROSSED_RESTRICTED_ZONE,0.9358,372,225,C:\Users\sharm\CCTV-YOLO\IBVAP\backend\logs\snapshots\intrusion_0091.jpg
2026-09-11,03:27:00,3,3,bus,INTRUSION,CROSSED_RESTRICTED_ZONE,0.9293,372,225,C:\Users\sharm\CCTV-YOLO\IBVAP\backend\logs\snapshots\intrusion_0092.jpg
2026-09-11,03:27:01,3,3,bus,INTRUSION,CROSSED_RESTRICTED_ZONE,0.9154,373,226,C:\Users\sharm\CCTV-YOLO\IBVAP\backend\logs\snapshots\intrusion_0093.jpg
2026-09-11,03:27:01,99,6,person,SUSPICIOUS_ACTIVITY,ERRATIC MOVEMENT,1.0000,197,384,C:\Users\sharm\CCTV-YOLO\IBVAP\backend\logs\snapshots\suspicious_0021.jpg
2026-09-11,03:27:02,3,3,bus,INTRUSION,CROSSED_RESTRICTED_ZONE,0.9077,373,225,C:\Users\sharm\CCTV-YOLO\IBVAP\backend\logs\snapshots\intrusion_0094.jpg
2026-09-11,03:27:02,3,3,bus,INTRUSION,CROSSED_RESTRICTED_ZONE,0.8875,373,225,C:\Users\sharm\CCTV-YOLO\IBVAP\backend\logs\snapshots\intrusion_0095.jpg
2026-09-11,03:27:03,3,3,bus,INTRUSION,CROSSED_RESTRICTED_ZONE,0.9029,373,226,C:\Users\sharm\CCTV-YOLO\IBVAP\backend\logs\snapshots\intrusion_0096.jpg
2026-09-11,03:27:04,3,3,bus,INTRUSION,CROSSED_RESTRICTED_ZONE,0.8480,373,226,C:\Users\sharm\CCTV-YOLO\IBVAP\backend\logs\snapshots\intrusion_0097.jpg
2026-09-11,03:27:04,3,3,bus,INTRUSION,CROSSED_RESTRICTED_ZONE,0.8612,373,227,C:\Users\sharm\CCTV-YOLO\IBVAP\backend\logs\snapshots\intrusion_0098.jpg
2026-09-11,03:27:05,3,3,bus,INTRUSION,CROSSED_RESTRICTED_ZONE,0.8990,373,227,C:\Users\sharm\CCTV-YOLO\IBVAP\backend\logs\snapshots\intrusion_0099.jpg
2026-09-11,03:27:06,3,3,bus,INTRUSION,CROSSED_RESTRICTED_ZONE,0.9043,373,227,C:\Users\sharm\CCTV-YOLO\IBVAP\backend\logs\snapshots\intrusion_0100.jpg
2026-09-11,03:27:06,3,3,bus,INTRUSION,CROSSED_RESTRICTED_ZONE,0.9219,374,227,C:\Users\sharm\CCTV-YOLO\IBVAP\backend\logs\snapshots\intrusion_0101.jpg
2026-09-11,03:27:07,178,4,person,SUSPICIOUS_ACTIVITY,ERRATIC MOVEMENT | LOITERING | RAPID MOVEMENT,1.0000,224,239,C:\Users\sharm\CCTV-YOLO\IBVAP\backend\logs\snapshots\suspicious_0022.jpg
2026-09-11,03:27:07,3,3,bus,INTRUSION,CROSSED_RESTRICTED_ZONE,0.9251,374,227,C:\Users\sharm\CCTV-YOLO\IBVAP\backend\logs\snapshots\intrusion_0102.jpg
2026-09-11,03:27:08,207,9,person,SUSPICIOUS_ACTIVITY,RAPID MOVEMENT,0.5556,697,198,C:\Users\sharm\CCTV-YOLO\IBVAP\backend\logs\snapshots\suspicious_0023.jpg
2026-09-11,03:27:08,3,3,bus,INTRUSION,CROSSED_RESTRICTED_ZONE,0.9277,374,226,C:\Users\sharm\CCTV-YOLO\IBVAP\backend\logs\snapshots\intrusion_0103.jpg
2026-09-11,03:27:08,3,3,bus,INTRUSION,CROSSED_RESTRICTED_ZONE,0.9304,374,226,C:\Users\sharm\CCTV-YOLO\IBVAP\backend\logs\snapshots\intrusion_0104.jpg
2026-09-11,03:27:09,3,3,bus,INTRUSION,CROSSED_RESTRICTED_ZONE,0.9345,374,227,C:\Users\sharm\CCTV-YOLO\IBVAP\backend\logs\snapshots\intrusion_0105.jpg
2026-09-11,03:27:10,3,3,bus,INTRUSION,CROSSED_RESTRICTED_ZONE,0.9403,375,227,C:\Users\sharm\CCTV-YOLO\IBVAP\backend\logs\snapshots\intrusion_0106.jpg
2026-09-11,03:27:10,210,1,person,SUSPICIOUS_ACTIVITY,ERRATIC MOVEMENT | RAPID MOVEMENT,1.0000,257,240,C:\Users\sharm\CCTV-YOLO\IBVAP\backend\logs\snapshots\suspicious_0024.jpg
2026-09-11,03:27:10,3,3,bus,INTRUSION,CROSSED_RESTRICTED_ZONE,0.9304,375,227,C:\Users\sharm\CCTV-YOLO\IBVAP\backend\logs\snapshots\intrusion_0107.jpg
2026-09-11,03:27:11,3,3,bus,INTRUSION,CROSSED_RESTRICTED_ZONE,0.9350,375,228,C:\Users\sharm\CCTV-YOLO\IBVAP\backend\logs\snapshots\intrusion_0108.jpg
2026-09-11,03:27:12,99,6,person,SUSPICIOUS_ACTIVITY,ERRATIC MOVEMENT | LOITERING,1.0000,190,335,C:\Users\sharm\CCTV-YOLO\IBVAP\backend\logs\snapshots\suspicious_0025.jpg
2026-09-11,03:27:12,3,3,bus,INTRUSION,CROSSED_RESTRICTED_ZONE,0.9400,375,227,C:\Users\sharm\CCTV-YOLO\IBVAP\backend\logs\snapshots\intrusion_0109.jpg
2026-09-11,03:27:12,3,3,bus,INTRUSION,CROSSED_RESTRICTED_ZONE,0.9409,375,227,C:\Users\sharm\CCTV-YOLO\IBVAP\backend\logs\snapshots\intrusion_0110.jpg
2026-09-11,03:27:13,3,3,bus,INTRUSION,CROSSED_RESTRICTED_ZONE,0.9368,376,227,C:\Users\sharm\CCTV-YOLO\IBVAP\backend\logs\snapshots\intrusion_0111.jpg
2026-09-11,03:27:14,3,3,bus,INTRUSION,CROSSED_RESTRICTED_ZONE,0.9439,377,227,C:\Users\sharm\CCTV-YOLO\IBVAP\backend\logs\snapshots\intrusion_0112.jpg
2026-09-11,03:27:14,3,3,bus,INTRUSION,CROSSED_RESTRICTED_ZONE,0.9435,377,227,C:\Users\sharm\CCTV-YOLO\IBVAP\backend\logs\snapshots\intrusion_0113.jpg
2026-09-11,03:27:15,3,3,bus,INTRUSION,CROSSED_RESTRICTED_ZONE,0.9224,377,226,C:\Users\sharm\CCTV-YOLO\IBVAP\backend\logs\snapshots\intrusion_0114.jpg
2026-09-11,03:27:15,3,3,bus,INTRUSION,CROSSED_RESTRICTED_ZONE,0.9245,377,226,C:\Users\sharm\CCTV-YOLO\IBVAP\backend\logs\snapshots\intrusion_0115.jpg
2026-09-11,03:27:16,3,3,bus,INTRUSION,CROSSED_RESTRICTED_ZONE,0.9267,376,226,C:\Users\sharm\CCTV-YOLO\IBVAP\backend\logs\snapshots\intrusion_0116.jpg
2026-09-11,03:27:17,3,3,bus,INTRUSION,CROSSED_RESTRICTED_ZONE,0.9261,376,225,C:\Users\sharm\CCTV-YOLO\IBVAP\backend\logs\snapshots\intrusion_0117.jpg
2026-09-11,03:27:17,3,3,bus,INTRUSION,CROSSED_RESTRICTED_ZONE,0.9374,377,225,C:\Users\sharm\CCTV-YOLO\IBVAP\backend\logs\snapshots\intrusion_0118.jpg
2026-09-11,03:27:18,207,9,person,SUSPICIOUS_ACTIVITY,RAPID MOVEMENT,0.6667,740,199,C:\Users\sharm\CCTV-YOLO\IBVAP\backend\logs\snapshots\suspicious_0026.jpg
2026-09-11,03:27:18,3,3,bus,INTRUSION,CROSSED_RESTRICTED_ZONE,0.9332,378,225,C:\Users\sharm\CCTV-YOLO\IBVAP\backend\logs\snapshots\intrusion_0119.jpg
2026-09-11,03:27:19,3,3,bus,INTRUSION,CROSSED_RESTRICTED_ZONE,0.9357,378,224,C:\Users\sharm\CCTV-YOLO\IBVAP\backend\logs\snapshots\intrusion_0120.jpg
2026-09-11,03:27:19,3,3,bus,INTRUSION,CROSSED_RESTRICTED_ZONE,0.9390,378,225,C:\Users\sharm\CCTV-YOLO\IBVAP\backend\logs\snapshots\intrusion_0121.jpg
2026-09-11,03:27:20,3,3,bus,INTRUSION,CROSSED_RESTRICTED_ZONE,0.9378,378,226,C:\Users\sharm\CCTV-YOLO\IBVAP\backend\logs\snapshots\intrusion_0122.jpg
2026-09-11,03:27:21,210,1,person,SUSPICIOUS_ACTIVITY,ERRATIC MOVEMENT,1.0000,252,241,C:\Users\sharm\CCTV-YOLO\IBVAP\backend\logs\snapshots\suspicious_0027.jpg
2026-09-11,03:27:21,3,3,bus,INTRUSION,CROSSED_RESTRICTED_ZONE,0.9256,378,225,C:\Users\sharm\CCTV-YOLO\IBVAP\backend\logs\snapshots\intrusion_0123.jpg
2026-09-11,03:27:21,3,3,bus,INTRUSION,CROSSED_RESTRICTED_ZONE,0.9194,379,225,C:\Users\sharm\CCTV-YOLO\IBVAP\backend\logs\snapshots\intrusion_0124.jpg
2026-09-11,03:27:22,99,6,person,SUSPICIOUS_ACTIVITY,ERRATIC MOVEMENT | LOITERING,1.0000,196,334,C:\Users\sharm\CCTV-YOLO\IBVAP\backend\logs\snapshots\suspicious_0028.jpg
2026-09-11,03:27:22,3,3,bus,INTRUSION,CROSSED_RESTRICTED_ZONE,0.9221,379,225,C:\Users\sharm\CCTV-YOLO\IBVAP\backend\logs\snapshots\intrusion_0125.jpg
2026-09-11,03:27:23,3,3,bus,INTRUSION,CROSSED_RESTRICTED_ZONE,0.9250,379,225,C:\Users\sharm\CCTV-YOLO\IBVAP\backend\logs\snapshots\intrusion_0126.jpg
2026-09-11,03:27:23,3,3,bus,INTRUSION,CROSSED_RESTRICTED_ZONE,0.9075,380,224,C:\Users\sharm\CCTV-YOLO\IBVAP\backend\logs\snapshots\intrusion_0127.jpg
2026-09-11,03:27:24,3,3,bus,INTRUSION,CROSSED_RESTRICTED_ZONE,0.9058,380,224,C:\Users\sharm\CCTV-YOLO\IBVAP\backend\logs\snapshots\intrusion_0128.jpg
2026-09-11,03:27:25,3,3,bus,INTRUSION,CROSSED_RESTRICTED_ZONE,0.8919,380,223,C:\Users\sharm\CCTV-YOLO\IBVAP\backend\logs\snapshots\intrusion_0129.jpg
2026-09-11,03:27:26,3,3,bus,INTRUSION,CROSSED_RESTRICTED_ZONE,0.8877,380,222,C:\Users\sharm\CCTV-YOLO\IBVAP\backend\logs\snapshots\intrusion_0130.jpg
2026-09-11,03:27:26,3,3,bus,INTRUSION,CROSSED_RESTRICTED_ZONE,0.8702,380,221,C:\Users\sharm\CCTV-YOLO\IBVAP\backend\logs\snapshots\intrusion_0131.jpg
2026-09-11,03:27:27,3,3,bus,INTRUSION,CROSSED_RESTRICTED_ZONE,0.8984,380,222,C:\Users\sharm\CCTV-YOLO\IBVAP\backend\logs\snapshots\intrusion_0132.jpg
2026-09-11,03:27:28,3,3,bus,INTRUSION,CROSSED_RESTRICTED_ZONE,0.9106,381,223,C:\Users\sharm\CCTV-YOLO\IBVAP\backend\logs\snapshots\intrusion_0133.jpg
2026-09-11,03:27:29,3,3,bus,INTRUSION,CROSSED_RESTRICTED_ZONE,0.8948,381,224,C:\Users\sharm\CCTV-YOLO\IBVAP\backend\logs\snapshots\intrusion_0134.jpg
2026-09-11,03:27:30,3,3,bus,INTRUSION,CROSSED_RESTRICTED_ZONE,0.9070,382,224,C:\Users\sharm\CCTV-YOLO\IBVAP\backend\logs\snapshots\intrusion_0135.jpg
2026-09-11,03:27:31,3,3,bus,INTRUSION,CROSSED_RESTRICTED_ZONE,0.9038,382,225,C:\Users\sharm\CCTV-YOLO\IBVAP\backend\logs\snapshots\intrusion_0136.jpg
2026-09-11,03:27:31,210,1,person,SUSPICIOUS_ACTIVITY,ERRATIC MOVEMENT,1.0000,253,240,C:\Users\sharm\CCTV-YOLO\IBVAP\backend\logs\snapshots\suspicious_0029.jpg
2026-09-11,03:27:31,3,3,bus,INTRUSION,CROSSED_RESTRICTED_ZONE,0.9075,382,225,C:\Users\sharm\CCTV-YOLO\IBVAP\backend\logs\snapshots\intrusion_0137.jpg
2026-09-11,03:27:32,3,3,bus,INTRUSION,CROSSED_RESTRICTED_ZONE,0.9152,382,225,C:\Users\sharm\CCTV-YOLO\IBVAP\backend\logs\snapshots\intrusion_0138.jpg
2026-09-11,03:27:33,99,6,person,SUSPICIOUS_ACTIVITY,ERRATIC MOVEMENT | LOITERING,1.0000,199,334,C:\Users\sharm\CCTV-YOLO\IBVAP\backend\logs\snapshots\suspicious_0030.jpg
2026-09-11,03:27:33,3,3,bus,INTRUSION,CROSSED_RESTRICTED_ZONE,0.9186,382,226,C:\Users\sharm\CCTV-YOLO\IBVAP\backend\logs\snapshots\intrusion_0139.jpg
2026-09-11,03:27:33,3,3,bus,INTRUSION,CROSSED_RESTRICTED_ZONE,0.9177,382,226,C:\Users\sharm\CCTV-YOLO\IBVAP\backend\logs\snapshots\intrusion_0140.jpg
2026-09-11,03:27:34,3,3,bus,INTRUSION,CROSSED_RESTRICTED_ZONE,0.9046,383,227,C:\Users\sharm\CCTV-YOLO\IBVAP\backend\logs\snapshots\intrusion_0141.jpg
2026-09-11,03:27:35,3,3,bus,INTRUSION,CROSSED_RESTRICTED_ZONE,0.9246,383,226,C:\Users\sharm\CCTV-YOLO\IBVAP\backend\logs\snapshots\intrusion_0142.jpg
2026-09-11,03:27:36,3,3,bus,INTRUSION,CROSSED_RESTRICTED_ZONE,0.9205,383,226,C:\Users\sharm\CCTV-YOLO\IBVAP\backend\logs\snapshots\intrusion_0143.jpg
2026-09-11,03:27:36,3,3,bus,INTRUSION,CROSSED_RESTRICTED_ZONE,0.9134,383,226,C:\Users\sharm\CCTV-YOLO\IBVAP\backend\logs\snapshots\intrusion_0144.jpg
2026-09-11,03:27:37,3,3,bus,INTRUSION,CROSSED_RESTRICTED_ZONE,0.9101,383,226,C:\Users\sharm\CCTV-YOLO\IBVAP\backend\logs\snapshots\intrusion_0145.jpg
2026-09-11,03:27:37,3,3,bus,INTRUSION,CROSSED_RESTRICTED_ZONE,0.9224,383,226,C:\Users\sharm\CCTV-YOLO\IBVAP\backend\logs\snapshots\intrusion_0146.jpg
2026-09-11,03:27:38,3,3,bus,INTRUSION,CROSSED_RESTRICTED_ZONE,0.9153,383,227,C:\Users\sharm\CCTV-YOLO\IBVAP\backend\logs\snapshots\intrusion_0147.jpg
2026-09-11,03:27:39,3,3,bus,INTRUSION,CROSSED_RESTRICTED_ZONE,0.9049,383,226,C:\Users\sharm\CCTV-YOLO\IBVAP\backend\logs\snapshots\intrusion_0148.jpg
2026-09-11,03:27:39,3,3,bus,INTRUSION,CROSSED_RESTRICTED_ZONE,0.8850,383,226,C:\Users\sharm\CCTV-YOLO\IBVAP\backend\logs\snapshots\intrusion_0149.jpg
2026-09-11,03:27:40,3,3,bus,INTRUSION,CROSSED_RESTRICTED_ZONE,0.9014,384,226,C:\Users\sharm\CCTV-YOLO\IBVAP\backend\logs\snapshots\intrusion_0150.jpg
2026-09-11,03:27:41,3,3,bus,INTRUSION,CROSSED_RESTRICTED_ZONE,0.9084,384,226,C:\Users\sharm\CCTV-YOLO\IBVAP\backend\logs\snapshots\intrusion_0151.jpg
2026-09-11,03:27:41,3,3,bus,INTRUSION,CROSSED_RESTRICTED_ZONE,0.9157,384,227,C:\Users\sharm\CCTV-YOLO\IBVAP\backend\logs\snapshots\intrusion_0152.jpg
2026-09-11,03:27:42,3,3,bus,INTRUSION,CROSSED_RESTRICTED_ZONE,0.9113,384,227,C:\Users\sharm\CCTV-YOLO\IBVAP\backend\logs\snapshots\intrusion_0153.jpg
2026-09-11,03:27:43,99,6,person,SUSPICIOUS_ACTIVITY,ERRATIC MOVEMENT | LOITERING,1.0000,201,333,C:\Users\sharm\CCTV-YOLO\IBVAP\backend\logs\snapshots\suspicious_0031.jpg
2026-09-11,03:27:43,3,3,bus,INTRUSION,CROSSED_RESTRICTED_ZONE,0.9023,384,227,C:\Users\sharm\CCTV-YOLO\IBVAP\backend\logs\snapshots\intrusion_0154.jpg
2026-09-11,03:27:44,3,3,bus,INTRUSION,CROSSED_RESTRICTED_ZONE,0.8966,384,228,C:\Users\sharm\CCTV-YOLO\IBVAP\backend\logs\snapshots\intrusion_0155.jpg
2026-09-11,03:27:44,3,3,bus,INTRUSION,CROSSED_RESTRICTED_ZONE,0.8901,385,228,C:\Users\sharm\CCTV-YOLO\IBVAP\backend\logs\snapshots\intrusion_0156.jpg
2026-09-11,03:27:45,3,3,bus,INTRUSION,CROSSED_RESTRICTED_ZONE,0.8729,385,228,C:\Users\sharm\CCTV-YOLO\IBVAP\backend\logs\snapshots\intrusion_0157.jpg
2026-09-11,03:27:46,3,3,bus,INTRUSION,CROSSED_RESTRICTED_ZONE,0.8891,385,228,C:\Users\sharm\CCTV-YOLO\IBVAP\backend\logs\snapshots\intrusion_0158.jpg
2026-09-11,03:27:46,3,3,bus,INTRUSION,CROSSED_RESTRICTED_ZONE,0.8930,385,228,C:\Users\sharm\CCTV-YOLO\IBVAP\backend\logs\snapshots\intrusion_0159.jpg
2026-09-11,03:27:47,3,3,bus,INTRUSION,CROSSED_RESTRICTED_ZONE,0.8921,386,228,C:\Users\sharm\CCTV-YOLO\IBVAP\backend\logs\snapshots\intrusion_0160.jpg
2026-09-11,03:27:47,3,3,bus,INTRUSION,CROSSED_RESTRICTED_ZONE,0.9038,386,227,C:\Users\sharm\CCTV-YOLO\IBVAP\backend\logs\snapshots\intrusion_0161.jpg
2026-09-11,03:27:48,3,3,bus,INTRUSION,CROSSED_RESTRICTED_ZONE,0.8971,386,228,C:\Users\sharm\CCTV-YOLO\IBVAP\backend\logs\snapshots\intrusion_0162.jpg
2026-09-11,03:27:49,3,3,bus,INTRUSION,CROSSED_RESTRICTED_ZONE,0.9043,386,228,C:\Users\sharm\CCTV-YOLO\IBVAP\backend\logs\snapshots\intrusion_0163.jpg
2026-09-11,03:27:49,3,3,bus,INTRUSION,CROSSED_RESTRICTED_ZONE,0.8920,386,227,C:\Users\sharm\CCTV-YOLO\IBVAP\backend\logs\snapshots\intrusion_0164.jpg
2026-09-11,03:27:50,3,3,bus,INTRUSION,CROSSED_RESTRICTED_ZONE,0.8829,386,227,C:\Users\sharm\CCTV-YOLO\IBVAP\backend\logs\snapshots\intrusion_0165.jpg
2026-09-11,03:27:51,3,3,bus,INTRUSION,CROSSED_RESTRICTED_ZONE,0.8868,386,226,C:\Users\sharm\CCTV-YOLO\IBVAP\backend\logs\snapshots\intrusion_0166.jpg
2026-09-11,03:27:51,3,3,bus,INTRUSION,CROSSED_RESTRICTED_ZONE,0.9055,386,226,C:\Users\sharm\CCTV-YOLO\IBVAP\backend\logs\snapshots\intrusion_0167.jpg
2026-09-11,03:27:52,3,3,bus,INTRUSION,CROSSED_RESTRICTED_ZONE,0.9130,386,226,C:\Users\sharm\CCTV-YOLO\IBVAP\backend\logs\snapshots\intrusion_0168.jpg
2026-09-11,03:27:53,3,3,bus,INTRUSION,CROSSED_RESTRICTED_ZONE,0.9188,386,227,C:\Users\sharm\CCTV-YOLO\IBVAP\backend\logs\snapshots\intrusion_0169.jpg
2026-09-11,03:27:53,99,6,person,SUSPICIOUS_ACTIVITY,ERRATIC MOVEMENT | LOITERING,1.0000,265,334,C:\Users\sharm\CCTV-YOLO\IBVAP\backend\logs\snapshots\suspicious_0032.jpg
2026-09-11,03:27:53,3,3,bus,INTRUSION,CROSSED_RESTRICTED_ZONE,0.9137,386,227,C:\Users\sharm\CCTV-YOLO\IBVAP\backend\logs\snapshots\intrusion_0170.jpg
2026-09-11,03:27:54,3,3,bus,INTRUSION,CROSSED_RESTRICTED_ZONE,0.9165,387,227,C:\Users\sharm\CCTV-YOLO\IBVAP\backend\logs\snapshots\intrusion_0171.jpg
2026-09-11,03:27:55,221,4,person,SUSPICIOUS_ACTIVITY,ERRATIC MOVEMENT | LOITERING | RAPID MOVEMENT,1.0000,208,246,C:\Users\sharm\CCTV-YOLO\IBVAP\backend\logs\snapshots\suspicious_0033.jpg
2026-09-11,03:27:55,3,3,bus,INTRUSION,CROSSED_RESTRICTED_ZONE,0.9209,387,228,C:\Users\sharm\CCTV-YOLO\IBVAP\backend\logs\snapshots\intrusion_0172.jpg
2026-09-11,03:27:55,3,3,bus,INTRUSION,CROSSED_RESTRICTED_ZONE,0.9236,387,228,C:\Users\sharm\CCTV-YOLO\IBVAP\backend\logs\snapshots\intrusion_0173.jpg
2026-09-11,03:27:56,3,3,bus,INTRUSION,CROSSED_RESTRICTED_ZONE,0.9226,387,228,C:\Users\sharm\CCTV-YOLO\IBVAP\backend\logs\snapshots\intrusion_0174.jpg
2026-09-11,03:27:57,3,3,bus,INTRUSION,CROSSED_RESTRICTED_ZONE,0.9257,387,227,C:\Users\sharm\CCTV-YOLO\IBVAP\backend\logs\snapshots\intrusion_0175.jpg
2026-09-11,03:27:58,3,3,bus,INTRUSION,CROSSED_RESTRICTED_ZONE,0.9174,387,228,C:\Users\sharm\CCTV-YOLO\IBVAP\backend\logs\snapshots\intrusion_0176.jpg
2026-09-11,03:27:58,3,3,bus,INTRUSION,CROSSED_RESTRICTED_ZONE,0.9258,387,228,C:\Users\sharm\CCTV-YOLO\IBVAP\backend\logs\snapshots\intrusion_0177.jpg
2026-09-11,03:27:59,3,3,bus,INTRUSION,CROSSED_RESTRICTED_ZONE,0.9235,387,228,C:\Users\sharm\CCTV-YOLO\IBVAP\backend\logs\snapshots\intrusion_0178.jpg
2026-09-11,03:28:00,3,3,bus,INTRUSION,CROSSED_RESTRICTED_ZONE,0.9207,388,228,C:\Users\sharm\CCTV-YOLO\IBVAP\backend\logs\snapshots\intrusion_0179.jpg
2026-09-11,03:28:00,3,3,bus,INTRUSION,CROSSED_RESTRICTED_ZONE,0.9194,388,228,C:\Users\sharm\CCTV-YOLO\IBVAP\backend\logs\snapshots\intrusion_0180.jpg
2026-09-11,03:28:01,3,3,bus,INTRUSION,CROSSED_RESTRICTED_ZONE,0.9258,387,228,C:\Users\sharm\CCTV-YOLO\IBVAP\backend\logs\snapshots\intrusion_0181.jpg
2026-09-11,03:28:02,3,3,bus,INTRUSION,CROSSED_RESTRICTED_ZONE,0.9132,388,227,C:\Users\sharm\CCTV-YOLO\IBVAP\backend\logs\snapshots\intrusion_0182.jpg
2026-09-11,03:28:02,3,3,bus,INTRUSION,CROSSED_RESTRICTED_ZONE,0.9060,388,226,C:\Users\sharm\CCTV-YOLO\IBVAP\backend\logs\snapshots\intrusion_0183.jpg
2026-09-11,03:28:03,3,3,bus,INTRUSION,CROSSED_RESTRICTED_ZONE,0.9047,388,226,C:\Users\sharm\CCTV-YOLO\IBVAP\backend\logs\snapshots\intrusion_0184.jpg
2026-09-11,03:28:04,99,6,person,SUSPICIOUS_ACTIVITY,ERRATIC MOVEMENT | LOITERING,1.0000,278,334,C:\Users\sharm\CCTV-YOLO\IBVAP\backend\logs\snapshots\suspicious_0034.jpg
2026-09-11,03:28:04,3,3,bus,INTRUSION,CROSSED_RESTRICTED_ZONE,0.9159,388,225,C:\Users\sharm\CCTV-YOLO\IBVAP\backend\logs\snapshots\intrusion_0185.jpg
2026-09-11,03:28:04,3,3,bus,INTRUSION,CROSSED_RESTRICTED_ZONE,0.9176,388,225,C:\Users\sharm\CCTV-YOLO\IBVAP\backend\logs\snapshots\intrusion_0186.jpg
2026-09-11,03:28:05,221,4,person,SUSPICIOUS_ACTIVITY,ERRATIC MOVEMENT | LOITERING,1.0000,205,243,C:\Users\sharm\CCTV-YOLO\IBVAP\backend\logs\snapshots\suspicious_0035.jpg
2026-09-11,03:28:05,228,1,person,SUSPICIOUS_ACTIVITY,ERRATIC MOVEMENT,1.0000,231,247,C:\Users\sharm\CCTV-YOLO\IBVAP\backend\logs\snapshots\suspicious_0036.jpg
2026-09-11,03:28:05,3,3,bus,INTRUSION,CROSSED_RESTRICTED_ZONE,0.9244,388,225,C:\Users\sharm\CCTV-YOLO\IBVAP\backend\logs\snapshots\intrusion_0187.jpg
2026-09-11,03:28:06,3,3,bus,INTRUSION,CROSSED_RESTRICTED_ZONE,0.9163,388,225,C:\Users\sharm\CCTV-YOLO\IBVAP\backend\logs\snapshots\intrusion_0188.jpg
2026-09-11,03:28:07,3,3,bus,INTRUSION,CROSSED_RESTRICTED_ZONE,0.9173,388,225,C:\Users\sharm\CCTV-YOLO\IBVAP\backend\logs\snapshots\intrusion_0189.jpg
2026-09-11,03:28:07,3,3,bus,INTRUSION,CROSSED_RESTRICTED_ZONE,0.9153,389,225,C:\Users\sharm\CCTV-YOLO\IBVAP\backend\logs\snapshots\intrusion_0190.jpg
2026-09-11,03:28:08,3,3,bus,INTRUSION,CROSSED_RESTRICTED_ZONE,0.9008,389,224,C:\Users\sharm\CCTV-YOLO\IBVAP\backend\logs\snapshots\intrusion_0191.jpg
2026-09-11,03:28:09,3,3,bus,INTRUSION,CROSSED_RESTRICTED_ZONE,0.9062,389,224,C:\Users\sharm\CCTV-YOLO\IBVAP\backend\logs\snapshots\intrusion_0192.jpg
2026-09-11,03:28:09,3,3,bus,INTRUSION,CROSSED_RESTRICTED_ZONE,0.9139,389,224,C:\Users\sharm\CCTV-YOLO\IBVAP\backend\logs\snapshots\intrusion_0193.jpg
2026-09-11,03:28:10,3,3,bus,INTRUSION,CROSSED_RESTRICTED_ZONE,0.9209,389,224,C:\Users\sharm\CCTV-YOLO\IBVAP\backend\logs\snapshots\intrusion_0194.jpg
2026-09-11,03:28:11,3,3,bus,INTRUSION,CROSSED_RESTRICTED_ZONE,0.9141,389,225,C:\Users\sharm\CCTV-YOLO\IBVAP\backend\logs\snapshots\intrusion_0195.jpg
2026-09-11,03:28:11,3,3,bus,INTRUSION,CROSSED_RESTRICTED_ZONE,0.9148,389,225,C:\Users\sharm\CCTV-YOLO\IBVAP\backend\logs\snapshots\intrusion_0196.jpg
2026-09-11,03:28:12,3,3,bus,INTRUSION,CROSSED_RESTRICTED_ZONE,0.9201,389,226,C:\Users\sharm\CCTV-YOLO\IBVAP\backend\logs\snapshots\intrusion_0197.jpg
2026-09-11,03:28:13,3,3,bus,INTRUSION,CROSSED_RESTRICTED_ZONE,0.9150,390,227,C:\Users\sharm\CCTV-YOLO\IBVAP\backend\logs\snapshots\intrusion_0198.jpg
2026-09-11,03:28:13,3,3,bus,INTRUSION,CROSSED_RESTRICTED_ZONE,0.9241,390,227,C:\Users\sharm\CCTV-YOLO\IBVAP\backend\logs\snapshots\intrusion_0199.jpg
2026-09-11,03:28:14,3,3,bus,INTRUSION,CROSSED_RESTRICTED_ZONE,0.9234,390,227,C:\Users\sharm\CCTV-YOLO\IBVAP\backend\logs\snapshots\intrusion_0200.jpg
2026-09-11,03:28:14,99,6,person,SUSPICIOUS_ACTIVITY,ERRATIC MOVEMENT | LOITERING,1.0000,274,334,C:\Users\sharm\CCTV-YOLO\IBVAP\backend\logs\snapshots\suspicious_0037.jpg
2026-09-11,03:28:15,3,3,bus,INTRUSION,CROSSED_RESTRICTED_ZONE,0.9226,390,227,C:\Users\sharm\CCTV-YOLO\IBVAP\backend\logs\snapshots\intrusion_0201.jpg
2026-09-11,03:28:15,3,3,bus,INTRUSION,CROSSED_RESTRICTED_ZONE,0.9203,390,226,C:\Users\sharm\CCTV-YOLO\IBVAP\backend\logs\snapshots\intrusion_0202.jpg
2026-09-11,03:28:16,221,4,person,SUSPICIOUS_ACTIVITY,ERRATIC MOVEMENT | LOITERING,1.0000,200,244,C:\Users\sharm\CCTV-YOLO\IBVAP\backend\logs\snapshots\suspicious_0038.jpg
2026-09-11,03:28:16,228,1,person,SUSPICIOUS_ACTIVITY,ERRATIC MOVEMENT,1.0000,229,244,C:\Users\sharm\CCTV-YOLO\IBVAP\backend\logs\snapshots\suspicious_0039.jpg
2026-09-11,03:28:16,167,8,person,SUSPICIOUS_ACTIVITY,LOITERING,0.4167,14,385,C:\Users\sharm\CCTV-YOLO\IBVAP\backend\logs\snapshots\suspicious_0040.jpg
2026-09-11,03:28:16,3,3,bus,INTRUSION,CROSSED_RESTRICTED_ZONE,0.9251,390,226,C:\Users\sharm\CCTV-YOLO\IBVAP\backend\logs\snapshots\intrusion_0203.jpg
2026-09-11,03:28:17,3,3,bus,INTRUSION,CROSSED_RESTRICTED_ZONE,0.9164,390,226,C:\Users\sharm\CCTV-YOLO\IBVAP\backend\logs\snapshots\intrusion_0204.jpg
2026-09-11,03:28:17,3,3,bus,INTRUSION,CROSSED_RESTRICTED_ZONE,0.9060,391,228,C:\Users\sharm\CCTV-YOLO\IBVAP\backend\logs\snapshots\intrusion_0205.jpg
2026-09-11,03:28:18,3,3,bus,INTRUSION,CROSSED_RESTRICTED_ZONE,0.9052,391,228,C:\Users\sharm\CCTV-YOLO\IBVAP\backend\logs\snapshots\intrusion_0206.jpg
2026-09-11,03:28:19,3,3,bus,INTRUSION,CROSSED_RESTRICTED_ZONE,0.9145,387,229,C:\Users\sharm\CCTV-YOLO\IBVAP\backend\logs\snapshots\intrusion_0207.jpg
2026-09-11,03:28:19,3,3,bus,INTRUSION,CROSSED_RESTRICTED_ZONE,0.9104,386,229,C:\Users\sharm\CCTV-YOLO\IBVAP\backend\logs\snapshots\intrusion_0208.jpg
2026-09-11,09:29:48,1,1,person,INTRUSION,CROSSED_RESTRICTED_ZONE,0.8940,198,239,C:\Users\sharm\CCTV-YOLO\IBVAP\backend\logs\snapshots\intrusion_0001.jpg
2026-09-11,09:29:48,3,3,bus,INTRUSION,CROSSED_RESTRICTED_ZONE,0.7503,307,222,C:\Users\sharm\CCTV-YOLO\IBVAP\backend\logs\snapshots\intrusion_0002.jpg
2026-09-11,09:29:49,4,1,person,SUSPICIOUS_ACTIVITY,RAPID MOVEMENT,0.8333,198,239,C:\Users\sharm\CCTV-YOLO\IBVAP\backend\logs\snapshots\suspicious_0001.jpg
2026-09-11,09:29:59,1,1,person,SUSPICIOUS_ACTIVITY,ERRATIC MOVEMENT | RAPID MOVEMENT,1.0000,263,325,C:\Users\sharm\CCTV-YOLO\IBVAP\backend\logs\snapshots\suspicious_0002.jpg
2026-09-11,09:30:06,60,4,person,INTRUSION,CROSSED_RESTRICTED_ZONE,0.4021,175,227,C:\Users\sharm\CCTV-YOLO\IBVAP\backend\logs\snapshots\intrusion_0003.jpg
2026-09-11,09:30:08,69,4,person,SUSPICIOUS_ACTIVITY,RAPID MOVEMENT,0.4167,174,226,C:\Users\sharm\CCTV-YOLO\IBVAP\backend\logs\snapshots\suspicious_0003.jpg
2026-09-11,09:30:09,1,1,person,SUSPICIOUS_ACTIVITY,ERRATIC MOVEMENT | RAPID MOVEMENT,1.0000,232,335,C:\Users\sharm\CCTV-YOLO\IBVAP\backend\logs\snapshots\suspicious_0004.jpg
2026-09-11,09:30:13,92,6,person,INTRUSION,CROSSED_RESTRICTED_ZONE,0.3137,477,220,C:\Users\sharm\CCTV-YOLO\IBVAP\backend\logs\snapshots\intrusion_0004.jpg
2026-09-11,09:30:17,99,6,person,SUSPICIOUS_ACTIVITY,RAPID MOVEMENT,0.4167,368,297,C:\Users\sharm\CCTV-YOLO\IBVAP\backend\logs\snapshots\suspicious_0005.jpg
2026-09-11,09:30:18,67,4,person,SUSPICIOUS_ACTIVITY,ERRATIC MOVEMENT,1.0000,166,229,C:\Users\sharm\CCTV-YOLO\IBVAP\backend\logs\snapshots\suspicious_0006.jpg
2026-09-11,09:30:19,4,1,person,SUSPICIOUS_ACTIVITY,ERRATIC MOVEMENT,1.0000,201,243,C:\Users\sharm\CCTV-YOLO\IBVAP\backend\logs\snapshots\suspicious_0007.jpg
2026-09-11,09:30:27,99,6,person,SUSPICIOUS_ACTIVITY,ERRATIC MOVEMENT,1.0000,63,332,C:\Users\sharm\CCTV-YOLO\IBVAP\backend\logs\snapshots\suspicious_0008.jpg
2026-09-11,09:30:28,67,4,person,SUSPICIOUS_ACTIVITY,ERRATIC MOVEMENT | LOITERING | RAPID MOVEMENT,1.0000,162,235,C:\Users\sharm\CCTV-YOLO\IBVAP\backend\logs\snapshots\suspicious_0009.jpg
2026-09-11,09:30:29,4,1,person,SUSPICIOUS_ACTIVITY,ERRATIC MOVEMENT,1.0000,207,241,C:\Users\sharm\CCTV-YOLO\IBVAP\backend\logs\snapshots\suspicious_0010.jpg
2026-09-11,09:30:31,3,3,bus,INTRUSION,CROSSED_RESTRICTED_ZONE,0.9429,331,223,C:\Users\sharm\CCTV-YOLO\IBVAP\backend\logs\snapshots\intrusion_0005.jpg
2026-09-11,09:30:32,3,3,bus,INTRUSION,CROSSED_RESTRICTED_ZONE,0.9427,334,223,C:\Users\sharm\CCTV-YOLO\IBVAP\backend\logs\snapshots\intrusion_0006.jpg
2026-09-11,09:30:33,3,3,bus,INTRUSION,CROSSED_RESTRICTED_ZONE,0.9543,338,225,C:\Users\sharm\CCTV-YOLO\IBVAP\backend\logs\snapshots\intrusion_0007.jpg
2026-09-11,09:30:34,3,3,bus,INTRUSION,CROSSED_RESTRICTED_ZONE,0.9500,340,225,C:\Users\sharm\CCTV-YOLO\IBVAP\backend\logs\snapshots\intrusion_0008.jpg
2026-09-11,09:30:34,3,3,bus,INTRUSION,CROSSED_RESTRICTED_ZONE,0.9472,343,225,C:\Users\sharm\CCTV-YOLO\IBVAP\backend\logs\snapshots\intrusion_0009.jpg
2026-09-11,09:30:35,3,3,bus,INTRUSION,CROSSED_RESTRICTED_ZONE,0.9484,345,224,C:\Users\sharm\CCTV-YOLO\IBVAP\backend\logs\snapshots\intrusion_0010.jpg
2026-09-11,09:30:35,3,3,bus,INTRUSION,CROSSED_RESTRICTED_ZONE,0.9506,347,223,C:\Users\sharm\CCTV-YOLO\IBVAP\backend\logs\snapshots\intrusion_0011.jpg
2026-09-11,09:30:36,3,3,bus,INTRUSION,CROSSED_RESTRICTED_ZONE,0.9517,349,224,C:\Users\sharm\CCTV-YOLO\IBVAP\backend\logs\snapshots\intrusion_0012.jpg
2026-09-11,09:30:37,99,6,person,SUSPICIOUS_ACTIVITY,ERRATIC MOVEMENT | RAPID MOVEMENT,1.0000,226,335,C:\Users\sharm\CCTV-YOLO\IBVAP\backend\logs\snapshots\suspicious_0011.jpg
2026-09-11,09:30:37,3,3,bus,INTRUSION,CROSSED_RESTRICTED_ZONE,0.9068,352,223,C:\Users\sharm\CCTV-YOLO\IBVAP\backend\logs\snapshots\intrusion_0013.jpg
2026-09-11,09:30:37,3,3,bus,INTRUSION,CROSSED_RESTRICTED_ZONE,0.9490,356,223,C:\Users\sharm\CCTV-YOLO\IBVAP\backend\logs\snapshots\intrusion_0014.jpg
2026-09-11,09:30:38,3,3,bus,INTRUSION,CROSSED_RESTRICTED_ZONE,0.9266,360,225,C:\Users\sharm\CCTV-YOLO\IBVAP\backend\logs\snapshots\intrusion_0015.jpg
2026-09-11,09:30:39,3,3,bus,INTRUSION,CROSSED_RESTRICTED_ZONE,0.9349,362,226,C:\Users\sharm\CCTV-YOLO\IBVAP\backend\logs\snapshots\intrusion_0016.jpg
2026-09-11,09:30:39,3,3,bus,INTRUSION,CROSSED_RESTRICTED_ZONE,0.9292,364,226,C:\Users\sharm\CCTV-YOLO\IBVAP\backend\logs\snapshots\intrusion_0017.jpg
2026-09-11,09:30:40,3,3,bus,INTRUSION,CROSSED_RESTRICTED_ZONE,0.9212,365,225,C:\Users\sharm\CCTV-YOLO\IBVAP\backend\logs\snapshots\intrusion_0018.jpg
2026-09-11,09:30:41,3,3,bus,INTRUSION,CROSSED_RESTRICTED_ZONE,0.9321,366,225,C:\Users\sharm\CCTV-YOLO\IBVAP\backend\logs\snapshots\intrusion_0019.jpg
2026-09-11,09:30:41,3,3,bus,INTRUSION,CROSSED_RESTRICTED_ZONE,0.9416,367,225,C:\Users\sharm\CCTV-YOLO\IBVAP\backend\logs\snapshots\intrusion_0020.jpg
2026-09-11,09:30:42,3,3,bus,INTRUSION,CROSSED_RESTRICTED_ZONE,0.9402,367,225,C:\Users\sharm\CCTV-YOLO\IBVAP\backend\logs\snapshots\intrusion_0021.jpg
2026-09-11,09:30:43,3,3,bus,INTRUSION,CROSSED_RESTRICTED_ZONE,0.9373,366,225,C:\Users\sharm\CCTV-YOLO\IBVAP\backend\logs\snapshots\intrusion_0022.jpg
2026-09-11,09:30:44,3,3,bus,INTRUSION,CROSSED_RESTRICTED_ZONE,0.9371,366,224,C:\Users\sharm\CCTV-YOLO\IBVAP\backend\logs\snapshots\intrusion_0023.jpg
2026-09-11,09:30:45,3,3,bus,INTRUSION,CROSSED_RESTRICTED_ZONE,0.9424,366,224,C:\Users\sharm\CCTV-YOLO\IBVAP\backend\logs\snapshots\intrusion_0024.jpg
2026-09-11,09:30:45,3,3,bus,INTRUSION,CROSSED_RESTRICTED_ZONE,0.9357,366,224,C:\Users\sharm\CCTV-YOLO\IBVAP\backend\logs\snapshots\intrusion_0025.jpg
2026-09-11,09:30:46,3,3,bus,INTRUSION,CROSSED_RESTRICTED_ZONE,0.8880,366,224,C:\Users\sharm\CCTV-YOLO\IBVAP\backend\logs\snapshots\intrusion_0026.jpg
2026-09-11,09:30:46,3,3,bus,INTRUSION,CROSSED_RESTRICTED_ZONE,0.9409,366,224,C:\Users\sharm\CCTV-YOLO\IBVAP\backend\logs\snapshots\intrusion_0027.jpg
2026-09-11,09:30:47,99,6,person,SUSPICIOUS_ACTIVITY,ERRATIC MOVEMENT,1.0000,252,335,C:\Users\sharm\CCTV-YOLO\IBVAP\backend\logs\snapshots\suspicious_0012.jpg
2026-09-11,09:30:47,3,3,bus,INTRUSION,CROSSED_RESTRICTED_ZONE,0.9402,366,224,C:\Users\sharm\CCTV-YOLO\IBVAP\backend\logs\snapshots\intrusion_0028.jpg
2026-09-11,09:30:48,3,3,bus,INTRUSION,CROSSED_RESTRICTED_ZONE,0.9403,366,224,C:\Users\sharm\CCTV-YOLO\IBVAP\backend\logs\snapshots\intrusion_0029.jpg
2026-09-11,09:30:48,3,3,bus,INTRUSION,CROSSED_RESTRICTED_ZONE,0.9258,366,224,C:\Users\sharm\CCTV-YOLO\IBVAP\backend\logs\snapshots\intrusion_0030.jpg
2026-09-11,09:30:49,3,3,bus,INTRUSION,CROSSED_RESTRICTED_ZONE,0.9380,366,224,C:\Users\sharm\CCTV-YOLO\IBVAP\backend\logs\snapshots\intrusion_0031.jpg
2026-09-11,09:30:50,3,3,bus,INTRUSION,CROSSED_RESTRICTED_ZONE,0.9345,366,224,C:\Users\sharm\CCTV-YOLO\IBVAP\backend\logs\snapshots\intrusion_0032.jpg
2026-09-11,09:30:50,3,3,bus,INTRUSION,CROSSED_RESTRICTED_ZONE,0.9344,366,224,C:\Users\sharm\CCTV-YOLO\IBVAP\backend\logs\snapshots\intrusion_0033.jpg
2026-09-11,09:30:51,3,3,bus,INTRUSION,CROSSED_RESTRICTED_ZONE,0.9371,366,224,C:\Users\sharm\CCTV-YOLO\IBVAP\backend\logs\snapshots\intrusion_0034.jpg
2026-09-11,09:30:52,3,3,bus,INTRUSION,CROSSED_RESTRICTED_ZONE,0.9408,366,224,C:\Users\sharm\CCTV-YOLO\IBVAP\backend\logs\snapshots\intrusion_0035.jpg
2026-09-11,09:30:52,3,3,bus,INTRUSION,CROSSED_RESTRICTED_ZONE,0.9413,366,224,C:\Users\sharm\CCTV-YOLO\IBVAP\backend\logs\snapshots\intrusion_0036.jpg
2026-09-11,09:30:53,3,3,bus,INTRUSION,CROSSED_RESTRICTED_ZONE,0.9162,366,224,C:\Users\sharm\CCTV-YOLO\IBVAP\backend\logs\snapshots\intrusion_0037.jpg
2026-09-11,09:30:54,3,3,bus,INTRUSION,CROSSED_RESTRICTED_ZONE,0.9041,366,224,C:\Users\sharm\CCTV-YOLO\IBVAP\backend\logs\snapshots\intrusion_0038.jpg
2026-09-11,09:30:54,3,3,bus,INTRUSION,CROSSED_RESTRICTED_ZONE,0.9500,367,224,C:\Users\sharm\CCTV-YOLO\IBVAP\backend\logs\snapshots\intrusion_0039.jpg
2026-09-11,09:30:55,3,3,bus,INTRUSION,CROSSED_RESTRICTED_ZONE,0.9304,367,224,C:\Users\sharm\CCTV-YOLO\IBVAP\backend\logs\snapshots\intrusion_0040.jpg
2026-09-11,09:30:56,3,3,bus,INTRUSION,CROSSED_RESTRICTED_ZONE,0.9323,367,224,C:\Users\sharm\CCTV-YOLO\IBVAP\backend\logs\snapshots\intrusion_0041.jpg
2026-09-11,09:30:56,3,3,bus,INTRUSION,CROSSED_RESTRICTED_ZONE,0.9331,367,224,C:\Users\sharm\CCTV-YOLO\IBVAP\backend\logs\snapshots\intrusion_0042.jpg
2026-09-11,09:30:57,3,3,bus,INTRUSION,CROSSED_RESTRICTED_ZONE,0.9385,367,225,C:\Users\sharm\CCTV-YOLO\IBVAP\backend\logs\snapshots\intrusion_0043.jpg
2026-09-11,09:30:57,99,6,person,SUSPICIOUS_ACTIVITY,ERRATIC MOVEMENT,1.0000,213,338,C:\Users\sharm\CCTV-YOLO\IBVAP\backend\logs\snapshots\suspicious_0013.jpg
2026-09-11,09:30:57,3,3,bus,INTRUSION,CROSSED_RESTRICTED_ZONE,0.9335,367,224,C:\Users\sharm\CCTV-YOLO\IBVAP\backend\logs\snapshots\intrusion_0044.jpg
2026-09-11,09:30:58,3,3,bus,INTRUSION,CROSSED_RESTRICTED_ZONE,0.9272,367,224,C:\Users\sharm\CCTV-YOLO\IBVAP\backend\logs\snapshots\intrusion_0045.jpg
2026-09-11,09:30:59,3,3,bus,INTRUSION,CROSSED_RESTRICTED_ZONE,0.9260,367,225,C:\Users\sharm\CCTV-YOLO\IBVAP\backend\logs\snapshots\intrusion_0046.jpg
2026-09-11,09:31:00,3,3,bus,INTRUSION,CROSSED_RESTRICTED_ZONE,0.9239,367,225,C:\Users\sharm\CCTV-YOLO\IBVAP\backend\logs\snapshots\intrusion_0047.jpg
2026-09-11,09:31:00,3,3,bus,INTRUSION,CROSSED_RESTRICTED_ZONE,0.9321,367,226,C:\Users\sharm\CCTV-YOLO\IBVAP\backend\logs\snapshots\intrusion_0048.jpg
2026-09-11,09:31:01,3,3,bus,INTRUSION,CROSSED_RESTRICTED_ZONE,0.9303,366,225,C:\Users\sharm\CCTV-YOLO\IBVAP\backend\logs\snapshots\intrusion_0049.jpg
2026-09-11,09:31:02,3,3,bus,INTRUSION,CROSSED_RESTRICTED_ZONE,0.9344,367,224,C:\Users\sharm\CCTV-YOLO\IBVAP\backend\logs\snapshots\intrusion_0050.jpg
2026-09-11,09:31:02,3,3,bus,INTRUSION,CROSSED_RESTRICTED_ZONE,0.9324,366,224,C:\Users\sharm\CCTV-YOLO\IBVAP\backend\logs\snapshots\intrusion_0051.jpg
2026-09-11,09:31:03,3,3,bus,INTRUSION,CROSSED_RESTRICTED_ZONE,0.9354,367,224,C:\Users\sharm\CCTV-YOLO\IBVAP\backend\logs\snapshots\intrusion_0052.jpg
2026-09-11,09:31:03,3,3,bus,INTRUSION,CROSSED_RESTRICTED_ZONE,0.9232,368,223,C:\Users\sharm\CCTV-YOLO\IBVAP\backend\logs\snapshots\intrusion_0053.jpg
2026-09-11,09:31:04,3,3,bus,INTRUSION,CROSSED_RESTRICTED_ZONE,0.9262,368,223,C:\Users\sharm\CCTV-YOLO\IBVAP\backend\logs\snapshots\intrusion_0054.jpg
2026-09-11,09:31:05,3,3,bus,INTRUSION,CROSSED_RESTRICTED_ZONE,0.8815,368,223,C:\Users\sharm\CCTV-YOLO\IBVAP\backend\logs\snapshots\intrusion_0055.jpg
2026-09-11,09:31:05,171,1,person,SUSPICIOUS_ACTIVITY,ERRATIC MOVEMENT | RAPID MOVEMENT,1.0000,268,238,C:\Users\sharm\CCTV-YOLO\IBVAP\backend\logs\snapshots\suspicious_0014.jpg
2026-09-11,09:31:06,3,3,bus,INTRUSION,CROSSED_RESTRICTED_ZONE,0.9432,368,228,C:\Users\sharm\CCTV-YOLO\IBVAP\backend\logs\snapshots\intrusion_0056.jpg
2026-09-11,09:31:07,178,4,person,SUSPICIOUS_ACTIVITY,ERRATIC MOVEMENT | LOITERING | RAPID MOVEMENT,1.0000,227,239,C:\Users\sharm\CCTV-YOLO\IBVAP\backend\logs\snapshots\suspicious_0015.jpg
2026-09-11,09:31:07,3,3,bus,INTRUSION,CROSSED_RESTRICTED_ZONE,0.9461,368,228,C:\Users\sharm\CCTV-YOLO\IBVAP\backend\logs\snapshots\intrusion_0057.jpg
2026-09-11,09:31:07,3,3,bus,INTRUSION,CROSSED_RESTRICTED_ZONE,0.9447,368,228,C:\Users\sharm\CCTV-YOLO\IBVAP\backend\logs\snapshots\intrusion_0058.jpg
2026-09-11,09:31:08,99,6,person,SUSPICIOUS_ACTIVITY,ERRATIC MOVEMENT,1.0000,196,356,C:\Users\sharm\CCTV-YOLO\IBVAP\backend\logs\snapshots\suspicious_0016.jpg
2026-09-11,09:31:08,3,3,bus,INTRUSION,CROSSED_RESTRICTED_ZONE,0.9474,368,226,C:\Users\sharm\CCTV-YOLO\IBVAP\backend\logs\snapshots\intrusion_0059.jpg
2026-09-11,09:31:09,3,3,bus,INTRUSION,CROSSED_RESTRICTED_ZONE,0.9453,369,225,C:\Users\sharm\CCTV-YOLO\IBVAP\backend\logs\snapshots\intrusion_0060.jpg
2026-09-11,09:31:09,3,3,bus,INTRUSION,CROSSED_RESTRICTED_ZONE,0.9468,368,226,C:\Users\sharm\CCTV-YOLO\IBVAP\backend\logs\snapshots\intrusion_0061.jpg
2026-09-11,09:31:10,3,3,bus,INTRUSION,CROSSED_RESTRICTED_ZONE,0.9446,368,225,C:\Users\sharm\CCTV-YOLO\IBVAP\backend\logs\snapshots\intrusion_0062.jpg
2026-09-11,09:31:11,3,3,bus,INTRUSION,CROSSED_RESTRICTED_ZONE,0.9468,368,226,C:\Users\sharm\CCTV-YOLO\IBVAP\backend\logs\snapshots\intrusion_0063.jpg
2026-09-11,09:31:11,3,3,bus,INTRUSION,CROSSED_RESTRICTED_ZONE,0.9402,368,225,C:\Users\sharm\CCTV-YOLO\IBVAP\backend\logs\snapshots\intrusion_0064.jpg
2026-09-11,09:31:12,3,3,bus,INTRUSION,CROSSED_RESTRICTED_ZONE,0.9433,368,226,C:\Users\sharm\CCTV-YOLO\IBVAP\backend\logs\snapshots\intrusion_0065.jpg
2026-09-11,09:31:13,3,3,bus,INTRUSION,CROSSED_RESTRICTED_ZONE,0.9431,368,225,C:\Users\sharm\CCTV-YOLO\IBVAP\backend\logs\snapshots\intrusion_0066.jpg
2026-09-11,09:31:13,3,3,bus,INTRUSION,CROSSED_RESTRICTED_ZONE,0.9445,368,225,C:\Users\sharm\CCTV-YOLO\IBVAP\backend\logs\snapshots\intrusion_0067.jpg
2026-09-11,09:31:14,3,3,bus,INTRUSION,CROSSED_RESTRICTED_ZONE,0.9471,368,224,C:\Users\sharm\CCTV-YOLO\IBVAP\backend\logs\snapshots\intrusion_0068.jpg
2026-09-11,09:31:15,3,3,bus,INTRUSION,CROSSED_RESTRICTED_ZONE,0.9458,369,224,C:\Users\sharm\CCTV-YOLO\IBVAP\backend\logs\snapshots\intrusion_0069.jpg
2026-09-11,09:31:15,3,3,bus,INTRUSION,CROSSED_RESTRICTED_ZONE,0.9442,369,224,C:\Users\sharm\CCTV-YOLO\IBVAP\backend\logs\snapshots\intrusion_0070.jpg
2026-09-11,09:31:16,3,3,bus,INTRUSION,CROSSED_RESTRICTED_ZONE,0.9460,369,224,C:\Users\sharm\CCTV-YOLO\IBVAP\backend\logs\snapshots\intrusion_0071.jpg
2026-09-11,09:31:16,3,3,bus,INTRUSION,CROSSED_RESTRICTED_ZONE,0.9395,369,224,C:\Users\sharm\CCTV-YOLO\IBVAP\backend\logs\snapshots\intrusion_0072.jpg
2026-09-11,09:31:17,178,4,person,SUSPICIOUS_ACTIVITY,ERRATIC MOVEMENT | LOITERING | RAPID MOVEMENT,1.0000,225,240,C:\Users\sharm\CCTV-YOLO\IBVAP\backend\logs\snapshots\suspicious_0017.jpg
2026-09-11,09:31:17,3,3,bus,INTRUSION,CROSSED_RESTRICTED_ZONE,0.9430,369,224,C:\Users\sharm\CCTV-YOLO\IBVAP\backend\logs\snapshots\intrusion_0073.jpg
2026-09-11,09:31:18,3,3,bus,INTRUSION,CROSSED_RESTRICTED_ZONE,0.9383,369,224,C:\Users\sharm\CCTV-YOLO\IBVAP\backend\logs\snapshots\intrusion_0074.jpg
2026-09-11,09:31:18,99,6,person,SUSPICIOUS_ACTIVITY,ERRATIC MOVEMENT,1.0000,192,409,C:\Users\sharm\CCTV-YOLO\IBVAP\backend\logs\snapshots\suspicious_0018.jpg
2026-09-11,09:31:18,3,3,bus,INTRUSION,CROSSED_RESTRICTED_ZONE,0.9373,369,224,C:\Users\sharm\CCTV-YOLO\IBVAP\backend\logs\snapshots\intrusion_0075.jpg
2026-09-11,09:31:19,3,3,bus,INTRUSION,CROSSED_RESTRICTED_ZONE,0.9465,370,224,C:\Users\sharm\CCTV-YOLO\IBVAP\backend\logs\snapshots\intrusion_0076.jpg
2026-09-11,09:31:20,3,3,bus,INTRUSION,CROSSED_RESTRICTED_ZONE,0.9484,370,224,C:\Users\sharm\CCTV-YOLO\IBVAP\backend\logs\snapshots\intrusion_0077.jpg
2026-09-11,09:31:20,3,3,bus,INTRUSION,CROSSED_RESTRICTED_ZONE,0.9491,370,224,C:\Users\sharm\CCTV-YOLO\IBVAP\backend\logs\snapshots\intrusion_0078.jpg
2026-09-11,09:31:21,3,3,bus,INTRUSION,CROSSED_RESTRICTED_ZONE,0.9431,370,224,C:\Users\sharm\CCTV-YOLO\IBVAP\backend\logs\snapshots\intrusion_0079.jpg
2026-09-11,09:31:22,3,3,bus,INTRUSION,CROSSED_RESTRICTED_ZONE,0.9494,370,224,C:\Users\sharm\CCTV-YOLO\IBVAP\backend\logs\snapshots\intrusion_0080.jpg
2026-09-11,09:31:22,3,3,bus,INTRUSION,CROSSED_RESTRICTED_ZONE,0.9527,371,224,C:\Users\sharm\CCTV-YOLO\IBVAP\backend\logs\snapshots\intrusion_0081.jpg
2026-09-11,09:31:23,3,3,bus,INTRUSION,CROSSED_RESTRICTED_ZONE,0.9410,371,225,C:\Users\sharm\CCTV-YOLO\IBVAP\backend\logs\snapshots\intrusion_0082.jpg
2026-09-11,09:31:24,3,3,bus,INTRUSION,CROSSED_RESTRICTED_ZONE,0.9383,371,225,C:\Users\sharm\CCTV-YOLO\IBVAP\backend\logs\snapshots\intrusion_0083.jpg
2026-09-11,09:31:24,3,3,bus,INTRUSION,CROSSED_RESTRICTED_ZONE,0.9345,371,225,C:\Users\sharm\CCTV-YOLO\IBVAP\backend\logs\snapshots\intrusion_0084.jpg
2026-09-11,09:31:25,3,3,bus,INTRUSION,CROSSED_RESTRICTED_ZONE,0.9326,372,225,C:\Users\sharm\CCTV-YOLO\IBVAP\backend\logs\snapshots\intrusion_0085.jpg
2026-09-11,09:31:25,3,3,bus,INTRUSION,CROSSED_RESTRICTED_ZONE,0.9402,372,225,C:\Users\sharm\CCTV-YOLO\IBVAP\backend\logs\snapshots\intrusion_0086.jpg
2026-09-11,09:31:26,3,3,bus,INTRUSION,CROSSED_RESTRICTED_ZONE,0.9318,372,224,C:\Users\sharm\CCTV-YOLO\IBVAP\backend\logs\snapshots\intrusion_0087.jpg
2026-09-11,09:31:27,3,3,bus,INTRUSION,CROSSED_RESTRICTED_ZONE,0.9334,372,225,C:\Users\sharm\CCTV-YOLO\IBVAP\backend\logs\snapshots\intrusion_0088.jpg
2026-09-11,09:31:27,178,4,person,SUSPICIOUS_ACTIVITY,ERRATIC MOVEMENT | LOITERING | RAPID MOVEMENT,1.0000,226,239,C:\Users\sharm\CCTV-YOLO\IBVAP\backend\logs\snapshots\suspicious_0019.jpg
2026-09-11,09:31:27,3,3,bus,INTRUSION,CROSSED_RESTRICTED_ZONE,0.9364,372,225,C:\Users\sharm\CCTV-YOLO\IBVAP\backend\logs\snapshots\intrusion_0089.jpg
2026-09-11,09:31:28,3,3,bus,INTRUSION,CROSSED_RESTRICTED_ZONE,0.9186,372,225,C:\Users\sharm\CCTV-YOLO\IBVAP\backend\logs\snapshots\intrusion_0090.jpg
2026-09-11,09:31:29,99,6,person,SUSPICIOUS_ACTIVITY,ERRATIC MOVEMENT,1.0000,194,397,C:\Users\sharm\CCTV-YOLO\IBVAP\backend\logs\snapshots\suspicious_0020.jpg
2026-09-11,09:31:29,3,3,bus,INTRUSION,CROSSED_RESTRICTED_ZONE,0.9358,372,225,C:\Users\sharm\CCTV-YOLO\IBVAP\backend\logs\snapshots\intrusion_0091.jpg
2026-09-11,09:31:29,3,3,bus,INTRUSION,CROSSED_RESTRICTED_ZONE,0.9293,372,225,C:\Users\sharm\CCTV-YOLO\IBVAP\backend\logs\snapshots\intrusion_0092.jpg
2026-09-11,09:31:30,3,3,bus,INTRUSION,CROSSED_RESTRICTED_ZONE,0.9154,373,226,C:\Users\sharm\CCTV-YOLO\IBVAP\backend\logs\snapshots\intrusion_0093.jpg
2026-09-11,09:31:31,3,3,bus,INTRUSION,CROSSED_RESTRICTED_ZONE,0.9077,373,225,C:\Users\sharm\CCTV-YOLO\IBVAP\backend\logs\snapshots\intrusion_0094.jpg
2026-09-11,09:31:31,3,3,bus,INTRUSION,CROSSED_RESTRICTED_ZONE,0.8875,373,225,C:\Users\sharm\CCTV-YOLO\IBVAP\backend\logs\snapshots\intrusion_0095.jpg
2026-09-11,09:31:32,3,3,bus,INTRUSION,CROSSED_RESTRICTED_ZONE,0.9029,373,226,C:\Users\sharm\CCTV-YOLO\IBVAP\backend\logs\snapshots\intrusion_0096.jpg
2026-09-11,09:31:33,3,3,bus,INTRUSION,CROSSED_RESTRICTED_ZONE,0.8480,373,226,C:\Users\sharm\CCTV-YOLO\IBVAP\backend\logs\snapshots\intrusion_0097.jpg
2026-09-11,09:31:33,3,3,bus,INTRUSION,CROSSED_RESTRICTED_ZONE,0.8612,373,227,C:\Users\sharm\CCTV-YOLO\IBVAP\backend\logs\snapshots\intrusion_0098.jpg
2026-09-11,09:31:34,3,3,bus,INTRUSION,CROSSED_RESTRICTED_ZONE,0.8990,373,227,C:\Users\sharm\CCTV-YOLO\IBVAP\backend\logs\snapshots\intrusion_0099.jpg
2026-09-11,09:31:35,3,3,bus,INTRUSION,CROSSED_RESTRICTED_ZONE,0.9043,373,227,C:\Users\sharm\CCTV-YOLO\IBVAP\backend\logs\snapshots\intrusion_0100.jpg
2026-09-11,09:31:35,3,3,bus,INTRUSION,CROSSED_RESTRICTED_ZONE,0.9219,374,227,C:\Users\sharm\CCTV-YOLO\IBVAP\backend\logs\snapshots\intrusion_0101.jpg
2026-09-11,09:31:36,3,3,bus,INTRUSION,CROSSED_RESTRICTED_ZONE,0.9251,374,227,C:\Users\sharm\CCTV-YOLO\IBVAP\backend\logs\snapshots\intrusion_0102.jpg
2026-09-11,09:31:37,207,9,person,SUSPICIOUS_ACTIVITY,RAPID MOVEMENT,0.5556,697,198,C:\Users\sharm\CCTV-YOLO\IBVAP\backend\logs\snapshots\suspicious_0021.jpg
2026-09-11,09:31:37,3,3,bus,INTRUSION,CROSSED_RESTRICTED_ZONE,0.9277,374,226,C:\Users\sharm\CCTV-YOLO\IBVAP\backend\logs\snapshots\intrusion_0103.jpg
2026-09-11,09:31:38,178,4,person,SUSPICIOUS_ACTIVITY,ERRATIC MOVEMENT | LOITERING | RAPID MOVEMENT,1.0000,220,240,C:\Users\sharm\CCTV-YOLO\IBVAP\backend\logs\snapshots\suspicious_0022.jpg
2026-09-11,09:31:38,3,3,bus,INTRUSION,CROSSED_RESTRICTED_ZONE,0.9304,374,226,C:\Users\sharm\CCTV-YOLO\IBVAP\backend\logs\snapshots\intrusion_0104.jpg
2026-09-11,09:31:38,3,3,bus,INTRUSION,CROSSED_RESTRICTED_ZONE,0.9345,374,227,C:\Users\sharm\CCTV-YOLO\IBVAP\backend\logs\snapshots\intrusion_0105.jpg
2026-09-11,09:31:39,99,6,person,SUSPICIOUS_ACTIVITY,ERRATIC MOVEMENT | LOITERING,1.0000,189,345,C:\Users\sharm\CCTV-YOLO\IBVAP\backend\logs\snapshots\suspicious_0023.jpg
2026-09-11,09:31:39,3,3,bus,INTRUSION,CROSSED_RESTRICTED_ZONE,0.9403,375,227,C:\Users\sharm\CCTV-YOLO\IBVAP\backend\logs\snapshots\intrusion_0106.jpg
2026-09-11,09:31:40,210,1,person,SUSPICIOUS_ACTIVITY,ERRATIC MOVEMENT | RAPID MOVEMENT,1.0000,257,240,C:\Users\sharm\CCTV-YOLO\IBVAP\backend\logs\snapshots\suspicious_0024.jpg
2026-09-11,09:31:40,3,3,bus,INTRUSION,CROSSED_RESTRICTED_ZONE,0.9304,375,227,C:\Users\sharm\CCTV-YOLO\IBVAP\backend\logs\snapshots\intrusion_0107.jpg
2026-09-11,09:31:40,3,3,bus,INTRUSION,CROSSED_RESTRICTED_ZONE,0.9350,375,228,C:\Users\sharm\CCTV-YOLO\IBVAP\backend\logs\snapshots\intrusion_0108.jpg
2026-09-11,09:31:41,3,3,bus,INTRUSION,CROSSED_RESTRICTED_ZONE,0.9400,375,227,C:\Users\sharm\CCTV-YOLO\IBVAP\backend\logs\snapshots\intrusion_0109.jpg
2026-09-11,09:31:42,3,3,bus,INTRUSION,CROSSED_RESTRICTED_ZONE,0.9409,375,227,C:\Users\sharm\CCTV-YOLO\IBVAP\backend\logs\snapshots\intrusion_0110.jpg
2026-09-11,09:31:42,3,3,bus,INTRUSION,CROSSED_RESTRICTED_ZONE,0.9368,376,227,C:\Users\sharm\CCTV-YOLO\IBVAP\backend\logs\snapshots\intrusion_0111.jpg
2026-09-11,09:31:43,3,3,bus,INTRUSION,CROSSED_RESTRICTED_ZONE,0.9439,377,227,C:\Users\sharm\CCTV-YOLO\IBVAP\backend\logs\snapshots\intrusion_0112.jpg
2026-09-11,09:31:44,3,3,bus,INTRUSION,CROSSED_RESTRICTED_ZONE,0.9435,377,227,C:\Users\sharm\CCTV-YOLO\IBVAP\backend\logs\snapshots\intrusion_0113.jpg
2026-09-11,09:31:44,3,3,bus,INTRUSION,CROSSED_RESTRICTED_ZONE,0.9224,377,226,C:\Users\sharm\CCTV-YOLO\IBVAP\backend\logs\snapshots\intrusion_0114.jpg
2026-09-11,09:31:45,3,3,bus,INTRUSION,CROSSED_RESTRICTED_ZONE,0.9245,377,226,C:\Users\sharm\CCTV-YOLO\IBVAP\backend\logs\snapshots\intrusion_0115.jpg
2026-09-11,09:31:46,3,3,bus,INTRUSION,CROSSED_RESTRICTED_ZONE,0.9267,376,226,C:\Users\sharm\CCTV-YOLO\IBVAP\backend\logs\snapshots\intrusion_0116.jpg
2026-09-11,09:31:46,3,3,bus,INTRUSION,CROSSED_RESTRICTED_ZONE,0.9261,376,225,C:\Users\sharm\CCTV-YOLO\IBVAP\backend\logs\snapshots\intrusion_0117.jpg
2026-09-11,09:31:47,207,9,person,SUSPICIOUS_ACTIVITY,RAPID MOVEMENT,0.6667,737,199,C:\Users\sharm\CCTV-YOLO\IBVAP\backend\logs\snapshots\suspicious_0025.jpg
2026-09-11,09:31:47,3,3,bus,INTRUSION,CROSSED_RESTRICTED_ZONE,0.9374,377,225,C:\Users\sharm\CCTV-YOLO\IBVAP\backend\logs\snapshots\intrusion_0118.jpg
2026-09-11,09:31:48,3,3,bus,INTRUSION,CROSSED_RESTRICTED_ZONE,0.9332,378,225,C:\Users\sharm\CCTV-YOLO\IBVAP\backend\logs\snapshots\intrusion_0119.jpg
2026-09-11,09:31:48,3,3,bus,INTRUSION,CROSSED_RESTRICTED_ZONE,0.9357,378,224,C:\Users\sharm\CCTV-YOLO\IBVAP\backend\logs\snapshots\intrusion_0120.jpg
2026-09-11,09:31:49,99,6,person,SUSPICIOUS_ACTIVITY,ERRATIC MOVEMENT | LOITERING,1.0000,195,333,C:\Users\sharm\CCTV-YOLO\IBVAP\backend\logs\snapshots\suspicious_0026.jpg
2026-09-11,09:31:49,3,3,bus,INTRUSION,CROSSED_RESTRICTED_ZONE,0.9390,378,225,C:\Users\sharm\CCTV-YOLO\IBVAP\backend\logs\snapshots\intrusion_0121.jpg
2026-09-11,09:31:50,210,1,person,SUSPICIOUS_ACTIVITY,ERRATIC MOVEMENT,1.0000,252,240,C:\Users\sharm\CCTV-YOLO\IBVAP\backend\logs\snapshots\suspicious_0027.jpg
2026-09-11,09:31:50,3,3,bus,INTRUSION,CROSSED_RESTRICTED_ZONE,0.9378,378,226,C:\Users\sharm\CCTV-YOLO\IBVAP\backend\logs\snapshots\intrusion_0122.jpg
2026-09-11,09:31:51,3,3,bus,INTRUSION,CROSSED_RESTRICTED_ZONE,0.9256,378,225,C:\Users\sharm\CCTV-YOLO\IBVAP\backend\logs\snapshots\intrusion_0123.jpg
2026-09-11,09:31:51,3,3,bus,INTRUSION,CROSSED_RESTRICTED_ZONE,0.9194,379,225,C:\Users\sharm\CCTV-YOLO\IBVAP\backend\logs\snapshots\intrusion_0124.jpg
2026-09-11,09:31:52,3,3,bus,INTRUSION,CROSSED_RESTRICTED_ZONE,0.9221,379,225,C:\Users\sharm\CCTV-YOLO\IBVAP\backend\logs\snapshots\intrusion_0125.jpg
2026-09-11,09:31:53,3,3,bus,INTRUSION,CROSSED_RESTRICTED_ZONE,0.9250,379,225,C:\Users\sharm\CCTV-YOLO\IBVAP\backend\logs\snapshots\intrusion_0126.jpg
2026-09-11,09:31:53,3,3,bus,INTRUSION,CROSSED_RESTRICTED_ZONE,0.9075,380,224,C:\Users\sharm\CCTV-YOLO\IBVAP\backend\logs\snapshots\intrusion_0127.jpg
2026-09-11,09:31:54,3,3,bus,INTRUSION,CROSSED_RESTRICTED_ZONE,0.9058,380,224,C:\Users\sharm\CCTV-YOLO\IBVAP\backend\logs\snapshots\intrusion_0128.jpg
2026-09-11,09:31:55,3,3,bus,INTRUSION,CROSSED_RESTRICTED_ZONE,0.8919,380,223,C:\Users\sharm\CCTV-YOLO\IBVAP\backend\logs\snapshots\intrusion_0129.jpg
2026-09-11,09:31:55,3,3,bus,INTRUSION,CROSSED_RESTRICTED_ZONE,0.8877,380,222,C:\Users\sharm\CCTV-YOLO\IBVAP\backend\logs\snapshots\intrusion_0130.jpg
2026-09-11,09:31:56,3,3,bus,INTRUSION,CROSSED_RESTRICTED_ZONE,0.8702,380,221,C:\Users\sharm\CCTV-YOLO\IBVAP\backend\logs\snapshots\intrusion_0131.jpg
2026-09-11,09:31:57,3,3,bus,INTRUSION,CROSSED_RESTRICTED_ZONE,0.8984,380,222,C:\Users\sharm\CCTV-YOLO\IBVAP\backend\logs\snapshots\intrusion_0132.jpg
2026-09-11,09:31:57,3,3,bus,INTRUSION,CROSSED_RESTRICTED_ZONE,0.9106,381,223,C:\Users\sharm\CCTV-YOLO\IBVAP\backend\logs\snapshots\intrusion_0133.jpg
2026-09-11,09:31:58,3,3,bus,INTRUSION,CROSSED_RESTRICTED_ZONE,0.8948,381,224,C:\Users\sharm\CCTV-YOLO\IBVAP\backend\logs\snapshots\intrusion_0134.jpg
2026-09-11,09:31:59,3,3,bus,INTRUSION,CROSSED_RESTRICTED_ZONE,0.9070,382,224,C:\Users\sharm\CCTV-YOLO\IBVAP\backend\logs\snapshots\intrusion_0135.jpg
2026-09-11,09:31:59,99,6,person,SUSPICIOUS_ACTIVITY,ERRATIC MOVEMENT | LOITERING,1.0000,198,334,C:\Users\sharm\CCTV-YOLO\IBVAP\backend\logs\snapshots\suspicious_0028.jpg
2026-09-11,09:31:59,3,3,bus,INTRUSION,CROSSED_RESTRICTED_ZONE,0.9038,382,225,C:\Users\sharm\CCTV-YOLO\IBVAP\backend\logs\snapshots\intrusion_0136.jpg
2026-09-11,09:32:00,210,1,person,SUSPICIOUS_ACTIVITY,ERRATIC MOVEMENT,1.0000,253,240,C:\Users\sharm\CCTV-YOLO\IBVAP\backend\logs\snapshots\suspicious_0029.jpg
2026-09-11,09:32:00,3,3,bus,INTRUSION,CROSSED_RESTRICTED_ZONE,0.9075,382,225,C:\Users\sharm\CCTV-YOLO\IBVAP\backend\logs\snapshots\intrusion_0137.jpg
2026-09-11,09:32:01,3,3,bus,INTRUSION,CROSSED_RESTRICTED_ZONE,0.9152,382,225,C:\Users\sharm\CCTV-YOLO\IBVAP\backend\logs\snapshots\intrusion_0138.jpg
2026-09-11,09:32:01,3,3,bus,INTRUSION,CROSSED_RESTRICTED_ZONE,0.9186,382,226,C:\Users\sharm\CCTV-YOLO\IBVAP\backend\logs\snapshots\intrusion_0139.jpg
2026-09-11,09:32:02,3,3,bus,INTRUSION,CROSSED_RESTRICTED_ZONE,0.9177,382,226,C:\Users\sharm\CCTV-YOLO\IBVAP\backend\logs\snapshots\intrusion_0140.jpg
2026-09-11,09:32:03,3,3,bus,INTRUSION,CROSSED_RESTRICTED_ZONE,0.9046,383,227,C:\Users\sharm\CCTV-YOLO\IBVAP\backend\logs\snapshots\intrusion_0141.jpg
2026-09-11,09:32:03,3,3,bus,INTRUSION,CROSSED_RESTRICTED_ZONE,0.9246,383,226,C:\Users\sharm\CCTV-YOLO\IBVAP\backend\logs\snapshots\intrusion_0142.jpg
2026-09-11,09:32:04,3,3,bus,INTRUSION,CROSSED_RESTRICTED_ZONE,0.9205,383,226,C:\Users\sharm\CCTV-YOLO\IBVAP\backend\logs\snapshots\intrusion_0143.jpg
2026-09-11,09:32:05,3,3,bus,INTRUSION,CROSSED_RESTRICTED_ZONE,0.9134,383,226,C:\Users\sharm\CCTV-YOLO\IBVAP\backend\logs\snapshots\intrusion_0144.jpg
2026-09-11,09:32:05,3,3,bus,INTRUSION,CROSSED_RESTRICTED_ZONE,0.9101,383,226,C:\Users\sharm\CCTV-YOLO\IBVAP\backend\logs\snapshots\intrusion_0145.jpg
2026-09-11,09:32:06,3,3,bus,INTRUSION,CROSSED_RESTRICTED_ZONE,0.9224,383,226,C:\Users\sharm\CCTV-YOLO\IBVAP\backend\logs\snapshots\intrusion_0146.jpg
2026-09-11,09:32:06,3,3,bus,INTRUSION,CROSSED_RESTRICTED_ZONE,0.9153,383,227,C:\Users\sharm\CCTV-YOLO\IBVAP\backend\logs\snapshots\intrusion_0147.jpg
2026-09-11,09:32:07,3,3,bus,INTRUSION,CROSSED_RESTRICTED_ZONE,0.9049,383,226,C:\Users\sharm\CCTV-YOLO\IBVAP\backend\logs\snapshots\intrusion_0148.jpg
2026-09-11,09:32:08,3,3,bus,INTRUSION,CROSSED_RESTRICTED_ZONE,0.8850,383,226,C:\Users\sharm\CCTV-YOLO\IBVAP\backend\logs\snapshots\intrusion_0149.jpg
2026-09-11,09:32:08,3,3,bus,INTRUSION,CROSSED_RESTRICTED_ZONE,0.9014,384,226,C:\Users\sharm\CCTV-YOLO\IBVAP\backend\logs\snapshots\intrusion_0150.jpg
2026-09-11,09:32:09,3,3,bus,INTRUSION,CROSSED_RESTRICTED_ZONE,0.9084,384,226,C:\Users\sharm\CCTV-YOLO\IBVAP\backend\logs\snapshots\intrusion_0151.jpg
2026-09-11,09:32:09,99,6,person,SUSPICIOUS_ACTIVITY,ERRATIC MOVEMENT | LOITERING,1.0000,198,334,C:\Users\sharm\CCTV-YOLO\IBVAP\backend\logs\snapshots\suspicious_0030.jpg
2026-09-11,09:32:09,3,3,bus,INTRUSION,CROSSED_RESTRICTED_ZONE,0.9157,384,227,C:\Users\sharm\CCTV-YOLO\IBVAP\backend\logs\snapshots\intrusion_0152.jpg
2026-09-11,09:32:10,3,3,bus,INTRUSION,CROSSED_RESTRICTED_ZONE,0.9113,384,227,C:\Users\sharm\CCTV-YOLO\IBVAP\backend\logs\snapshots\intrusion_0153.jpg
2026-09-11,09:32:11,3,3,bus,INTRUSION,CROSSED_RESTRICTED_ZONE,0.9023,384,227,C:\Users\sharm\CCTV-YOLO\IBVAP\backend\logs\snapshots\intrusion_0154.jpg
2026-09-11,09:32:11,3,3,bus,INTRUSION,CROSSED_RESTRICTED_ZONE,0.8966,384,228,C:\Users\sharm\CCTV-YOLO\IBVAP\backend\logs\snapshots\intrusion_0155.jpg
2026-09-11,09:32:12,3,3,bus,INTRUSION,CROSSED_RESTRICTED_ZONE,0.8901,385,228,C:\Users\sharm\CCTV-YOLO\IBVAP\backend\logs\snapshots\intrusion_0156.jpg
2026-09-11,09:32:13,3,3,bus,INTRUSION,CROSSED_RESTRICTED_ZONE,0.8729,385,228,C:\Users\sharm\CCTV-YOLO\IBVAP\backend\logs\snapshots\intrusion_0157.jpg
2026-09-11,09:32:13,3,3,bus,INTRUSION,CROSSED_RESTRICTED_ZONE,0.8891,385,228,C:\Users\sharm\CCTV-YOLO\IBVAP\backend\logs\snapshots\intrusion_0158.jpg
2026-09-11,09:32:14,3,3,bus,INTRUSION,CROSSED_RESTRICTED_ZONE,0.8930,385,228,C:\Users\sharm\CCTV-YOLO\IBVAP\backend\logs\snapshots\intrusion_0159.jpg
2026-09-11,09:32:15,3,3,bus,INTRUSION,CROSSED_RESTRICTED_ZONE,0.8921,386,228,C:\Users\sharm\CCTV-YOLO\IBVAP\backend\logs\snapshots\intrusion_0160.jpg
2026-09-11,09:32:16,3,3,bus,INTRUSION,CROSSED_RESTRICTED_ZONE,0.9038,386,227,C:\Users\sharm\CCTV-YOLO\IBVAP\backend\logs\snapshots\intrusion_0161.jpg
2026-09-11,09:32:16,3,3,bus,INTRUSION,CROSSED_RESTRICTED_ZONE,0.8971,386,228,C:\Users\sharm\CCTV-YOLO\IBVAP\backend\logs\snapshots\intrusion_0162.jpg
2026-09-11,09:32:17,3,3,bus,INTRUSION,CROSSED_RESTRICTED_ZONE,0.9043,386,228,C:\Users\sharm\CCTV-YOLO\IBVAP\backend\logs\snapshots\intrusion_0163.jpg
2026-09-11,09:32:18,3,3,bus,INTRUSION,CROSSED_RESTRICTED_ZONE,0.8920,386,227,C:\Users\sharm\CCTV-YOLO\IBVAP\backend\logs\snapshots\intrusion_0164.jpg
2026-09-11,09:32:19,3,3,bus,INTRUSION,CROSSED_RESTRICTED_ZONE,0.8829,386,227,C:\Users\sharm\CCTV-YOLO\IBVAP\backend\logs\snapshots\intrusion_0165.jpg
2026-09-11,09:32:19,3,3,bus,INTRUSION,CROSSED_RESTRICTED_ZONE,0.8868,386,226,C:\Users\sharm\CCTV-YOLO\IBVAP\backend\logs\snapshots\intrusion_0166.jpg
2026-09-11,09:32:20,99,6,person,SUSPICIOUS_ACTIVITY,ERRATIC MOVEMENT | LOITERING,1.0000,253,334,C:\Users\sharm\CCTV-YOLO\IBVAP\backend\logs\snapshots\suspicious_0031.jpg
2026-09-11,09:32:20,3,3,bus,INTRUSION,CROSSED_RESTRICTED_ZONE,0.9055,386,226,C:\Users\sharm\CCTV-YOLO\IBVAP\backend\logs\snapshots\intrusion_0167.jpg
2026-09-11,09:32:20,3,3,bus,INTRUSION,CROSSED_RESTRICTED_ZONE,0.9130,386,226,C:\Users\sharm\CCTV-YOLO\IBVAP\backend\logs\snapshots\intrusion_0168.jpg
2026-09-11,09:32:21,3,3,bus,INTRUSION,CROSSED_RESTRICTED_ZONE,0.9188,386,227,C:\Users\sharm\CCTV-YOLO\IBVAP\backend\logs\snapshots\intrusion_0169.jpg
2026-09-11,09:32:22,3,3,bus,INTRUSION,CROSSED_RESTRICTED_ZONE,0.9137,386,227,C:\Users\sharm\CCTV-YOLO\IBVAP\backend\logs\snapshots\intrusion_0170.jpg
2026-09-11,09:32:22,3,3,bus,INTRUSION,CROSSED_RESTRICTED_ZONE,0.9165,387,227,C:\Users\sharm\CCTV-YOLO\IBVAP\backend\logs\snapshots\intrusion_0171.jpg
2026-09-11,09:32:23,221,4,person,SUSPICIOUS_ACTIVITY,ERRATIC MOVEMENT | LOITERING | RAPID MOVEMENT,1.0000,208,246,C:\Users\sharm\CCTV-YOLO\IBVAP\backend\logs\snapshots\suspicious_0032.jpg
2026-09-11,09:32:23,3,3,bus,INTRUSION,CROSSED_RESTRICTED_ZONE,0.9209,387,228,C:\Users\sharm\CCTV-YOLO\IBVAP\backend\logs\snapshots\intrusion_0172.jpg
2026-09-11,09:32:23,3,3,bus,INTRUSION,CROSSED_RESTRICTED_ZONE,0.9236,387,228,C:\Users\sharm\CCTV-YOLO\IBVAP\backend\logs\snapshots\intrusion_0173.jpg
2026-09-11,09:32:24,3,3,bus,INTRUSION,CROSSED_RESTRICTED_ZONE,0.9226,387,228,C:\Users\sharm\CCTV-YOLO\IBVAP\backend\logs\snapshots\intrusion_0174.jpg
2026-09-11,09:32:25,3,3,bus,INTRUSION,CROSSED_RESTRICTED_ZONE,0.9257,387,227,C:\Users\sharm\CCTV-YOLO\IBVAP\backend\logs\snapshots\intrusion_0175.jpg
2026-09-11,09:32:25,3,3,bus,INTRUSION,CROSSED_RESTRICTED_ZONE,0.9174,387,228,C:\Users\sharm\CCTV-YOLO\IBVAP\backend\logs\snapshots\intrusion_0176.jpg
2026-09-11,09:32:26,3,3,bus,INTRUSION,CROSSED_RESTRICTED_ZONE,0.9258,387,228,C:\Users\sharm\CCTV-YOLO\IBVAP\backend\logs\snapshots\intrusion_0177.jpg
2026-09-11,09:32:27,3,3,bus,INTRUSION,CROSSED_RESTRICTED_ZONE,0.9235,387,228,C:\Users\sharm\CCTV-YOLO\IBVAP\backend\logs\snapshots\intrusion_0178.jpg
2026-09-11,09:32:27,3,3,bus,INTRUSION,CROSSED_RESTRICTED_ZONE,0.9207,388,228,C:\Users\sharm\CCTV-YOLO\IBVAP\backend\logs\snapshots\intrusion_0179.jpg
2026-09-11,09:32:28,3,3,bus,INTRUSION,CROSSED_RESTRICTED_ZONE,0.9194,388,228,C:\Users\sharm\CCTV-YOLO\IBVAP\backend\logs\snapshots\intrusion_0180.jpg
2026-09-11,09:32:28,3,3,bus,INTRUSION,CROSSED_RESTRICTED_ZONE,0.9258,387,228,C:\Users\sharm\CCTV-YOLO\IBVAP\backend\logs\snapshots\intrusion_0181.jpg
2026-09-11,09:32:29,3,3,bus,INTRUSION,CROSSED_RESTRICTED_ZONE,0.9132,388,227,C:\Users\sharm\CCTV-YOLO\IBVAP\backend\logs\snapshots\intrusion_0182.jpg
2026-09-11,09:32:30,3,3,bus,INTRUSION,CROSSED_RESTRICTED_ZONE,0.9060,388,226,C:\Users\sharm\CCTV-YOLO\IBVAP\backend\logs\snapshots\intrusion_0183.jpg
2026-09-11,09:32:30,99,6,person,SUSPICIOUS_ACTIVITY,ERRATIC MOVEMENT | LOITERING,1.0000,277,334,C:\Users\sharm\CCTV-YOLO\IBVAP\backend\logs\snapshots\suspicious_0033.jpg
2026-09-11,09:32:30,3,3,bus,INTRUSION,CROSSED_RESTRICTED_ZONE,0.9047,388,226,C:\Users\sharm\CCTV-YOLO\IBVAP\backend\logs\snapshots\intrusion_0184.jpg
2026-09-11,09:32:31,3,3,bus,INTRUSION,CROSSED_RESTRICTED_ZONE,0.9159,388,225,C:\Users\sharm\CCTV-YOLO\IBVAP\backend\logs\snapshots\intrusion_0185.jpg
2026-09-11,09:32:31,3,3,bus,INTRUSION,CROSSED_RESTRICTED_ZONE,0.9176,388,225,C:\Users\sharm\CCTV-YOLO\IBVAP\backend\logs\snapshots\intrusion_0186.jpg
2026-09-11,09:32:32,228,1,person,SUSPICIOUS_ACTIVITY,ERRATIC MOVEMENT,1.0000,231,247,C:\Users\sharm\CCTV-YOLO\IBVAP\backend\logs\snapshots\suspicious_0034.jpg
2026-09-11,09:32:32,3,3,bus,INTRUSION,CROSSED_RESTRICTED_ZONE,0.9244,388,225,C:\Users\sharm\CCTV-YOLO\IBVAP\backend\logs\snapshots\intrusion_0187.jpg
2026-09-11,09:32:33,3,3,bus,INTRUSION,CROSSED_RESTRICTED_ZONE,0.9163,388,225,C:\Users\sharm\CCTV-YOLO\IBVAP\backend\logs\snapshots\intrusion_0188.jpg
2026-09-11,09:32:33,221,4,person,SUSPICIOUS_ACTIVITY,ERRATIC MOVEMENT | LOITERING,1.0000,205,243,C:\Users\sharm\CCTV-YOLO\IBVAP\backend\logs\snapshots\suspicious_0035.jpg
2026-09-11,09:32:33,3,3,bus,INTRUSION,CROSSED_RESTRICTED_ZONE,0.9173,388,225,C:\Users\sharm\CCTV-YOLO\IBVAP\backend\logs\snapshots\intrusion_0189.jpg
2026-09-11,09:32:34,3,3,bus,INTRUSION,CROSSED_RESTRICTED_ZONE,0.9153,389,225,C:\Users\sharm\CCTV-YOLO\IBVAP\backend\logs\snapshots\intrusion_0190.jpg
2026-09-11,09:32:34,3,3,bus,INTRUSION,CROSSED_RESTRICTED_ZONE,0.9008,389,224,C:\Users\sharm\CCTV-YOLO\IBVAP\backend\logs\snapshots\intrusion_0191.jpg
2026-09-11,09:32:35,3,3,bus,INTRUSION,CROSSED_RESTRICTED_ZONE,0.9062,389,224,C:\Users\sharm\CCTV-YOLO\IBVAP\backend\logs\snapshots\intrusion_0192.jpg
2026-09-11,09:32:36,3,3,bus,INTRUSION,CROSSED_RESTRICTED_ZONE,0.9139,389,224,C:\Users\sharm\CCTV-YOLO\IBVAP\backend\logs\snapshots\intrusion_0193.jpg
2026-09-11,09:32:36,3,3,bus,INTRUSION,CROSSED_RESTRICTED_ZONE,0.9209,389,224,C:\Users\sharm\CCTV-YOLO\IBVAP\backend\logs\snapshots\intrusion_0194.jpg
2026-09-11,09:32:37,3,3,bus,INTRUSION,CROSSED_RESTRICTED_ZONE,0.9141,389,225,C:\Users\sharm\CCTV-YOLO\IBVAP\backend\logs\snapshots\intrusion_0195.jpg
2026-09-11,09:32:38,3,3,bus,INTRUSION,CROSSED_RESTRICTED_ZONE,0.9148,389,225,C:\Users\sharm\CCTV-YOLO\IBVAP\backend\logs\snapshots\intrusion_0196.jpg
2026-09-11,09:32:38,3,3,bus,INTRUSION,CROSSED_RESTRICTED_ZONE,0.9201,389,226,C:\Users\sharm\CCTV-YOLO\IBVAP\backend\logs\snapshots\intrusion_0197.jpg
2026-09-11,09:32:39,3,3,bus,INTRUSION,CROSSED_RESTRICTED_ZONE,0.9150,390,227,C:\Users\sharm\CCTV-YOLO\IBVAP\backend\logs\snapshots\intrusion_0198.jpg
2026-09-11,09:32:39,3,3,bus,INTRUSION,CROSSED_RESTRICTED_ZONE,0.9241,390,227,C:\Users\sharm\CCTV-YOLO\IBVAP\backend\logs\snapshots\intrusion_0199.jpg
2026-09-11,09:32:40,3,3,bus,INTRUSION,CROSSED_RESTRICTED_ZONE,0.9234,390,227,C:\Users\sharm\CCTV-YOLO\IBVAP\backend\logs\snapshots\intrusion_0200.jpg
2026-09-11,09:32:41,99,6,person,SUSPICIOUS_ACTIVITY,ERRATIC MOVEMENT | LOITERING,1.0000,274,334,C:\Users\sharm\CCTV-YOLO\IBVAP\backend\logs\snapshots\suspicious_0036.jpg
2026-09-11,09:32:41,3,3,bus,INTRUSION,CROSSED_RESTRICTED_ZONE,0.9226,390,227,C:\Users\sharm\CCTV-YOLO\IBVAP\backend\logs\snapshots\intrusion_0201.jpg
2026-09-11,09:32:41,3,3,bus,INTRUSION,CROSSED_RESTRICTED_ZONE,0.9203,390,226,C:\Users\sharm\CCTV-YOLO\IBVAP\backend\logs\snapshots\intrusion_0202.jpg
2026-09-11,09:32:42,167,8,person,SUSPICIOUS_ACTIVITY,LOITERING,0.4167,14,385,C:\Users\sharm\CCTV-YOLO\IBVAP\backend\logs\snapshots\suspicious_0037.jpg
2026-09-11,09:32:42,3,3,bus,INTRUSION,CROSSED_RESTRICTED_ZONE,0.9251,390,226,C:\Users\sharm\CCTV-YOLO\IBVAP\backend\logs\snapshots\intrusion_0203.jpg
2026-09-11,09:32:42,228,1,person,SUSPICIOUS_ACTIVITY,ERRATIC MOVEMENT,1.0000,229,244,C:\Users\sharm\CCTV-YOLO\IBVAP\backend\logs\snapshots\suspicious_0038.jpg
2026-09-11,09:32:42,3,3,bus,INTRUSION,CROSSED_RESTRICTED_ZONE,0.9164,390,226,C:\Users\sharm\CCTV-YOLO\IBVAP\backend\logs\snapshots\intrusion_0204.jpg
2026-09-11,09:32:43,3,3,bus,INTRUSION,CROSSED_RESTRICTED_ZONE,0.9060,391,228,C:\Users\sharm\CCTV-YOLO\IBVAP\backend\logs\snapshots\intrusion_0205.jpg
2026-09-11,09:32:44,221,4,person,SUSPICIOUS_ACTIVITY,ERRATIC MOVEMENT | LOITERING,1.0000,199,245,C:\Users\sharm\CCTV-YOLO\IBVAP\backend\logs\snapshots\suspicious_0039.jpg
2026-09-11,09:32:44,3,3,bus,INTRUSION,CROSSED_RESTRICTED_ZONE,0.9052,391,228,C:\Users\sharm\CCTV-YOLO\IBVAP\backend\logs\snapshots\intrusion_0206.jpg
2026-09-11,09:32:44,3,3,bus,INTRUSION,CROSSED_RESTRICTED_ZONE,0.9145,387,229,C:\Users\sharm\CCTV-YOLO\IBVAP\backend\logs\snapshots\intrusion_0207.jpg
2026-09-11,09:32:45,3,3,bus,INTRUSION,CROSSED_RESTRICTED_ZONE,0.9104,386,229,C:\Users\sharm\CCTV-YOLO\IBVAP\backend\logs\snapshots\intrusion_0208.jpg
2026-09-11,10:27:47,1,1,person,INTRUSION,CROSSED_RESTRICTED_ZONE,0.8940,198,239,C:\Users\sharm\CCTV-YOLO\IBVAP\backend\logs\snapshots\intrusion_0001.jpg
2026-09-11,10:27:48,3,3,bus,INTRUSION,CROSSED_RESTRICTED_ZONE,0.7503,307,222,C:\Users\sharm\CCTV-YOLO\IBVAP\backend\logs\snapshots\intrusion_0002.jpg
2026-09-11,10:27:49,4,1,person,SUSPICIOUS_ACTIVITY,RAPID MOVEMENT,0.8333,198,239,C:\Users\sharm\CCTV-YOLO\IBVAP\backend\logs\snapshots\suspicious_0001.jpg
2026-09-11,10:27:59,4,1,person,SUSPICIOUS_ACTIVITY,ERRATIC MOVEMENT | RAPID MOVEMENT,1.0000,200,238,C:\Users\sharm\CCTV-YOLO\IBVAP\backend\logs\snapshots\suspicious_0002.jpg
2026-09-11,10:28:09,1,1,person,SUSPICIOUS_ACTIVITY,ERRATIC MOVEMENT | RAPID MOVEMENT,1.0000,231,339,C:\Users\sharm\CCTV-YOLO\IBVAP\backend\logs\snapshots\suspicious_0003.jpg
2026-09-11,10:28:19,60,4,person,INTRUSION,CROSSED_RESTRICTED_ZONE,0.4021,175,227,C:\Users\sharm\CCTV-YOLO\IBVAP\backend\logs\snapshots\intrusion_0003.jpg
2026-09-11,10:28:20,1,1,person,SUSPICIOUS_ACTIVITY,ERRATIC MOVEMENT | RAPID MOVEMENT,1.0000,111,331,C:\Users\sharm\CCTV-YOLO\IBVAP\backend\logs\snapshots\suspicious_0004.jpg
2026-09-11,10:28:22,69,4,person,SUSPICIOUS_ACTIVITY,RAPID MOVEMENT,0.4167,174,226,C:\Users\sharm\CCTV-YOLO\IBVAP\backend\logs\snapshots\suspicious_0005.jpg
2026-09-11,10:28:28,92,6,person,INTRUSION,CROSSED_RESTRICTED_ZONE,0.3137,477,220,C:\Users\sharm\CCTV-YOLO\IBVAP\backend\logs\snapshots\intrusion_0004.jpg
2026-09-11,10:28:30,93,1,person,SUSPICIOUS_ACTIVITY,ERRATIC MOVEMENT | RAPID MOVEMENT,1.0000,209,237,C:\Users\sharm\CCTV-YOLO\IBVAP\backend\logs\snapshots\suspicious_0006.jpg
2026-09-11,10:28:32,67,4,person,SUSPICIOUS_ACTIVITY,ERRATIC MOVEMENT | RAPID MOVEMENT,1.0000,162,228,C:\Users\sharm\CCTV-YOLO\IBVAP\backend\logs\snapshots\suspicious_0007.jpg
2026-09-11,10:28:34,99,6,person,SUSPICIOUS_ACTIVITY,RAPID MOVEMENT,0.4167,368,297,C:\Users\sharm\CCTV-YOLO\IBVAP\backend\logs\snapshots\suspicious_0008.jpg
2026-09-11,10:28:40,4,1,person,SUSPICIOUS_ACTIVITY,ERRATIC MOVEMENT,1.0000,202,243,C:\Users\sharm\CCTV-YOLO\IBVAP\backend\logs\snapshots\suspicious_0009.jpg
2026-09-11,10:28:42,67,4,person,SUSPICIOUS_ACTIVITY,ERRATIC MOVEMENT | RAPID MOVEMENT,1.0000,165,232,C:\Users\sharm\CCTV-YOLO\IBVAP\backend\logs\snapshots\suspicious_0010.jpg
2026-09-11,10:28:44,99,6,person,SUSPICIOUS_ACTIVITY,ERRATIC MOVEMENT,1.0000,126,340,C:\Users\sharm\CCTV-YOLO\IBVAP\backend\logs\snapshots\suspicious_0011.jpg
2026-09-11,10:28:51,4,1,person,SUSPICIOUS_ACTIVITY,ERRATIC MOVEMENT,1.0000,206,241,C:\Users\sharm\CCTV-YOLO\IBVAP\backend\logs\snapshots\suspicious_0012.jpg
2026-09-11,10:28:52,67,4,person,SUSPICIOUS_ACTIVITY,ERRATIC MOVEMENT | LOITERING | RAPID MOVEMENT,1.0000,167,236,C:\Users\sharm\CCTV-YOLO\IBVAP\backend\logs\snapshots\suspicious_0013.jpg
2026-09-11,10:28:53,3,3,bus,INTRUSION,CROSSED_RESTRICTED_ZONE,0.9429,331,223,C:\Users\sharm\CCTV-YOLO\IBVAP\backend\logs\snapshots\intrusion_0005.jpg
2026-09-11,10:28:54,99,6,person,SUSPICIOUS_ACTIVITY,ERRATIC MOVEMENT,1.0000,163,339,C:\Users\sharm\CCTV-YOLO\IBVAP\backend\logs\snapshots\suspicious_0014.jpg
2026-09-11,10:28:54,3,3,bus,INTRUSION,CROSSED_RESTRICTED_ZONE,0.9427,334,223,C:\Users\sharm\CCTV-YOLO\IBVAP\backend\logs\snapshots\intrusion_0006.jpg
2026-09-11,10:28:54,3,3,bus,INTRUSION,CROSSED_RESTRICTED_ZONE,0.9543,338,225,C:\Users\sharm\CCTV-YOLO\IBVAP\backend\logs\snapshots\intrusion_0007.jpg
2026-09-11,10:28:55,3,3,bus,INTRUSION,CROSSED_RESTRICTED_ZONE,0.9500,340,225,C:\Users\sharm\CCTV-YOLO\IBVAP\backend\logs\snapshots\intrusion_0008.jpg
2026-09-11,10:28:56,3,3,bus,INTRUSION,CROSSED_RESTRICTED_ZONE,0.9472,343,225,C:\Users\sharm\CCTV-YOLO\IBVAP\backend\logs\snapshots\intrusion_0009.jpg
2026-09-11,10:28:56,3,3,bus,INTRUSION,CROSSED_RESTRICTED_ZONE,0.9484,345,224,C:\Users\sharm\CCTV-YOLO\IBVAP\backend\logs\snapshots\intrusion_0010.jpg
2026-09-11,10:28:57,3,3,bus,INTRUSION,CROSSED_RESTRICTED_ZONE,0.9506,347,223,C:\Users\sharm\CCTV-YOLO\IBVAP\backend\logs\snapshots\intrusion_0011.jpg
2026-09-11,10:28:58,3,3,bus,INTRUSION,CROSSED_RESTRICTED_ZONE,0.9517,349,224,C:\Users\sharm\CCTV-YOLO\IBVAP\backend\logs\snapshots\intrusion_0012.jpg
2026-09-11,10:28:58,3,3,bus,INTRUSION,CROSSED_RESTRICTED_ZONE,0.9068,352,223,C:\Users\sharm\CCTV-YOLO\IBVAP\backend\logs\snapshots\intrusion_0013.jpg
2026-09-11,10:28:59,3,3,bus,INTRUSION,CROSSED_RESTRICTED_ZONE,0.9490,356,223,C:\Users\sharm\CCTV-YOLO\IBVAP\backend\logs\snapshots\intrusion_0014.jpg
2026-09-11,10:29:00,3,3,bus,INTRUSION,CROSSED_RESTRICTED_ZONE,0.9266,360,225,C:\Users\sharm\CCTV-YOLO\IBVAP\backend\logs\snapshots\intrusion_0015.jpg
2026-09-11,10:29:00,3,3,bus,INTRUSION,CROSSED_RESTRICTED_ZONE,0.9349,362,226,C:\Users\sharm\CCTV-YOLO\IBVAP\backend\logs\snapshots\intrusion_0016.jpg
2026-09-11,10:29:01,3,3,bus,INTRUSION,CROSSED_RESTRICTED_ZONE,0.9292,364,226,C:\Users\sharm\CCTV-YOLO\IBVAP\backend\logs\snapshots\intrusion_0017.jpg
2026-09-11,10:29:02,3,3,bus,INTRUSION,CROSSED_RESTRICTED_ZONE,0.9212,365,225,C:\Users\sharm\CCTV-YOLO\IBVAP\backend\logs\snapshots\intrusion_0018.jpg
2026-09-11,10:29:02,3,3,bus,INTRUSION,CROSSED_RESTRICTED_ZONE,0.9321,366,225,C:\Users\sharm\CCTV-YOLO\IBVAP\backend\logs\snapshots\intrusion_0019.jpg
2026-09-11,10:29:03,3,3,bus,INTRUSION,CROSSED_RESTRICTED_ZONE,0.9416,367,225,C:\Users\sharm\CCTV-YOLO\IBVAP\backend\logs\snapshots\intrusion_0020.jpg
2026-09-11,10:29:04,99,6,person,SUSPICIOUS_ACTIVITY,ERRATIC MOVEMENT,1.0000,255,335,C:\Users\sharm\CCTV-YOLO\IBVAP\backend\logs\snapshots\suspicious_0015.jpg
2026-09-11,10:29:04,3,3,bus,INTRUSION,CROSSED_RESTRICTED_ZONE,0.9402,367,225,C:\Users\sharm\CCTV-YOLO\IBVAP\backend\logs\snapshots\intrusion_0021.jpg
2026-09-11,10:29:05,3,3,bus,INTRUSION,CROSSED_RESTRICTED_ZONE,0.9373,366,225,C:\Users\sharm\CCTV-YOLO\IBVAP\backend\logs\snapshots\intrusion_0022.jpg
2026-09-11,10:29:06,3,3,bus,INTRUSION,CROSSED_RESTRICTED_ZONE,0.9371,366,224,C:\Users\sharm\CCTV-YOLO\IBVAP\backend\logs\snapshots\intrusion_0023.jpg
2026-09-11,10:29:06,3,3,bus,INTRUSION,CROSSED_RESTRICTED_ZONE,0.9424,366,224,C:\Users\sharm\CCTV-YOLO\IBVAP\backend\logs\snapshots\intrusion_0024.jpg
2026-09-11,10:29:07,3,3,bus,INTRUSION,CROSSED_RESTRICTED_ZONE,0.9357,366,224,C:\Users\sharm\CCTV-YOLO\IBVAP\backend\logs\snapshots\intrusion_0025.jpg
2026-09-11,10:29:08,3,3,bus,INTRUSION,CROSSED_RESTRICTED_ZONE,0.8880,366,224,C:\Users\sharm\CCTV-YOLO\IBVAP\backend\logs\snapshots\intrusion_0026.jpg
2026-09-11,10:29:09,3,3,bus,INTRUSION,CROSSED_RESTRICTED_ZONE,0.9409,366,224,C:\Users\sharm\CCTV-YOLO\IBVAP\backend\logs\snapshots\intrusion_0027.jpg
2026-09-11,10:29:09,3,3,bus,INTRUSION,CROSSED_RESTRICTED_ZONE,0.9402,366,224,C:\Users\sharm\CCTV-YOLO\IBVAP\backend\logs\snapshots\intrusion_0028.jpg
2026-09-11,10:29:10,3,3,bus,INTRUSION,CROSSED_RESTRICTED_ZONE,0.9403,366,224,C:\Users\sharm\CCTV-YOLO\IBVAP\backend\logs\snapshots\intrusion_0029.jpg
2026-09-11,10:29:11,3,3,bus,INTRUSION,CROSSED_RESTRICTED_ZONE,0.9258,366,224,C:\Users\sharm\CCTV-YOLO\IBVAP\backend\logs\snapshots\intrusion_0030.jpg
2026-09-11,10:29:11,3,3,bus,INTRUSION,CROSSED_RESTRICTED_ZONE,0.9380,366,224,C:\Users\sharm\CCTV-YOLO\IBVAP\backend\logs\snapshots\intrusion_0031.jpg
2026-09-11,10:29:13,3,3,bus,INTRUSION,CROSSED_RESTRICTED_ZONE,0.9345,366,224,C:\Users\sharm\CCTV-YOLO\IBVAP\backend\logs\snapshots\intrusion_0032.jpg
2026-09-11,10:29:13,3,3,bus,INTRUSION,CROSSED_RESTRICTED_ZONE,0.9344,366,224,C:\Users\sharm\CCTV-YOLO\IBVAP\backend\logs\snapshots\intrusion_0033.jpg
2026-09-11,10:29:14,99,6,person,SUSPICIOUS_ACTIVITY,ERRATIC MOVEMENT,1.0000,244,334,C:\Users\sharm\CCTV-YOLO\IBVAP\backend\logs\snapshots\suspicious_0016.jpg
2026-09-11,10:29:14,3,3,bus,INTRUSION,CROSSED_RESTRICTED_ZONE,0.9371,366,224,C:\Users\sharm\CCTV-YOLO\IBVAP\backend\logs\snapshots\intrusion_0034.jpg
2026-09-11,10:29:15,3,3,bus,INTRUSION,CROSSED_RESTRICTED_ZONE,0.9408,366,224,C:\Users\sharm\CCTV-YOLO\IBVAP\backend\logs\snapshots\intrusion_0035.jpg
2026-09-11,10:29:16,3,3,bus,INTRUSION,CROSSED_RESTRICTED_ZONE,0.9413,366,224,C:\Users\sharm\CCTV-YOLO\IBVAP\backend\logs\snapshots\intrusion_0036.jpg
2026-09-11,10:29:16,3,3,bus,INTRUSION,CROSSED_RESTRICTED_ZONE,0.9162,366,224,C:\Users\sharm\CCTV-YOLO\IBVAP\backend\logs\snapshots\intrusion_0037.jpg
2026-09-11,10:29:17,3,3,bus,INTRUSION,CROSSED_RESTRICTED_ZONE,0.9041,366,224,C:\Users\sharm\CCTV-YOLO\IBVAP\backend\logs\snapshots\intrusion_0038.jpg
2026-09-11,10:29:18,3,3,bus,INTRUSION,CROSSED_RESTRICTED_ZONE,0.9500,367,224,C:\Users\sharm\CCTV-YOLO\IBVAP\backend\logs\snapshots\intrusion_0039.jpg
2026-09-11,10:29:18,3,3,bus,INTRUSION,CROSSED_RESTRICTED_ZONE,0.9304,367,224,C:\Users\sharm\CCTV-YOLO\IBVAP\backend\logs\snapshots\intrusion_0040.jpg
2026-09-11,10:29:19,3,3,bus,INTRUSION,CROSSED_RESTRICTED_ZONE,0.9323,367,224,C:\Users\sharm\CCTV-YOLO\IBVAP\backend\logs\snapshots\intrusion_0041.jpg
2026-09-11,10:29:20,3,3,bus,INTRUSION,CROSSED_RESTRICTED_ZONE,0.9331,367,224,C:\Users\sharm\CCTV-YOLO\IBVAP\backend\logs\snapshots\intrusion_0042.jpg
2026-09-11,10:29:20,3,3,bus,INTRUSION,CROSSED_RESTRICTED_ZONE,0.9385,367,225,C:\Users\sharm\CCTV-YOLO\IBVAP\backend\logs\snapshots\intrusion_0043.jpg
2026-09-11,10:29:21,3,3,bus,INTRUSION,CROSSED_RESTRICTED_ZONE,0.9335,367,224,C:\Users\sharm\CCTV-YOLO\IBVAP\backend\logs\snapshots\intrusion_0044.jpg
2026-09-11,10:29:22,3,3,bus,INTRUSION,CROSSED_RESTRICTED_ZONE,0.9272,367,224,C:\Users\sharm\CCTV-YOLO\IBVAP\backend\logs\snapshots\intrusion_0045.jpg
2026-09-11,10:29:23,3,3,bus,INTRUSION,CROSSED_RESTRICTED_ZONE,0.9260,367,225,C:\Users\sharm\CCTV-YOLO\IBVAP\backend\logs\snapshots\intrusion_0046.jpg
2026-09-11,10:29:24,3,3,bus,INTRUSION,CROSSED_RESTRICTED_ZONE,0.9239,367,225,C:\Users\sharm\CCTV-YOLO\IBVAP\backend\logs\snapshots\intrusion_0047.jpg
2026-09-11,10:29:25,99,6,person,SUSPICIOUS_ACTIVITY,ERRATIC MOVEMENT,1.0000,198,337,C:\Users\sharm\CCTV-YOLO\IBVAP\backend\logs\snapshots\suspicious_0017.jpg
2026-09-11,10:29:25,3,3,bus,INTRUSION,CROSSED_RESTRICTED_ZONE,0.9321,367,226,C:\Users\sharm\CCTV-YOLO\IBVAP\backend\logs\snapshots\intrusion_0048.jpg
2026-09-11,10:29:25,3,3,bus,INTRUSION,CROSSED_RESTRICTED_ZONE,0.9303,366,225,C:\Users\sharm\CCTV-YOLO\IBVAP\backend\logs\snapshots\intrusion_0049.jpg
2026-09-11,10:29:26,3,3,bus,INTRUSION,CROSSED_RESTRICTED_ZONE,0.9344,367,224,C:\Users\sharm\CCTV-YOLO\IBVAP\backend\logs\snapshots\intrusion_0050.jpg
2026-09-11,10:29:27,3,3,bus,INTRUSION,CROSSED_RESTRICTED_ZONE,0.9324,366,224,C:\Users\sharm\CCTV-YOLO\IBVAP\backend\logs\snapshots\intrusion_0051.jpg
2026-09-11,10:29:27,3,3,bus,INTRUSION,CROSSED_RESTRICTED_ZONE,0.9354,367,224,C:\Users\sharm\CCTV-YOLO\IBVAP\backend\logs\snapshots\intrusion_0052.jpg
2026-09-11,10:29:28,3,3,bus,INTRUSION,CROSSED_RESTRICTED_ZONE,0.9232,368,223,C:\Users\sharm\CCTV-YOLO\IBVAP\backend\logs\snapshots\intrusion_0053.jpg
2026-09-11,10:29:29,3,3,bus,INTRUSION,CROSSED_RESTRICTED_ZONE,0.9262,368,223,C:\Users\sharm\CCTV-YOLO\IBVAP\backend\logs\snapshots\intrusion_0054.jpg
2026-09-11,10:29:29,3,3,bus,INTRUSION,CROSSED_RESTRICTED_ZONE,0.8815,368,223,C:\Users\sharm\CCTV-YOLO\IBVAP\backend\logs\snapshots\intrusion_0055.jpg
2026-09-11,10:29:30,171,1,person,SUSPICIOUS_ACTIVITY,ERRATIC MOVEMENT | RAPID MOVEMENT,1.0000,268,238,C:\Users\sharm\CCTV-YOLO\IBVAP\backend\logs\snapshots\suspicious_0018.jpg
2026-09-11,10:29:31,3,3,bus,INTRUSION,CROSSED_RESTRICTED_ZONE,0.9432,368,228,C:\Users\sharm\CCTV-YOLO\IBVAP\backend\logs\snapshots\intrusion_0056.jpg
2026-09-11,10:29:31,178,4,person,SUSPICIOUS_ACTIVITY,ERRATIC MOVEMENT | LOITERING | RAPID MOVEMENT,1.0000,227,239,C:\Users\sharm\CCTV-YOLO\IBVAP\backend\logs\snapshots\suspicious_0019.jpg
2026-09-11,10:29:32,3,3,bus,INTRUSION,CROSSED_RESTRICTED_ZONE,0.9461,368,228,C:\Users\sharm\CCTV-YOLO\IBVAP\backend\logs\snapshots\intrusion_0057.jpg
2026-09-11,10:29:33,3,3,bus,INTRUSION,CROSSED_RESTRICTED_ZONE,0.9447,368,228,C:\Users\sharm\CCTV-YOLO\IBVAP\backend\logs\snapshots\intrusion_0058.jpg
2026-09-11,10:29:33,3,3,bus,INTRUSION,CROSSED_RESTRICTED_ZONE,0.9474,368,226,C:\Users\sharm\CCTV-YOLO\IBVAP\backend\logs\snapshots\intrusion_0059.jpg
2026-09-11,10:29:34,3,3,bus,INTRUSION,CROSSED_RESTRICTED_ZONE,0.9453,369,225,C:\Users\sharm\CCTV-YOLO\IBVAP\backend\logs\snapshots\intrusion_0060.jpg
2026-09-11,10:29:35,99,6,person,SUSPICIOUS_ACTIVITY,ERRATIC MOVEMENT,1.0000,195,365,C:\Users\sharm\CCTV-YOLO\IBVAP\backend\logs\snapshots\suspicious_0020.jpg
2026-09-11,10:29:35,3,3,bus,INTRUSION,CROSSED_RESTRICTED_ZONE,0.9468,368,226,C:\Users\sharm\CCTV-YOLO\IBVAP\backend\logs\snapshots\intrusion_0061.jpg
2026-09-11,10:29:35,3,3,bus,INTRUSION,CROSSED_RESTRICTED_ZONE,0.9446,368,225,C:\Users\sharm\CCTV-YOLO\IBVAP\backend\logs\snapshots\intrusion_0062.jpg
2026-09-11,10:29:36,3,3,bus,INTRUSION,CROSSED_RESTRICTED_ZONE,0.9468,368,226,C:\Users\sharm\CCTV-YOLO\IBVAP\backend\logs\snapshots\intrusion_0063.jpg
2026-09-11,10:29:37,3,3,bus,INTRUSION,CROSSED_RESTRICTED_ZONE,0.9402,368,225,C:\Users\sharm\CCTV-YOLO\IBVAP\backend\logs\snapshots\intrusion_0064.jpg
2026-09-11,10:29:37,3,3,bus,INTRUSION,CROSSED_RESTRICTED_ZONE,0.9433,368,226,C:\Users\sharm\CCTV-YOLO\IBVAP\backend\logs\snapshots\intrusion_0065.jpg
2026-09-11,10:29:38,3,3,bus,INTRUSION,CROSSED_RESTRICTED_ZONE,0.9431,368,225,C:\Users\sharm\CCTV-YOLO\IBVAP\backend\logs\snapshots\intrusion_0066.jpg
2026-09-11,10:29:39,3,3,bus,INTRUSION,CROSSED_RESTRICTED_ZONE,0.9445,368,225,C:\Users\sharm\CCTV-YOLO\IBVAP\backend\logs\snapshots\intrusion_0067.jpg
2026-09-11,10:29:39,3,3,bus,INTRUSION,CROSSED_RESTRICTED_ZONE,0.9471,368,224,C:\Users\sharm\CCTV-YOLO\IBVAP\backend\logs\snapshots\intrusion_0068.jpg
2026-09-11,10:29:40,3,3,bus,INTRUSION,CROSSED_RESTRICTED_ZONE,0.9458,369,224,C:\Users\sharm\CCTV-YOLO\IBVAP\backend\logs\snapshots\intrusion_0069.jpg
2026-09-11,10:29:41,3,3,bus,INTRUSION,CROSSED_RESTRICTED_ZONE,0.9442,369,224,C:\Users\sharm\CCTV-YOLO\IBVAP\backend\logs\snapshots\intrusion_0070.jpg
2026-09-11,10:29:41,3,3,bus,INTRUSION,CROSSED_RESTRICTED_ZONE,0.9460,369,224,C:\Users\sharm\CCTV-YOLO\IBVAP\backend\logs\snapshots\intrusion_0071.jpg
2026-09-11,10:29:42,178,4,person,SUSPICIOUS_ACTIVITY,ERRATIC MOVEMENT | LOITERING | RAPID MOVEMENT,1.0000,225,240,C:\Users\sharm\CCTV-YOLO\IBVAP\backend\logs\snapshots\suspicious_0021.jpg
2026-09-11,10:29:42,3,3,bus,INTRUSION,CROSSED_RESTRICTED_ZONE,0.9395,369,224,C:\Users\sharm\CCTV-YOLO\IBVAP\backend\logs\snapshots\intrusion_0072.jpg
2026-09-11,10:29:43,3,3,bus,INTRUSION,CROSSED_RESTRICTED_ZONE,0.9430,369,224,C:\Users\sharm\CCTV-YOLO\IBVAP\backend\logs\snapshots\intrusion_0073.jpg
2026-09-11,10:29:43,3,3,bus,INTRUSION,CROSSED_RESTRICTED_ZONE,0.9383,369,224,C:\Users\sharm\CCTV-YOLO\IBVAP\backend\logs\snapshots\intrusion_0074.jpg
2026-09-11,10:29:44,3,3,bus,INTRUSION,CROSSED_RESTRICTED_ZONE,0.9373,369,224,C:\Users\sharm\CCTV-YOLO\IBVAP\backend\logs\snapshots\intrusion_0075.jpg
2026-09-11,10:29:45,99,6,person,SUSPICIOUS_ACTIVITY,ERRATIC MOVEMENT,1.0000,192,409,C:\Users\sharm\CCTV-YOLO\IBVAP\backend\logs\snapshots\suspicious_0022.jpg
2026-09-11,10:29:45,3,3,bus,INTRUSION,CROSSED_RESTRICTED_ZONE,0.9465,370,224,C:\Users\sharm\CCTV-YOLO\IBVAP\backend\logs\snapshots\intrusion_0076.jpg
2026-09-11,10:29:46,3,3,bus,INTRUSION,CROSSED_RESTRICTED_ZONE,0.9484,370,224,C:\Users\sharm\CCTV-YOLO\IBVAP\backend\logs\snapshots\intrusion_0077.jpg
2026-09-11,10:29:46,3,3,bus,INTRUSION,CROSSED_RESTRICTED_ZONE,0.9491,370,224,C:\Users\sharm\CCTV-YOLO\IBVAP\backend\logs\snapshots\intrusion_0078.jpg
2026-09-11,10:29:47,3,3,bus,INTRUSION,CROSSED_RESTRICTED_ZONE,0.9431,370,224,C:\Users\sharm\CCTV-YOLO\IBVAP\backend\logs\snapshots\intrusion_0079.jpg
2026-09-11,10:29:48,3,3,bus,INTRUSION,CROSSED_RESTRICTED_ZONE,0.9494,370,224,C:\Users\sharm\CCTV-YOLO\IBVAP\backend\logs\snapshots\intrusion_0080.jpg
2026-09-11,10:29:49,3,3,bus,INTRUSION,CROSSED_RESTRICTED_ZONE,0.9527,371,224,C:\Users\sharm\CCTV-YOLO\IBVAP\backend\logs\snapshots\intrusion_0081.jpg
2026-09-11,10:29:50,3,3,bus,INTRUSION,CROSSED_RESTRICTED_ZONE,0.9410,371,225,C:\Users\sharm\CCTV-YOLO\IBVAP\backend\logs\snapshots\intrusion_0082.jpg
2026-09-11,10:29:51,3,3,bus,INTRUSION,CROSSED_RESTRICTED_ZONE,0.9383,371,225,C:\Users\sharm\CCTV-YOLO\IBVAP\backend\logs\snapshots\intrusion_0083.jpg
2026-09-11,10:29:51,3,3,bus,INTRUSION,CROSSED_RESTRICTED_ZONE,0.9345,371,225,C:\Users\sharm\CCTV-YOLO\IBVAP\backend\logs\snapshots\intrusion_0084.jpg
2026-09-11,10:29:52,178,4,person,SUSPICIOUS_ACTIVITY,ERRATIC MOVEMENT | LOITERING | RAPID MOVEMENT,1.0000,226,240,C:\Users\sharm\CCTV-YOLO\IBVAP\backend\logs\snapshots\suspicious_0023.jpg
2026-09-11,10:29:52,3,3,bus,INTRUSION,CROSSED_RESTRICTED_ZONE,0.9326,372,225,C:\Users\sharm\CCTV-YOLO\IBVAP\backend\logs\snapshots\intrusion_0085.jpg
2026-09-11,10:29:53,3,3,bus,INTRUSION,CROSSED_RESTRICTED_ZONE,0.9402,372,225,C:\Users\sharm\CCTV-YOLO\IBVAP\backend\logs\snapshots\intrusion_0086.jpg
2026-09-11,10:29:53,3,3,bus,INTRUSION,CROSSED_RESTRICTED_ZONE,0.9318,372,224,C:\Users\sharm\CCTV-YOLO\IBVAP\backend\logs\snapshots\intrusion_0087.jpg
2026-09-11,10:29:54,3,3,bus,INTRUSION,CROSSED_RESTRICTED_ZONE,0.9334,372,225,C:\Users\sharm\CCTV-YOLO\IBVAP\backend\logs\snapshots\intrusion_0088.jpg
2026-09-11,10:29:55,3,3,bus,INTRUSION,CROSSED_RESTRICTED_ZONE,0.9364,372,225,C:\Users\sharm\CCTV-YOLO\IBVAP\backend\logs\snapshots\intrusion_0089.jpg
2026-09-11,10:29:55,99,6,person,SUSPICIOUS_ACTIVITY,ERRATIC MOVEMENT,1.0000,193,400,C:\Users\sharm\CCTV-YOLO\IBVAP\backend\logs\snapshots\suspicious_0024.jpg
2026-09-11,10:29:55,3,3,bus,INTRUSION,CROSSED_RESTRICTED_ZONE,0.9186,372,225,C:\Users\sharm\CCTV-YOLO\IBVAP\backend\logs\snapshots\intrusion_0090.jpg
2026-09-11,10:29:56,3,3,bus,INTRUSION,CROSSED_RESTRICTED_ZONE,0.9358,372,225,C:\Users\sharm\CCTV-YOLO\IBVAP\backend\logs\snapshots\intrusion_0091.jpg
2026-09-11,10:29:57,3,3,bus,INTRUSION,CROSSED_RESTRICTED_ZONE,0.9293,372,225,C:\Users\sharm\CCTV-YOLO\IBVAP\backend\logs\snapshots\intrusion_0092.jpg
2026-09-11,10:29:57,3,3,bus,INTRUSION,CROSSED_RESTRICTED_ZONE,0.9154,373,226,C:\Users\sharm\CCTV-YOLO\IBVAP\backend\logs\snapshots\intrusion_0093.jpg
2026-09-11,10:29:58,3,3,bus,INTRUSION,CROSSED_RESTRICTED_ZONE,0.9077,373,225,C:\Users\sharm\CCTV-YOLO\IBVAP\backend\logs\snapshots\intrusion_0094.jpg
2026-09-11,10:29:59,3,3,bus,INTRUSION,CROSSED_RESTRICTED_ZONE,0.8875,373,225,C:\Users\sharm\CCTV-YOLO\IBVAP\backend\logs\snapshots\intrusion_0095.jpg
2026-09-11,10:29:59,3,3,bus,INTRUSION,CROSSED_RESTRICTED_ZONE,0.9029,373,226,C:\Users\sharm\CCTV-YOLO\IBVAP\backend\logs\snapshots\intrusion_0096.jpg
2026-09-11,10:30:00,3,3,bus,INTRUSION,CROSSED_RESTRICTED_ZONE,0.8480,373,226,C:\Users\sharm\CCTV-YOLO\IBVAP\backend\logs\snapshots\intrusion_0097.jpg
2026-09-11,10:30:01,3,3,bus,INTRUSION,CROSSED_RESTRICTED_ZONE,0.8612,373,227,C:\Users\sharm\CCTV-YOLO\IBVAP\backend\logs\snapshots\intrusion_0098.jpg
2026-09-11,10:30:02,3,3,bus,INTRUSION,CROSSED_RESTRICTED_ZONE,0.8990,373,227,C:\Users\sharm\CCTV-YOLO\IBVAP\backend\logs\snapshots\intrusion_0099.jpg
2026-09-11,10:30:02,178,4,person,SUSPICIOUS_ACTIVITY,ERRATIC MOVEMENT | LOITERING | RAPID MOVEMENT,1.0000,224,239,C:\Users\sharm\CCTV-YOLO\IBVAP\backend\logs\snapshots\suspicious_0025.jpg
2026-09-11,10:30:02,3,3,bus,INTRUSION,CROSSED_RESTRICTED_ZONE,0.9043,373,227,C:\Users\sharm\CCTV-YOLO\IBVAP\backend\logs\snapshots\intrusion_0100.jpg
2026-09-11,10:30:03,3,3,bus,INTRUSION,CROSSED_RESTRICTED_ZONE,0.9219,374,227,C:\Users\sharm\CCTV-YOLO\IBVAP\backend\logs\snapshots\intrusion_0101.jpg
2026-09-11,10:30:04,3,3,bus,INTRUSION,CROSSED_RESTRICTED_ZONE,0.9251,374,227,C:\Users\sharm\CCTV-YOLO\IBVAP\backend\logs\snapshots\intrusion_0102.jpg
2026-09-11,10:30:06,207,9,person,SUSPICIOUS_ACTIVITY,RAPID MOVEMENT,0.5556,697,198,C:\Users\sharm\CCTV-YOLO\IBVAP\backend\logs\snapshots\suspicious_0026.jpg
2026-09-11,10:30:06,3,3,bus,INTRUSION,CROSSED_RESTRICTED_ZONE,0.9277,374,226,C:\Users\sharm\CCTV-YOLO\IBVAP\backend\logs\snapshots\intrusion_0103.jpg
2026-09-11,10:30:06,99,6,person,SUSPICIOUS_ACTIVITY,ERRATIC MOVEMENT | LOITERING,1.0000,192,352,C:\Users\sharm\CCTV-YOLO\IBVAP\backend\logs\snapshots\suspicious_0027.jpg
2026-09-11,10:30:06,3,3,bus,INTRUSION,CROSSED_RESTRICTED_ZONE,0.9304,374,226,C:\Users\sharm\CCTV-YOLO\IBVAP\backend\logs\snapshots\intrusion_0104.jpg
2026-09-11,10:30:07,3,3,bus,INTRUSION,CROSSED_RESTRICTED_ZONE,0.9345,374,227,C:\Users\sharm\CCTV-YOLO\IBVAP\backend\logs\snapshots\intrusion_0105.jpg
2026-09-11,10:30:07,3,3,bus,INTRUSION,CROSSED_RESTRICTED_ZONE,0.9403,375,227,C:\Users\sharm\CCTV-YOLO\IBVAP\backend\logs\snapshots\intrusion_0106.jpg
2026-09-11,10:30:08,210,1,person,SUSPICIOUS_ACTIVITY,ERRATIC MOVEMENT | RAPID MOVEMENT,1.0000,257,240,C:\Users\sharm\CCTV-YOLO\IBVAP\backend\logs\snapshots\suspicious_0028.jpg
2026-09-11,10:30:08,3,3,bus,INTRUSION,CROSSED_RESTRICTED_ZONE,0.9304,375,227,C:\Users\sharm\CCTV-YOLO\IBVAP\backend\logs\snapshots\intrusion_0107.jpg
2026-09-11,10:30:09,3,3,bus,INTRUSION,CROSSED_RESTRICTED_ZONE,0.9350,375,228,C:\Users\sharm\CCTV-YOLO\IBVAP\backend\logs\snapshots\intrusion_0108.jpg
2026-09-11,10:30:09,3,3,bus,INTRUSION,CROSSED_RESTRICTED_ZONE,0.9400,375,227,C:\Users\sharm\CCTV-YOLO\IBVAP\backend\logs\snapshots\intrusion_0109.jpg
2026-09-11,10:30:10,3,3,bus,INTRUSION,CROSSED_RESTRICTED_ZONE,0.9409,375,227,C:\Users\sharm\CCTV-YOLO\IBVAP\backend\logs\snapshots\intrusion_0110.jpg
2026-09-11,10:30:10,3,3,bus,INTRUSION,CROSSED_RESTRICTED_ZONE,0.9368,376,227,C:\Users\sharm\CCTV-YOLO\IBVAP\backend\logs\snapshots\intrusion_0111.jpg
2026-09-11,10:30:11,3,3,bus,INTRUSION,CROSSED_RESTRICTED_ZONE,0.9439,377,227,C:\Users\sharm\CCTV-YOLO\IBVAP\backend\logs\snapshots\intrusion_0112.jpg
2026-09-11,10:30:12,3,3,bus,INTRUSION,CROSSED_RESTRICTED_ZONE,0.9435,377,227,C:\Users\sharm\CCTV-YOLO\IBVAP\backend\logs\snapshots\intrusion_0113.jpg
2026-09-11,10:30:12,3,3,bus,INTRUSION,CROSSED_RESTRICTED_ZONE,0.9224,377,226,C:\Users\sharm\CCTV-YOLO\IBVAP\backend\logs\snapshots\intrusion_0114.jpg
2026-09-11,10:30:13,193,4,person,SUSPICIOUS_ACTIVITY,ERRATIC MOVEMENT | LOITERING | RAPID MOVEMENT,1.0000,237,238,C:\Users\sharm\CCTV-YOLO\IBVAP\backend\logs\snapshots\suspicious_0029.jpg
2026-09-11,10:30:13,3,3,bus,INTRUSION,CROSSED_RESTRICTED_ZONE,0.9245,377,226,C:\Users\sharm\CCTV-YOLO\IBVAP\backend\logs\snapshots\intrusion_0115.jpg
2026-09-11,10:30:13,3,3,bus,INTRUSION,CROSSED_RESTRICTED_ZONE,0.9267,376,226,C:\Users\sharm\CCTV-YOLO\IBVAP\backend\logs\snapshots\intrusion_0116.jpg
2026-09-11,10:30:14,3,3,bus,INTRUSION,CROSSED_RESTRICTED_ZONE,0.9261,376,225,C:\Users\sharm\CCTV-YOLO\IBVAP\backend\logs\snapshots\intrusion_0117.jpg
2026-09-11,10:30:15,3,3,bus,INTRUSION,CROSSED_RESTRICTED_ZONE,0.9374,377,225,C:\Users\sharm\CCTV-YOLO\IBVAP\backend\logs\snapshots\intrusion_0118.jpg
2026-09-11,10:30:15,3,3,bus,INTRUSION,CROSSED_RESTRICTED_ZONE,0.9332,378,225,C:\Users\sharm\CCTV-YOLO\IBVAP\backend\logs\snapshots\intrusion_0119.jpg
2026-09-11,10:30:16,207,9,person,SUSPICIOUS_ACTIVITY,RAPID MOVEMENT,0.7500,743,200,C:\Users\sharm\CCTV-YOLO\IBVAP\backend\logs\snapshots\suspicious_0030.jpg
2026-09-11,10:30:16,3,3,bus,INTRUSION,CROSSED_RESTRICTED_ZONE,0.9357,378,224,C:\Users\sharm\CCTV-YOLO\IBVAP\backend\logs\snapshots\intrusion_0120.jpg
2026-09-11,10:30:16,99,6,person,SUSPICIOUS_ACTIVITY,ERRATIC MOVEMENT | LOITERING,1.0000,195,333,C:\Users\sharm\CCTV-YOLO\IBVAP\backend\logs\snapshots\suspicious_0031.jpg
2026-09-11,10:30:16,3,3,bus,INTRUSION,CROSSED_RESTRICTED_ZONE,0.9390,378,225,C:\Users\sharm\CCTV-YOLO\IBVAP\backend\logs\snapshots\intrusion_0121.jpg
2026-09-11,10:30:17,3,3,bus,INTRUSION,CROSSED_RESTRICTED_ZONE,0.9378,378,226,C:\Users\sharm\CCTV-YOLO\IBVAP\backend\logs\snapshots\intrusion_0122.jpg
2026-09-11,10:30:18,3,3,bus,INTRUSION,CROSSED_RESTRICTED_ZONE,0.9256,378,225,C:\Users\sharm\CCTV-YOLO\IBVAP\backend\logs\snapshots\intrusion_0123.jpg
2026-09-11,10:30:18,210,1,person,SUSPICIOUS_ACTIVITY,ERRATIC MOVEMENT,1.0000,251,241,C:\Users\sharm\CCTV-YOLO\IBVAP\backend\logs\snapshots\suspicious_0032.jpg
2026-09-11,10:30:18,3,3,bus,INTRUSION,CROSSED_RESTRICTED_ZONE,0.9194,379,225,C:\Users\sharm\CCTV-YOLO\IBVAP\backend\logs\snapshots\intrusion_0124.jpg
2026-09-11,10:30:19,3,3,bus,INTRUSION,CROSSED_RESTRICTED_ZONE,0.9221,379,225,C:\Users\sharm\CCTV-YOLO\IBVAP\backend\logs\snapshots\intrusion_0125.jpg
2026-09-11,10:30:19,3,3,bus,INTRUSION,CROSSED_RESTRICTED_ZONE,0.9250,379,225,C:\Users\sharm\CCTV-YOLO\IBVAP\backend\logs\snapshots\intrusion_0126.jpg
2026-09-11,10:30:20,3,3,bus,INTRUSION,CROSSED_RESTRICTED_ZONE,0.9075,380,224,C:\Users\sharm\CCTV-YOLO\IBVAP\backend\logs\snapshots\intrusion_0127.jpg
2026-09-11,10:30:21,3,3,bus,INTRUSION,CROSSED_RESTRICTED_ZONE,0.9058,380,224,C:\Users\sharm\CCTV-YOLO\IBVAP\backend\logs\snapshots\intrusion_0128.jpg
2026-09-11,10:30:21,3,3,bus,INTRUSION,CROSSED_RESTRICTED_ZONE,0.8919,380,223,C:\Users\sharm\CCTV-YOLO\IBVAP\backend\logs\snapshots\intrusion_0129.jpg
2026-09-11,10:30:22,3,3,bus,INTRUSION,CROSSED_RESTRICTED_ZONE,0.8877,380,222,C:\Users\sharm\CCTV-YOLO\IBVAP\backend\logs\snapshots\intrusion_0130.jpg
2026-09-11,10:30:22,3,3,bus,INTRUSION,CROSSED_RESTRICTED_ZONE,0.8702,380,221,C:\Users\sharm\CCTV-YOLO\IBVAP\backend\logs\snapshots\intrusion_0131.jpg
2026-09-11,10:30:23,3,3,bus,INTRUSION,CROSSED_RESTRICTED_ZONE,0.8984,380,222,C:\Users\sharm\CCTV-YOLO\IBVAP\backend\logs\snapshots\intrusion_0132.jpg
2026-09-11,10:30:24,3,3,bus,INTRUSION,CROSSED_RESTRICTED_ZONE,0.9106,381,223,C:\Users\sharm\CCTV-YOLO\IBVAP\backend\logs\snapshots\intrusion_0133.jpg
2026-09-11,10:30:24,3,3,bus,INTRUSION,CROSSED_RESTRICTED_ZONE,0.8948,381,224,C:\Users\sharm\CCTV-YOLO\IBVAP\backend\logs\snapshots\intrusion_0134.jpg
2026-09-11,10:30:25,3,3,bus,INTRUSION,CROSSED_RESTRICTED_ZONE,0.9070,382,224,C:\Users\sharm\CCTV-YOLO\IBVAP\backend\logs\snapshots\intrusion_0135.jpg
2026-09-11,10:30:25,3,3,bus,INTRUSION,CROSSED_RESTRICTED_ZONE,0.9038,382,225,C:\Users\sharm\CCTV-YOLO\IBVAP\backend\logs\snapshots\intrusion_0136.jpg
2026-09-11,10:30:26,3,3,bus,INTRUSION,CROSSED_RESTRICTED_ZONE,0.9075,382,225,C:\Users\sharm\CCTV-YOLO\IBVAP\backend\logs\snapshots\intrusion_0137.jpg
2026-09-11,10:30:27,99,6,person,SUSPICIOUS_ACTIVITY,ERRATIC MOVEMENT | LOITERING,1.0000,198,334,C:\Users\sharm\CCTV-YOLO\IBVAP\backend\logs\snapshots\suspicious_0033.jpg
2026-09-11,10:30:27,3,3,bus,INTRUSION,CROSSED_RESTRICTED_ZONE,0.9152,382,225,C:\Users\sharm\CCTV-YOLO\IBVAP\backend\logs\snapshots\intrusion_0138.jpg
2026-09-11,10:30:27,3,3,bus,INTRUSION,CROSSED_RESTRICTED_ZONE,0.9186,382,226,C:\Users\sharm\CCTV-YOLO\IBVAP\backend\logs\snapshots\intrusion_0139.jpg
2026-09-11,10:30:28,3,3,bus,INTRUSION,CROSSED_RESTRICTED_ZONE,0.9177,382,226,C:\Users\sharm\CCTV-YOLO\IBVAP\backend\logs\snapshots\intrusion_0140.jpg
2026-09-11,10:30:28,210,1,person,SUSPICIOUS_ACTIVITY,ERRATIC MOVEMENT,1.0000,253,239,C:\Users\sharm\CCTV-YOLO\IBVAP\backend\logs\snapshots\suspicious_0034.jpg
2026-09-11,10:30:28,3,3,bus,INTRUSION,CROSSED_RESTRICTED_ZONE,0.9046,383,227,C:\Users\sharm\CCTV-YOLO\IBVAP\backend\logs\snapshots\intrusion_0141.jpg
2026-09-11,10:30:29,3,3,bus,INTRUSION,CROSSED_RESTRICTED_ZONE,0.9246,383,226,C:\Users\sharm\CCTV-YOLO\IBVAP\backend\logs\snapshots\intrusion_0142.jpg
2026-09-11,10:30:30,3,3,bus,INTRUSION,CROSSED_RESTRICTED_ZONE,0.9205,383,226,C:\Users\sharm\CCTV-YOLO\IBVAP\backend\logs\snapshots\intrusion_0143.jpg
2026-09-11,10:30:30,3,3,bus,INTRUSION,CROSSED_RESTRICTED_ZONE,0.9134,383,226,C:\Users\sharm\CCTV-YOLO\IBVAP\backend\logs\snapshots\intrusion_0144.jpg
2026-09-11,10:30:31,3,3,bus,INTRUSION,CROSSED_RESTRICTED_ZONE,0.9101,383,226,C:\Users\sharm\CCTV-YOLO\IBVAP\backend\logs\snapshots\intrusion_0145.jpg
2026-09-11,10:30:31,3,3,bus,INTRUSION,CROSSED_RESTRICTED_ZONE,0.9224,383,226,C:\Users\sharm\CCTV-YOLO\IBVAP\backend\logs\snapshots\intrusion_0146.jpg
2026-09-11,10:30:32,3,3,bus,INTRUSION,CROSSED_RESTRICTED_ZONE,0.9153,383,227,C:\Users\sharm\CCTV-YOLO\IBVAP\backend\logs\snapshots\intrusion_0147.jpg
2026-09-11,10:30:33,3,3,bus,INTRUSION,CROSSED_RESTRICTED_ZONE,0.9049,383,226,C:\Users\sharm\CCTV-YOLO\IBVAP\backend\logs\snapshots\intrusion_0148.jpg
2026-09-11,10:30:33,3,3,bus,INTRUSION,CROSSED_RESTRICTED_ZONE,0.8850,383,226,C:\Users\sharm\CCTV-YOLO\IBVAP\backend\logs\snapshots\intrusion_0149.jpg
2026-09-11,10:30:34,3,3,bus,INTRUSION,CROSSED_RESTRICTED_ZONE,0.9014,384,226,C:\Users\sharm\CCTV-YOLO\IBVAP\backend\logs\snapshots\intrusion_0150.jpg
2026-09-11,10:30:34,3,3,bus,INTRUSION,CROSSED_RESTRICTED_ZONE,0.9084,384,226,C:\Users\sharm\CCTV-YOLO\IBVAP\backend\logs\snapshots\intrusion_0151.jpg
2026-09-11,10:30:35,3,3,bus,INTRUSION,CROSSED_RESTRICTED_ZONE,0.9157,384,227,C:\Users\sharm\CCTV-YOLO\IBVAP\backend\logs\snapshots\intrusion_0152.jpg
2026-09-11,10:30:36,3,3,bus,INTRUSION,CROSSED_RESTRICTED_ZONE,0.9113,384,227,C:\Users\sharm\CCTV-YOLO\IBVAP\backend\logs\snapshots\intrusion_0153.jpg
2026-09-11,10:30:36,3,3,bus,INTRUSION,CROSSED_RESTRICTED_ZONE,0.9023,384,227,C:\Users\sharm\CCTV-YOLO\IBVAP\backend\logs\snapshots\intrusion_0154.jpg
2026-09-11,10:30:37,99,6,person,SUSPICIOUS_ACTIVITY,ERRATIC MOVEMENT | LOITERING,1.0000,203,334,C:\Users\sharm\CCTV-YOLO\IBVAP\backend\logs\snapshots\suspicious_0035.jpg
2026-09-11,10:30:37,3,3,bus,INTRUSION,CROSSED_RESTRICTED_ZONE,0.8966,384,228,C:\Users\sharm\CCTV-YOLO\IBVAP\backend\logs\snapshots\intrusion_0155.jpg
2026-09-11,10:30:37,3,3,bus,INTRUSION,CROSSED_RESTRICTED_ZONE,0.8901,385,228,C:\Users\sharm\CCTV-YOLO\IBVAP\backend\logs\snapshots\intrusion_0156.jpg
2026-09-11,10:30:38,3,3,bus,INTRUSION,CROSSED_RESTRICTED_ZONE,0.8729,385,228,C:\Users\sharm\CCTV-YOLO\IBVAP\backend\logs\snapshots\intrusion_0157.jpg
2026-09-11,10:30:39,3,3,bus,INTRUSION,CROSSED_RESTRICTED_ZONE,0.8891,385,228,C:\Users\sharm\CCTV-YOLO\IBVAP\backend\logs\snapshots\intrusion_0158.jpg
2026-09-11,10:30:39,3,3,bus,INTRUSION,CROSSED_RESTRICTED_ZONE,0.8930,385,228,C:\Users\sharm\CCTV-YOLO\IBVAP\backend\logs\snapshots\intrusion_0159.jpg
2026-09-11,10:30:40,3,3,bus,INTRUSION,CROSSED_RESTRICTED_ZONE,0.8921,386,228,C:\Users\sharm\CCTV-YOLO\IBVAP\backend\logs\snapshots\intrusion_0160.jpg
2026-09-11,10:30:40,3,3,bus,INTRUSION,CROSSED_RESTRICTED_ZONE,0.9038,386,227,C:\Users\sharm\CCTV-YOLO\IBVAP\backend\logs\snapshots\intrusion_0161.jpg
2026-09-11,10:30:41,3,3,bus,INTRUSION,CROSSED_RESTRICTED_ZONE,0.8971,386,228,C:\Users\sharm\CCTV-YOLO\IBVAP\backend\logs\snapshots\intrusion_0162.jpg
2026-09-11,10:30:42,3,3,bus,INTRUSION,CROSSED_RESTRICTED_ZONE,0.9043,386,228,C:\Users\sharm\CCTV-YOLO\IBVAP\backend\logs\snapshots\intrusion_0163.jpg
2026-09-11,10:30:42,3,3,bus,INTRUSION,CROSSED_RESTRICTED_ZONE,0.8920,386,227,C:\Users\sharm\CCTV-YOLO\IBVAP\backend\logs\snapshots\intrusion_0164.jpg
2026-09-11,10:30:43,3,3,bus,INTRUSION,CROSSED_RESTRICTED_ZONE,0.8829,386,227,C:\Users\sharm\CCTV-YOLO\IBVAP\backend\logs\snapshots\intrusion_0165.jpg
2026-09-11,10:30:43,3,3,bus,INTRUSION,CROSSED_RESTRICTED_ZONE,0.8868,386,226,C:\Users\sharm\CCTV-YOLO\IBVAP\backend\logs\snapshots\intrusion_0166.jpg
2026-09-11,10:30:45,3,3,bus,INTRUSION,CROSSED_RESTRICTED_ZONE,0.9055,386,226,C:\Users\sharm\CCTV-YOLO\IBVAP\backend\logs\snapshots\intrusion_0167.jpg
2026-09-11,10:30:46,3,3,bus,INTRUSION,CROSSED_RESTRICTED_ZONE,0.9130,386,226,C:\Users\sharm\CCTV-YOLO\IBVAP\backend\logs\snapshots\intrusion_0168.jpg
2026-09-11,10:30:47,3,3,bus,INTRUSION,CROSSED_RESTRICTED_ZONE,0.9188,386,227,C:\Users\sharm\CCTV-YOLO\IBVAP\backend\logs\snapshots\intrusion_0169.jpg
2026-09-11,10:30:48,99,6,person,SUSPICIOUS_ACTIVITY,ERRATIC MOVEMENT | LOITERING,1.0000,265,334,C:\Users\sharm\CCTV-YOLO\IBVAP\backend\logs\snapshots\suspicious_0036.jpg
2026-09-11,10:30:48,3,3,bus,INTRUSION,CROSSED_RESTRICTED_ZONE,0.9137,386,227,C:\Users\sharm\CCTV-YOLO\IBVAP\backend\logs\snapshots\intrusion_0170.jpg
2026-09-11,10:30:49,3,3,bus,INTRUSION,CROSSED_RESTRICTED_ZONE,0.9165,387,227,C:\Users\sharm\CCTV-YOLO\IBVAP\backend\logs\snapshots\intrusion_0171.jpg
2026-09-11,10:30:49,221,4,person,SUSPICIOUS_ACTIVITY,ERRATIC MOVEMENT | LOITERING | RAPID MOVEMENT,1.0000,208,246,C:\Users\sharm\CCTV-YOLO\IBVAP\backend\logs\snapshots\suspicious_0037.jpg
2026-09-11,10:30:49,3,3,bus,INTRUSION,CROSSED_RESTRICTED_ZONE,0.9209,387,228,C:\Users\sharm\CCTV-YOLO\IBVAP\backend\logs\snapshots\intrusion_0172.jpg
2026-09-11,10:30:50,3,3,bus,INTRUSION,CROSSED_RESTRICTED_ZONE,0.9236,387,228,C:\Users\sharm\CCTV-YOLO\IBVAP\backend\logs\snapshots\intrusion_0173.jpg
2026-09-11,10:30:51,3,3,bus,INTRUSION,CROSSED_RESTRICTED_ZONE,0.9226,387,228,C:\Users\sharm\CCTV-YOLO\IBVAP\backend\logs\snapshots\intrusion_0174.jpg
2026-09-11,10:30:52,3,3,bus,INTRUSION,CROSSED_RESTRICTED_ZONE,0.9257,387,227,C:\Users\sharm\CCTV-YOLO\IBVAP\backend\logs\snapshots\intrusion_0175.jpg
2026-09-11,10:30:52,3,3,bus,INTRUSION,CROSSED_RESTRICTED_ZONE,0.9174,387,228,C:\Users\sharm\CCTV-YOLO\IBVAP\backend\logs\snapshots\intrusion_0176.jpg
2026-09-11,10:30:53,3,3,bus,INTRUSION,CROSSED_RESTRICTED_ZONE,0.9258,387,228,C:\Users\sharm\CCTV-YOLO\IBVAP\backend\logs\snapshots\intrusion_0177.jpg
2026-09-11,10:30:54,3,3,bus,INTRUSION,CROSSED_RESTRICTED_ZONE,0.9235,387,228,C:\Users\sharm\CCTV-YOLO\IBVAP\backend\logs\snapshots\intrusion_0178.jpg
2026-09-11,10:30:54,3,3,bus,INTRUSION,CROSSED_RESTRICTED_ZONE,0.9207,388,228,C:\Users\sharm\CCTV-YOLO\IBVAP\backend\logs\snapshots\intrusion_0179.jpg
2026-09-11,10:30:55,3,3,bus,INTRUSION,CROSSED_RESTRICTED_ZONE,0.9194,388,228,C:\Users\sharm\CCTV-YOLO\IBVAP\backend\logs\snapshots\intrusion_0180.jpg
2026-09-11,10:30:55,3,3,bus,INTRUSION,CROSSED_RESTRICTED_ZONE,0.9258,387,228,C:\Users\sharm\CCTV-YOLO\IBVAP\backend\logs\snapshots\intrusion_0181.jpg
2026-09-11,10:30:56,3,3,bus,INTRUSION,CROSSED_RESTRICTED_ZONE,0.9132,388,227,C:\Users\sharm\CCTV-YOLO\IBVAP\backend\logs\snapshots\intrusion_0182.jpg
2026-09-11,10:30:57,3,3,bus,INTRUSION,CROSSED_RESTRICTED_ZONE,0.9060,388,226,C:\Users\sharm\CCTV-YOLO\IBVAP\backend\logs\snapshots\intrusion_0183.jpg
2026-09-11,10:30:57,3,3,bus,INTRUSION,CROSSED_RESTRICTED_ZONE,0.9047,388,226,C:\Users\sharm\CCTV-YOLO\IBVAP\backend\logs\snapshots\intrusion_0184.jpg
2026-09-11,10:30:58,99,6,person,SUSPICIOUS_ACTIVITY,ERRATIC MOVEMENT | LOITERING,1.0000,278,334,C:\Users\sharm\CCTV-YOLO\IBVAP\backend\logs\snapshots\suspicious_0038.jpg
2026-09-11,10:30:58,3,3,bus,INTRUSION,CROSSED_RESTRICTED_ZONE,0.9159,388,225,C:\Users\sharm\CCTV-YOLO\IBVAP\backend\logs\snapshots\intrusion_0185.jpg
2026-09-11,10:30:58,3,3,bus,INTRUSION,CROSSED_RESTRICTED_ZONE,0.9176,388,225,C:\Users\sharm\CCTV-YOLO\IBVAP\backend\logs\snapshots\intrusion_0186.jpg
2026-09-11,10:30:59,228,1,person,SUSPICIOUS_ACTIVITY,ERRATIC MOVEMENT,1.0000,231,247,C:\Users\sharm\CCTV-YOLO\IBVAP\backend\logs\snapshots\suspicious_0039.jpg
2026-09-11,10:30:59,3,3,bus,INTRUSION,CROSSED_RESTRICTED_ZONE,0.9244,388,225,C:\Users\sharm\CCTV-YOLO\IBVAP\backend\logs\snapshots\intrusion_0187.jpg
2026-09-11,10:31:00,221,4,person,SUSPICIOUS_ACTIVITY,ERRATIC MOVEMENT | LOITERING,1.0000,205,243,C:\Users\sharm\CCTV-YOLO\IBVAP\backend\logs\snapshots\suspicious_0040.jpg
2026-09-11,10:31:00,3,3,bus,INTRUSION,CROSSED_RESTRICTED_ZONE,0.9163,388,225,C:\Users\sharm\CCTV-YOLO\IBVAP\backend\logs\snapshots\intrusion_0188.jpg
2026-09-11,10:31:00,3,3,bus,INTRUSION,CROSSED_RESTRICTED_ZONE,0.9173,388,225,C:\Users\sharm\CCTV-YOLO\IBVAP\backend\logs\snapshots\intrusion_0189.jpg
2026-09-11,10:31:01,3,3,bus,INTRUSION,CROSSED_RESTRICTED_ZONE,0.9153,389,225,C:\Users\sharm\CCTV-YOLO\IBVAP\backend\logs\snapshots\intrusion_0190.jpg
2026-09-11,10:31:01,3,3,bus,INTRUSION,CROSSED_RESTRICTED_ZONE,0.9008,389,224,C:\Users\sharm\CCTV-YOLO\IBVAP\backend\logs\snapshots\intrusion_0191.jpg
2026-09-11,10:31:02,3,3,bus,INTRUSION,CROSSED_RESTRICTED_ZONE,0.9062,389,224,C:\Users\sharm\CCTV-YOLO\IBVAP\backend\logs\snapshots\intrusion_0192.jpg
2026-09-11,10:31:03,3,3,bus,INTRUSION,CROSSED_RESTRICTED_ZONE,0.9139,389,224,C:\Users\sharm\CCTV-YOLO\IBVAP\backend\logs\snapshots\intrusion_0193.jpg
2026-09-11,10:31:03,3,3,bus,INTRUSION,CROSSED_RESTRICTED_ZONE,0.9209,389,224,C:\Users\sharm\CCTV-YOLO\IBVAP\backend\logs\snapshots\intrusion_0194.jpg
2026-09-11,10:31:04,3,3,bus,INTRUSION,CROSSED_RESTRICTED_ZONE,0.9141,389,225,C:\Users\sharm\CCTV-YOLO\IBVAP\backend\logs\snapshots\intrusion_0195.jpg
2026-09-11,10:31:04,3,3,bus,INTRUSION,CROSSED_RESTRICTED_ZONE,0.9148,389,225,C:\Users\sharm\CCTV-YOLO\IBVAP\backend\logs\snapshots\intrusion_0196.jpg
2026-09-11,10:31:05,3,3,bus,INTRUSION,CROSSED_RESTRICTED_ZONE,0.9201,389,226,C:\Users\sharm\CCTV-YOLO\IBVAP\backend\logs\snapshots\intrusion_0197.jpg
2026-09-11,10:31:06,3,3,bus,INTRUSION,CROSSED_RESTRICTED_ZONE,0.9150,390,227,C:\Users\sharm\CCTV-YOLO\IBVAP\backend\logs\snapshots\intrusion_0198.jpg
2026-09-11,10:31:06,3,3,bus,INTRUSION,CROSSED_RESTRICTED_ZONE,0.9241,390,227,C:\Users\sharm\CCTV-YOLO\IBVAP\backend\logs\snapshots\intrusion_0199.jpg
2026-09-11,10:31:07,3,3,bus,INTRUSION,CROSSED_RESTRICTED_ZONE,0.9234,390,227,C:\Users\sharm\CCTV-YOLO\IBVAP\backend\logs\snapshots\intrusion_0200.jpg
2026-09-11,10:31:07,3,3,bus,INTRUSION,CROSSED_RESTRICTED_ZONE,0.9226,390,227,C:\Users\sharm\CCTV-YOLO\IBVAP\backend\logs\snapshots\intrusion_0201.jpg
2026-09-11,10:31:08,99,6,person,SUSPICIOUS_ACTIVITY,ERRATIC MOVEMENT | LOITERING,1.0000,274,334,C:\Users\sharm\CCTV-YOLO\IBVAP\backend\logs\snapshots\suspicious_0041.jpg
2026-09-11,10:31:08,3,3,bus,INTRUSION,CROSSED_RESTRICTED_ZONE,0.9203,390,226,C:\Users\sharm\CCTV-YOLO\IBVAP\backend\logs\snapshots\intrusion_0202.jpg
2026-09-11,10:31:09,167,8,person,SUSPICIOUS_ACTIVITY,LOITERING,0.4167,14,385,C:\Users\sharm\CCTV-YOLO\IBVAP\backend\logs\snapshots\suspicious_0042.jpg
2026-09-11,10:31:09,3,3,bus,INTRUSION,CROSSED_RESTRICTED_ZONE,0.9251,390,226,C:\Users\sharm\CCTV-YOLO\IBVAP\backend\logs\snapshots\intrusion_0203.jpg
2026-09-11,10:31:09,228,1,person,SUSPICIOUS_ACTIVITY,ERRATIC MOVEMENT,1.0000,229,244,C:\Users\sharm\CCTV-YOLO\IBVAP\backend\logs\snapshots\suspicious_0043.jpg
2026-09-11,10:31:09,3,3,bus,INTRUSION,CROSSED_RESTRICTED_ZONE,0.9164,390,226,C:\Users\sharm\CCTV-YOLO\IBVAP\backend\logs\snapshots\intrusion_0204.jpg
2026-09-11,10:31:10,221,4,person,SUSPICIOUS_ACTIVITY,ERRATIC MOVEMENT | LOITERING,1.0000,200,244,C:\Users\sharm\CCTV-YOLO\IBVAP\backend\logs\snapshots\suspicious_0044.jpg
2026-09-11,10:31:10,3,3,bus,INTRUSION,CROSSED_RESTRICTED_ZONE,0.9060,391,228,C:\Users\sharm\CCTV-YOLO\IBVAP\backend\logs\snapshots\intrusion_0205.jpg
2026-09-11,10:31:10,3,3,bus,INTRUSION,CROSSED_RESTRICTED_ZONE,0.9052,391,228,C:\Users\sharm\CCTV-YOLO\IBVAP\backend\logs\snapshots\intrusion_0206.jpg
2026-09-11,10:31:11,3,3,bus,INTRUSION,CROSSED_RESTRICTED_ZONE,0.9145,387,229,C:\Users\sharm\CCTV-YOLO\IBVAP\backend\logs\snapshots\intrusion_0207.jpg
2026-09-11,10:31:12,3,3,bus,INTRUSION,CROSSED_RESTRICTED_ZONE,0.9104,386,229,C:\Users\sharm\CCTV-YOLO\IBVAP\backend\logs\snapshots\intrusion_0208.jpg
2026-09-11,12:04:14,1,1,person,INTRUSION,CROSSED_RESTRICTED_ZONE,0.8940,198,239,C:\Users\sharm\CCTV-YOLO\IBVAP\backend\logs\snapshots\intrusion_0001.jpg
2026-09-11,12:04:15,3,3,bus,INTRUSION,CROSSED_RESTRICTED_ZONE,0.7503,307,222,C:\Users\sharm\CCTV-YOLO\IBVAP\backend\logs\snapshots\intrusion_0002.jpg
2026-09-11,12:04:15,4,1,person,SUSPICIOUS_ACTIVITY,RAPID MOVEMENT,0.8333,198,239,C:\Users\sharm\CCTV-YOLO\IBVAP\backend\logs\snapshots\suspicious_0001.jpg
2026-09-11,12:04:26,1,1,person,SUSPICIOUS_ACTIVITY,ERRATIC MOVEMENT | RAPID MOVEMENT,1.0000,350,281,C:\Users\sharm\CCTV-YOLO\IBVAP\backend\logs\snapshots\suspicious_0002.jpg
2026-09-11,12:04:35,60,4,person,INTRUSION,CROSSED_RESTRICTED_ZONE,0.4021,175,227,C:\Users\sharm\CCTV-YOLO\IBVAP\backend\logs\snapshots\intrusion_0003.jpg
2026-09-11,12:04:36,1,1,person,SUSPICIOUS_ACTIVITY,ERRATIC MOVEMENT | RAPID MOVEMENT,1.0000,111,331,C:\Users\sharm\CCTV-YOLO\IBVAP\backend\logs\snapshots\suspicious_0003.jpg
2026-09-11,12:04:37,69,4,person,SUSPICIOUS_ACTIVITY,RAPID MOVEMENT,0.4167,174,226,C:\Users\sharm\CCTV-YOLO\IBVAP\backend\logs\snapshots\suspicious_0004.jpg
2026-09-11,12:04:39,92,6,person,INTRUSION,CROSSED_RESTRICTED_ZONE,0.3137,477,220,C:\Users\sharm\CCTV-YOLO\IBVAP\backend\logs\snapshots\intrusion_0004.jpg
2026-09-11,12:04:41,99,6,person,SUSPICIOUS_ACTIVITY,RAPID MOVEMENT,0.4167,368,297,C:\Users\sharm\CCTV-YOLO\IBVAP\backend\logs\snapshots\suspicious_0005.jpg
2026-09-11,12:04:46,4,1,person,SUSPICIOUS_ACTIVITY,ERRATIC MOVEMENT,1.0000,208,241,C:\Users\sharm\CCTV-YOLO\IBVAP\backend\logs\snapshots\suspicious_0006.jpg
2026-09-11,12:04:47,3,3,bus,INTRUSION,CROSSED_RESTRICTED_ZONE,0.9429,331,223,C:\Users\sharm\CCTV-YOLO\IBVAP\backend\logs\snapshots\intrusion_0005.jpg
2026-09-11,12:04:47,158,4,person,SUSPICIOUS_ACTIVITY,ERRATIC MOVEMENT | LOITERING | RAPID MOVEMENT,1.0000,206,232,C:\Users\sharm\CCTV-YOLO\IBVAP\backend\logs\snapshots\suspicious_0007.jpg
2026-09-11,12:04:47,3,3,bus,INTRUSION,CROSSED_RESTRICTED_ZONE,0.9427,334,223,C:\Users\sharm\CCTV-YOLO\IBVAP\backend\logs\snapshots\intrusion_0006.jpg
2026-09-11,12:04:48,3,3,bus,INTRUSION,CROSSED_RESTRICTED_ZONE,0.9543,338,225,C:\Users\sharm\CCTV-YOLO\IBVAP\backend\logs\snapshots\intrusion_0007.jpg
2026-09-11,12:04:48,3,3,bus,INTRUSION,CROSSED_RESTRICTED_ZONE,0.9500,340,225,C:\Users\sharm\CCTV-YOLO\IBVAP\backend\logs\snapshots\intrusion_0008.jpg
2026-09-11,12:04:49,3,3,bus,INTRUSION,CROSSED_RESTRICTED_ZONE,0.9472,343,225,C:\Users\sharm\CCTV-YOLO\IBVAP\backend\logs\snapshots\intrusion_0009.jpg
2026-09-11,12:04:50,3,3,bus,INTRUSION,CROSSED_RESTRICTED_ZONE,0.9484,345,224,C:\Users\sharm\CCTV-YOLO\IBVAP\backend\logs\snapshots\intrusion_0010.jpg
2026-09-11,12:04:50,3,3,bus,INTRUSION,CROSSED_RESTRICTED_ZONE,0.9506,347,223,C:\Users\sharm\CCTV-YOLO\IBVAP\backend\logs\snapshots\intrusion_0011.jpg
2026-09-11,12:04:51,99,6,person,SUSPICIOUS_ACTIVITY,ERRATIC MOVEMENT | RAPID MOVEMENT,1.0000,218,335,C:\Users\sharm\CCTV-YOLO\IBVAP\backend\logs\snapshots\suspicious_0008.jpg
2026-09-11,12:04:51,3,3,bus,INTRUSION,CROSSED_RESTRICTED_ZONE,0.9517,349,224,C:\Users\sharm\CCTV-YOLO\IBVAP\backend\logs\snapshots\intrusion_0012.jpg
2026-09-11,12:04:51,3,3,bus,INTRUSION,CROSSED_RESTRICTED_ZONE,0.9068,352,223,C:\Users\sharm\CCTV-YOLO\IBVAP\backend\logs\snapshots\intrusion_0013.jpg
2026-09-11,12:04:52,3,3,bus,INTRUSION,CROSSED_RESTRICTED_ZONE,0.9490,356,223,C:\Users\sharm\CCTV-YOLO\IBVAP\backend\logs\snapshots\intrusion_0014.jpg
2026-09-11,12:04:53,3,3,bus,INTRUSION,CROSSED_RESTRICTED_ZONE,0.9266,360,225,C:\Users\sharm\CCTV-YOLO\IBVAP\backend\logs\snapshots\intrusion_0015.jpg
2026-09-11,12:04:53,3,3,bus,INTRUSION,CROSSED_RESTRICTED_ZONE,0.9349,362,226,C:\Users\sharm\CCTV-YOLO\IBVAP\backend\logs\snapshots\intrusion_0016.jpg
2026-09-11,12:04:54,3,3,bus,INTRUSION,CROSSED_RESTRICTED_ZONE,0.9292,364,226,C:\Users\sharm\CCTV-YOLO\IBVAP\backend\logs\snapshots\intrusion_0017.jpg
2026-09-11,12:04:54,3,3,bus,INTRUSION,CROSSED_RESTRICTED_ZONE,0.9212,365,225,C:\Users\sharm\CCTV-YOLO\IBVAP\backend\logs\snapshots\intrusion_0018.jpg
2026-09-11,12:04:55,3,3,bus,INTRUSION,CROSSED_RESTRICTED_ZONE,0.9321,366,225,C:\Users\sharm\CCTV-YOLO\IBVAP\backend\logs\snapshots\intrusion_0019.jpg
2026-09-11,12:04:56,3,3,bus,INTRUSION,CROSSED_RESTRICTED_ZONE,0.9416,367,225,C:\Users\sharm\CCTV-YOLO\IBVAP\backend\logs\snapshots\intrusion_0020.jpg
2026-09-11,12:04:56,3,3,bus,INTRUSION,CROSSED_RESTRICTED_ZONE,0.9402,367,225,C:\Users\sharm\CCTV-YOLO\IBVAP\backend\logs\snapshots\intrusion_0021.jpg
2026-09-11,12:04:57,3,3,bus,INTRUSION,CROSSED_RESTRICTED_ZONE,0.9373,366,225,C:\Users\sharm\CCTV-YOLO\IBVAP\backend\logs\snapshots\intrusion_0022.jpg
2026-09-11,12:04:57,3,3,bus,INTRUSION,CROSSED_RESTRICTED_ZONE,0.9371,366,224,C:\Users\sharm\CCTV-YOLO\IBVAP\backend\logs\snapshots\intrusion_0023.jpg
2026-09-11,12:04:58,3,3,bus,INTRUSION,CROSSED_RESTRICTED_ZONE,0.9424,366,224,C:\Users\sharm\CCTV-YOLO\IBVAP\backend\logs\snapshots\intrusion_0024.jpg
2026-09-11,12:04:59,3,3,bus,INTRUSION,CROSSED_RESTRICTED_ZONE,0.9357,366,224,C:\Users\sharm\CCTV-YOLO\IBVAP\backend\logs\snapshots\intrusion_0025.jpg
2026-09-11,12:04:59,3,3,bus,INTRUSION,CROSSED_RESTRICTED_ZONE,0.8880,366,224,C:\Users\sharm\CCTV-YOLO\IBVAP\backend\logs\snapshots\intrusion_0026.jpg
2026-09-11,12:05:00,3,3,bus,INTRUSION,CROSSED_RESTRICTED_ZONE,0.9409,366,224,C:\Users\sharm\CCTV-YOLO\IBVAP\backend\logs\snapshots\intrusion_0027.jpg
2026-09-11,12:05:00,3,3,bus,INTRUSION,CROSSED_RESTRICTED_ZONE,0.9402,366,224,C:\Users\sharm\CCTV-YOLO\IBVAP\backend\logs\snapshots\intrusion_0028.jpg
2026-09-11,12:05:01,99,6,person,SUSPICIOUS_ACTIVITY,ERRATIC MOVEMENT,1.0000,251,335,C:\Users\sharm\CCTV-YOLO\IBVAP\backend\logs\snapshots\suspicious_0009.jpg
2026-09-11,12:05:01,3,3,bus,INTRUSION,CROSSED_RESTRICTED_ZONE,0.9403,366,224,C:\Users\sharm\CCTV-YOLO\IBVAP\backend\logs\snapshots\intrusion_0029.jpg
2026-09-11,12:05:01,3,3,bus,INTRUSION,CROSSED_RESTRICTED_ZONE,0.9258,366,224,C:\Users\sharm\CCTV-YOLO\IBVAP\backend\logs\snapshots\intrusion_0030.jpg
2026-09-11,12:05:02,3,3,bus,INTRUSION,CROSSED_RESTRICTED_ZONE,0.9380,366,224,C:\Users\sharm\CCTV-YOLO\IBVAP\backend\logs\snapshots\intrusion_0031.jpg
2026-09-11,12:05:03,3,3,bus,INTRUSION,CROSSED_RESTRICTED_ZONE,0.9345,366,224,C:\Users\sharm\CCTV-YOLO\IBVAP\backend\logs\snapshots\intrusion_0032.jpg
2026-09-11,12:05:03,3,3,bus,INTRUSION,CROSSED_RESTRICTED_ZONE,0.9344,366,224,C:\Users\sharm\CCTV-YOLO\IBVAP\backend\logs\snapshots\intrusion_0033.jpg
2026-09-11,12:05:04,3,3,bus,INTRUSION,CROSSED_RESTRICTED_ZONE,0.9371,366,224,C:\Users\sharm\CCTV-YOLO\IBVAP\backend\logs\snapshots\intrusion_0034.jpg
2026-09-11,12:05:05,3,3,bus,INTRUSION,CROSSED_RESTRICTED_ZONE,0.9408,366,224,C:\Users\sharm\CCTV-YOLO\IBVAP\backend\logs\snapshots\intrusion_0035.jpg
2026-09-11,12:05:06,3,3,bus,INTRUSION,CROSSED_RESTRICTED_ZONE,0.9413,366,224,C:\Users\sharm\CCTV-YOLO\IBVAP\backend\logs\snapshots\intrusion_0036.jpg
2026-09-11,12:05:07,3,3,bus,INTRUSION,CROSSED_RESTRICTED_ZONE,0.9162,366,224,C:\Users\sharm\CCTV-YOLO\IBVAP\backend\logs\snapshots\intrusion_0037.jpg
2026-09-11,12:05:07,3,3,bus,INTRUSION,CROSSED_RESTRICTED_ZONE,0.9041,366,224,C:\Users\sharm\CCTV-YOLO\IBVAP\backend\logs\snapshots\intrusion_0038.jpg
2026-09-11,12:05:08,3,3,bus,INTRUSION,CROSSED_RESTRICTED_ZONE,0.9500,367,224,C:\Users\sharm\CCTV-YOLO\IBVAP\backend\logs\snapshots\intrusion_0039.jpg
2026-09-11,12:05:09,3,3,bus,INTRUSION,CROSSED_RESTRICTED_ZONE,0.9304,367,224,C:\Users\sharm\CCTV-YOLO\IBVAP\backend\logs\snapshots\intrusion_0040.jpg
2026-09-11,12:05:10,3,3,bus,INTRUSION,CROSSED_RESTRICTED_ZONE,0.9323,367,224,C:\Users\sharm\CCTV-YOLO\IBVAP\backend\logs\snapshots\intrusion_0041.jpg
2026-09-11,12:05:11,3,3,bus,INTRUSION,CROSSED_RESTRICTED_ZONE,0.9331,367,224,C:\Users\sharm\CCTV-YOLO\IBVAP\backend\logs\snapshots\intrusion_0042.jpg
2026-09-11,12:05:12,99,6,person,SUSPICIOUS_ACTIVITY,ERRATIC MOVEMENT,1.0000,216,338,C:\Users\sharm\CCTV-YOLO\IBVAP\backend\logs\snapshots\suspicious_0010.jpg
2026-09-11,12:05:12,3,3,bus,INTRUSION,CROSSED_RESTRICTED_ZONE,0.9385,367,225,C:\Users\sharm\CCTV-YOLO\IBVAP\backend\logs\snapshots\intrusion_0043.jpg
2026-09-11,12:05:12,3,3,bus,INTRUSION,CROSSED_RESTRICTED_ZONE,0.9335,367,224,C:\Users\sharm\CCTV-YOLO\IBVAP\backend\logs\snapshots\intrusion_0044.jpg
2026-09-11,12:05:13,3,3,bus,INTRUSION,CROSSED_RESTRICTED_ZONE,0.9272,367,224,C:\Users\sharm\CCTV-YOLO\IBVAP\backend\logs\snapshots\intrusion_0045.jpg
2026-09-11,12:05:14,3,3,bus,INTRUSION,CROSSED_RESTRICTED_ZONE,0.9260,367,225,C:\Users\sharm\CCTV-YOLO\IBVAP\backend\logs\snapshots\intrusion_0046.jpg
2026-09-11,12:05:14,3,3,bus,INTRUSION,CROSSED_RESTRICTED_ZONE,0.9239,367,225,C:\Users\sharm\CCTV-YOLO\IBVAP\backend\logs\snapshots\intrusion_0047.jpg
2026-09-11,12:05:16,3,3,bus,INTRUSION,CROSSED_RESTRICTED_ZONE,0.9321,367,226,C:\Users\sharm\CCTV-YOLO\IBVAP\backend\logs\snapshots\intrusion_0048.jpg
2026-09-11,12:05:16,3,3,bus,INTRUSION,CROSSED_RESTRICTED_ZONE,0.9303,366,225,C:\Users\sharm\CCTV-YOLO\IBVAP\backend\logs\snapshots\intrusion_0049.jpg
2026-09-11,12:05:17,3,3,bus,INTRUSION,CROSSED_RESTRICTED_ZONE,0.9344,367,224,C:\Users\sharm\CCTV-YOLO\IBVAP\backend\logs\snapshots\intrusion_0050.jpg
2026-09-11,12:05:18,3,3,bus,INTRUSION,CROSSED_RESTRICTED_ZONE,0.9324,366,224,C:\Users\sharm\CCTV-YOLO\IBVAP\backend\logs\snapshots\intrusion_0051.jpg
2026-09-11,12:05:19,3,3,bus,INTRUSION,CROSSED_RESTRICTED_ZONE,0.9354,367,224,C:\Users\sharm\CCTV-YOLO\IBVAP\backend\logs\snapshots\intrusion_0052.jpg
2026-09-11,12:05:20,3,3,bus,INTRUSION,CROSSED_RESTRICTED_ZONE,0.9232,368,223,C:\Users\sharm\CCTV-YOLO\IBVAP\backend\logs\snapshots\intrusion_0053.jpg
2026-09-11,12:05:20,3,3,bus,INTRUSION,CROSSED_RESTRICTED_ZONE,0.9262,368,223,C:\Users\sharm\CCTV-YOLO\IBVAP\backend\logs\snapshots\intrusion_0054.jpg
2026-09-11,12:05:21,3,3,bus,INTRUSION,CROSSED_RESTRICTED_ZONE,0.8815,368,223,C:\Users\sharm\CCTV-YOLO\IBVAP\backend\logs\snapshots\intrusion_0055.jpg
2026-09-11,12:05:22,99,6,person,SUSPICIOUS_ACTIVITY,ERRATIC MOVEMENT,1.0000,192,334,C:\Users\sharm\CCTV-YOLO\IBVAP\backend\logs\snapshots\suspicious_0011.jpg
2026-09-11,12:05:22,171,1,person,SUSPICIOUS_ACTIVITY,ERRATIC MOVEMENT | RAPID MOVEMENT,1.0000,268,238,C:\Users\sharm\CCTV-YOLO\IBVAP\backend\logs\snapshots\suspicious_0012.jpg
2026-09-11,12:05:23,3,3,bus,INTRUSION,CROSSED_RESTRICTED_ZONE,0.9432,368,228,C:\Users\sharm\CCTV-YOLO\IBVAP\backend\logs\snapshots\intrusion_0056.jpg
2026-09-11,12:05:24,178,4,person,SUSPICIOUS_ACTIVITY,ERRATIC MOVEMENT | LOITERING | RAPID MOVEMENT,1.0000,227,239,C:\Users\sharm\CCTV-YOLO\IBVAP\backend\logs\snapshots\suspicious_0013.jpg
2026-09-11,12:05:24,3,3,bus,INTRUSION,CROSSED_RESTRICTED_ZONE,0.9461,368,228,C:\Users\sharm\CCTV-YOLO\IBVAP\backend\logs\snapshots\intrusion_0057.jpg
2026-09-11,12:05:24,3,3,bus,INTRUSION,CROSSED_RESTRICTED_ZONE,0.9447,368,228,C:\Users\sharm\CCTV-YOLO\IBVAP\backend\logs\snapshots\intrusion_0058.jpg
2026-09-11,12:05:25,3,3,bus,INTRUSION,CROSSED_RESTRICTED_ZONE,0.9474,368,226,C:\Users\sharm\CCTV-YOLO\IBVAP\backend\logs\snapshots\intrusion_0059.jpg
2026-09-11,12:05:26,3,3,bus,INTRUSION,CROSSED_RESTRICTED_ZONE,0.9453,369,225,C:\Users\sharm\CCTV-YOLO\IBVAP\backend\logs\snapshots\intrusion_0060.jpg
2026-09-11,12:05:27,3,3,bus,INTRUSION,CROSSED_RESTRICTED_ZONE,0.9468,368,226,C:\Users\sharm\CCTV-YOLO\IBVAP\backend\logs\snapshots\intrusion_0061.jpg
2026-09-11,12:05:27,3,3,bus,INTRUSION,CROSSED_RESTRICTED_ZONE,0.9446,368,225,C:\Users\sharm\CCTV-YOLO\IBVAP\backend\logs\snapshots\intrusion_0062.jpg
2026-09-11,12:05:28,3,3,bus,INTRUSION,CROSSED_RESTRICTED_ZONE,0.9468,368,226,C:\Users\sharm\CCTV-YOLO\IBVAP\backend\logs\snapshots\intrusion_0063.jpg
2026-09-11,12:05:29,3,3,bus,INTRUSION,CROSSED_RESTRICTED_ZONE,0.9402,368,225,C:\Users\sharm\CCTV-YOLO\IBVAP\backend\logs\snapshots\intrusion_0064.jpg
2026-09-11,12:05:31,3,3,bus,INTRUSION,CROSSED_RESTRICTED_ZONE,0.9433,368,226,C:\Users\sharm\CCTV-YOLO\IBVAP\backend\logs\snapshots\intrusion_0065.jpg
2026-09-11,12:05:31,3,3,bus,INTRUSION,CROSSED_RESTRICTED_ZONE,0.9431,368,225,C:\Users\sharm\CCTV-YOLO\IBVAP\backend\logs\snapshots\intrusion_0066.jpg
2026-09-11,12:05:32,99,6,person,SUSPICIOUS_ACTIVITY,ERRATIC MOVEMENT,1.0000,194,397,C:\Users\sharm\CCTV-YOLO\IBVAP\backend\logs\snapshots\suspicious_0014.jpg
2026-09-11,12:05:32,3,3,bus,INTRUSION,CROSSED_RESTRICTED_ZONE,0.9445,368,225,C:\Users\sharm\CCTV-YOLO\IBVAP\backend\logs\snapshots\intrusion_0067.jpg
2026-09-11,12:05:33,3,3,bus,INTRUSION,CROSSED_RESTRICTED_ZONE,0.9471,368,224,C:\Users\sharm\CCTV-YOLO\IBVAP\backend\logs\snapshots\intrusion_0068.jpg
2026-09-11,12:05:34,178,4,person,SUSPICIOUS_ACTIVITY,ERRATIC MOVEMENT | LOITERING | RAPID MOVEMENT,1.0000,226,240,C:\Users\sharm\CCTV-YOLO\IBVAP\backend\logs\snapshots\suspicious_0015.jpg
2026-09-11,12:05:34,3,3,bus,INTRUSION,CROSSED_RESTRICTED_ZONE,0.9458,369,224,C:\Users\sharm\CCTV-YOLO\IBVAP\backend\logs\snapshots\intrusion_0069.jpg
2026-09-11,12:05:35,3,3,bus,INTRUSION,CROSSED_RESTRICTED_ZONE,0.9442,369,224,C:\Users\sharm\CCTV-YOLO\IBVAP\backend\logs\snapshots\intrusion_0070.jpg
2026-09-11,12:05:35,3,3,bus,INTRUSION,CROSSED_RESTRICTED_ZONE,0.9460,369,224,C:\Users\sharm\CCTV-YOLO\IBVAP\backend\logs\snapshots\intrusion_0071.jpg
2026-09-11,12:05:36,3,3,bus,INTRUSION,CROSSED_RESTRICTED_ZONE,0.9395,369,224,C:\Users\sharm\CCTV-YOLO\IBVAP\backend\logs\snapshots\intrusion_0072.jpg
2026-09-11,12:05:37,3,3,bus,INTRUSION,CROSSED_RESTRICTED_ZONE,0.9430,369,224,C:\Users\sharm\CCTV-YOLO\IBVAP\backend\logs\snapshots\intrusion_0073.jpg
2026-09-11,12:05:37,3,3,bus,INTRUSION,CROSSED_RESTRICTED_ZONE,0.9383,369,224,C:\Users\sharm\CCTV-YOLO\IBVAP\backend\logs\snapshots\intrusion_0074.jpg
2026-09-11,12:05:38,3,3,bus,INTRUSION,CROSSED_RESTRICTED_ZONE,0.9373,369,224,C:\Users\sharm\CCTV-YOLO\IBVAP\backend\logs\snapshots\intrusion_0075.jpg
2026-09-11,12:05:38,3,3,bus,INTRUSION,CROSSED_RESTRICTED_ZONE,0.9465,370,224,C:\Users\sharm\CCTV-YOLO\IBVAP\backend\logs\snapshots\intrusion_0076.jpg
2026-09-11,12:05:39,3,3,bus,INTRUSION,CROSSED_RESTRICTED_ZONE,0.9484,370,224,C:\Users\sharm\CCTV-YOLO\IBVAP\backend\logs\snapshots\intrusion_0077.jpg
2026-09-11,12:05:40,3,3,bus,INTRUSION,CROSSED_RESTRICTED_ZONE,0.9491,370,224,C:\Users\sharm\CCTV-YOLO\IBVAP\backend\logs\snapshots\intrusion_0078.jpg
2026-09-11,12:05:41,3,3,bus,INTRUSION,CROSSED_RESTRICTED_ZONE,0.9431,370,224,C:\Users\sharm\CCTV-YOLO\IBVAP\backend\logs\snapshots\intrusion_0079.jpg
2026-09-11,12:05:41,3,3,bus,INTRUSION,CROSSED_RESTRICTED_ZONE,0.9494,370,224,C:\Users\sharm\CCTV-YOLO\IBVAP\backend\logs\snapshots\intrusion_0080.jpg
2026-09-11,12:05:42,3,3,bus,INTRUSION,CROSSED_RESTRICTED_ZONE,0.9527,371,224,C:\Users\sharm\CCTV-YOLO\IBVAP\backend\logs\snapshots\intrusion_0081.jpg
2026-09-11,12:05:42,99,6,person,SUSPICIOUS_ACTIVITY,ERRATIC MOVEMENT,1.0000,192,407,C:\Users\sharm\CCTV-YOLO\IBVAP\backend\logs\snapshots\suspicious_0016.jpg
2026-09-11,12:05:43,3,3,bus,INTRUSION,CROSSED_RESTRICTED_ZONE,0.9410,371,225,C:\Users\sharm\CCTV-YOLO\IBVAP\backend\logs\snapshots\intrusion_0082.jpg
2026-09-11,12:05:43,3,3,bus,INTRUSION,CROSSED_RESTRICTED_ZONE,0.9383,371,225,C:\Users\sharm\CCTV-YOLO\IBVAP\backend\logs\snapshots\intrusion_0083.jpg
2026-09-11,12:05:44,3,3,bus,INTRUSION,CROSSED_RESTRICTED_ZONE,0.9345,371,225,C:\Users\sharm\CCTV-YOLO\IBVAP\backend\logs\snapshots\intrusion_0084.jpg
2026-09-11,12:05:44,178,4,person,SUSPICIOUS_ACTIVITY,ERRATIC MOVEMENT | LOITERING | RAPID MOVEMENT,1.0000,226,240,C:\Users\sharm\CCTV-YOLO\IBVAP\backend\logs\snapshots\suspicious_0017.jpg
2026-09-11,12:05:44,3,3,bus,INTRUSION,CROSSED_RESTRICTED_ZONE,0.9326,372,225,C:\Users\sharm\CCTV-YOLO\IBVAP\backend\logs\snapshots\intrusion_0085.jpg
2026-09-11,12:05:45,3,3,bus,INTRUSION,CROSSED_RESTRICTED_ZONE,0.9402,372,225,C:\Users\sharm\CCTV-YOLO\IBVAP\backend\logs\snapshots\intrusion_0086.jpg
2026-09-11,12:05:46,3,3,bus,INTRUSION,CROSSED_RESTRICTED_ZONE,0.9318,372,224,C:\Users\sharm\CCTV-YOLO\IBVAP\backend\logs\snapshots\intrusion_0087.jpg
2026-09-11,12:05:46,3,3,bus,INTRUSION,CROSSED_RESTRICTED_ZONE,0.9334,372,225,C:\Users\sharm\CCTV-YOLO\IBVAP\backend\logs\snapshots\intrusion_0088.jpg
2026-09-11,12:05:47,3,3,bus,INTRUSION,CROSSED_RESTRICTED_ZONE,0.9364,372,225,C:\Users\sharm\CCTV-YOLO\IBVAP\backend\logs\snapshots\intrusion_0089.jpg
2026-09-11,12:05:47,3,3,bus,INTRUSION,CROSSED_RESTRICTED_ZONE,0.9186,372,225,C:\Users\sharm\CCTV-YOLO\IBVAP\backend\logs\snapshots\intrusion_0090.jpg
2026-09-11,12:05:48,3,3,bus,INTRUSION,CROSSED_RESTRICTED_ZONE,0.9358,372,225,C:\Users\sharm\CCTV-YOLO\IBVAP\backend\logs\snapshots\intrusion_0091.jpg
2026-09-11,12:05:49,3,3,bus,INTRUSION,CROSSED_RESTRICTED_ZONE,0.9293,372,225,C:\Users\sharm\CCTV-YOLO\IBVAP\backend\logs\snapshots\intrusion_0092.jpg
2026-09-11,12:05:49,3,3,bus,INTRUSION,CROSSED_RESTRICTED_ZONE,0.9154,373,226,C:\Users\sharm\CCTV-YOLO\IBVAP\backend\logs\snapshots\intrusion_0093.jpg
2026-09-11,12:05:50,3,3,bus,INTRUSION,CROSSED_RESTRICTED_ZONE,0.9077,373,225,C:\Users\sharm\CCTV-YOLO\IBVAP\backend\logs\snapshots\intrusion_0094.jpg
2026-09-11,12:05:50,3,3,bus,INTRUSION,CROSSED_RESTRICTED_ZONE,0.8875,373,225,C:\Users\sharm\CCTV-YOLO\IBVAP\backend\logs\snapshots\intrusion_0095.jpg
2026-09-11,12:05:51,3,3,bus,INTRUSION,CROSSED_RESTRICTED_ZONE,0.9029,373,226,C:\Users\sharm\CCTV-YOLO\IBVAP\backend\logs\snapshots\intrusion_0096.jpg
2026-09-11,12:05:52,3,3,bus,INTRUSION,CROSSED_RESTRICTED_ZONE,0.8480,373,226,C:\Users\sharm\CCTV-YOLO\IBVAP\backend\logs\snapshots\intrusion_0097.jpg
2026-09-11,12:05:52,3,3,bus,INTRUSION,CROSSED_RESTRICTED_ZONE,0.8612,373,227,C:\Users\sharm\CCTV-YOLO\IBVAP\backend\logs\snapshots\intrusion_0098.jpg
2026-09-11,12:05:53,99,6,person,SUSPICIOUS_ACTIVITY,ERRATIC MOVEMENT | LOITERING,1.0000,190,364,C:\Users\sharm\CCTV-YOLO\IBVAP\backend\logs\snapshots\suspicious_0018.jpg
2026-09-11,12:05:53,3,3,bus,INTRUSION,CROSSED_RESTRICTED_ZONE,0.8990,373,227,C:\Users\sharm\CCTV-YOLO\IBVAP\backend\logs\snapshots\intrusion_0099.jpg
2026-09-11,12:05:53,3,3,bus,INTRUSION,CROSSED_RESTRICTED_ZONE,0.9043,373,227,C:\Users\sharm\CCTV-YOLO\IBVAP\backend\logs\snapshots\intrusion_0100.jpg
2026-09-11,12:05:54,3,3,bus,INTRUSION,CROSSED_RESTRICTED_ZONE,0.9219,374,227,C:\Users\sharm\CCTV-YOLO\IBVAP\backend\logs\snapshots\intrusion_0101.jpg
2026-09-11,12:05:55,178,4,person,SUSPICIOUS_ACTIVITY,ERRATIC MOVEMENT | LOITERING | RAPID MOVEMENT,1.0000,224,239,C:\Users\sharm\CCTV-YOLO\IBVAP\backend\logs\snapshots\suspicious_0019.jpg
2026-09-11,12:05:55,3,3,bus,INTRUSION,CROSSED_RESTRICTED_ZONE,0.9251,374,227,C:\Users\sharm\CCTV-YOLO\IBVAP\backend\logs\snapshots\intrusion_0102.jpg
2026-09-11,12:05:55,207,9,person,SUSPICIOUS_ACTIVITY,RAPID MOVEMENT,0.5556,697,198,C:\Users\sharm\CCTV-YOLO\IBVAP\backend\logs\snapshots\suspicious_0020.jpg
2026-09-11,12:05:55,3,3,bus,INTRUSION,CROSSED_RESTRICTED_ZONE,0.9277,374,226,C:\Users\sharm\CCTV-YOLO\IBVAP\backend\logs\snapshots\intrusion_0103.jpg
2026-09-11,12:05:56,3,3,bus,INTRUSION,CROSSED_RESTRICTED_ZONE,0.9304,374,226,C:\Users\sharm\CCTV-YOLO\IBVAP\backend\logs\snapshots\intrusion_0104.jpg
2026-09-11,12:05:56,3,3,bus,INTRUSION,CROSSED_RESTRICTED_ZONE,0.9345,374,227,C:\Users\sharm\CCTV-YOLO\IBVAP\backend\logs\snapshots\intrusion_0105.jpg
2026-09-11,12:05:57,3,3,bus,INTRUSION,CROSSED_RESTRICTED_ZONE,0.9403,375,227,C:\Users\sharm\CCTV-YOLO\IBVAP\backend\logs\snapshots\intrusion_0106.jpg
2026-09-11,12:05:58,210,1,person,SUSPICIOUS_ACTIVITY,ERRATIC MOVEMENT | RAPID MOVEMENT,1.0000,257,240,C:\Users\sharm\CCTV-YOLO\IBVAP\backend\logs\snapshots\suspicious_0021.jpg
2026-09-11,12:05:58,3,3,bus,INTRUSION,CROSSED_RESTRICTED_ZONE,0.9304,375,227,C:\Users\sharm\CCTV-YOLO\IBVAP\backend\logs\snapshots\intrusion_0107.jpg
2026-09-11,12:05:58,3,3,bus,INTRUSION,CROSSED_RESTRICTED_ZONE,0.9350,375,228,C:\Users\sharm\CCTV-YOLO\IBVAP\backend\logs\snapshots\intrusion_0108.jpg
2026-09-11,12:05:59,3,3,bus,INTRUSION,CROSSED_RESTRICTED_ZONE,0.9400,375,227,C:\Users\sharm\CCTV-YOLO\IBVAP\backend\logs\snapshots\intrusion_0109.jpg
2026-09-11,12:05:59,3,3,bus,INTRUSION,CROSSED_RESTRICTED_ZONE,0.9409,375,227,C:\Users\sharm\CCTV-YOLO\IBVAP\backend\logs\snapshots\intrusion_0110.jpg
2026-09-11,12:06:00,3,3,bus,INTRUSION,CROSSED_RESTRICTED_ZONE,0.9368,376,227,C:\Users\sharm\CCTV-YOLO\IBVAP\backend\logs\snapshots\intrusion_0111.jpg
2026-09-11,12:06:01,3,3,bus,INTRUSION,CROSSED_RESTRICTED_ZONE,0.9439,377,227,C:\Users\sharm\CCTV-YOLO\IBVAP\backend\logs\snapshots\intrusion_0112.jpg
2026-09-11,12:06:01,3,3,bus,INTRUSION,CROSSED_RESTRICTED_ZONE,0.9435,377,227,C:\Users\sharm\CCTV-YOLO\IBVAP\backend\logs\snapshots\intrusion_0113.jpg
2026-09-11,12:06:02,3,3,bus,INTRUSION,CROSSED_RESTRICTED_ZONE,0.9224,377,226,C:\Users\sharm\CCTV-YOLO\IBVAP\backend\logs\snapshots\intrusion_0114.jpg
2026-09-11,12:06:03,3,3,bus,INTRUSION,CROSSED_RESTRICTED_ZONE,0.9245,377,226,C:\Users\sharm\CCTV-YOLO\IBVAP\backend\logs\snapshots\intrusion_0115.jpg
2026-09-11,12:06:03,99,6,person,SUSPICIOUS_ACTIVITY,ERRATIC MOVEMENT | LOITERING,1.0000,191,333,C:\Users\sharm\CCTV-YOLO\IBVAP\backend\logs\snapshots\suspicious_0022.jpg
2026-09-11,12:06:03,3,3,bus,INTRUSION,CROSSED_RESTRICTED_ZONE,0.9267,376,226,C:\Users\sharm\CCTV-YOLO\IBVAP\backend\logs\snapshots\intrusion_0116.jpg
2026-09-11,12:06:04,3,3,bus,INTRUSION,CROSSED_RESTRICTED_ZONE,0.9261,376,225,C:\Users\sharm\CCTV-YOLO\IBVAP\backend\logs\snapshots\intrusion_0117.jpg
2026-09-11,12:06:04,3,3,bus,INTRUSION,CROSSED_RESTRICTED_ZONE,0.9374,377,225,C:\Users\sharm\CCTV-YOLO\IBVAP\backend\logs\snapshots\intrusion_0118.jpg
2026-09-11,12:06:05,3,3,bus,INTRUSION,CROSSED_RESTRICTED_ZONE,0.9332,378,225,C:\Users\sharm\CCTV-YOLO\IBVAP\backend\logs\snapshots\intrusion_0119.jpg
2026-09-11,12:06:05,207,9,person,SUSPICIOUS_ACTIVITY,RAPID MOVEMENT,0.7500,743,200,C:\Users\sharm\CCTV-YOLO\IBVAP\backend\logs\snapshots\suspicious_0023.jpg
2026-09-11,12:06:06,3,3,bus,INTRUSION,CROSSED_RESTRICTED_ZONE,0.9357,378,224,C:\Users\sharm\CCTV-YOLO\IBVAP\backend\logs\snapshots\intrusion_0120.jpg
2026-09-11,12:06:06,3,3,bus,INTRUSION,CROSSED_RESTRICTED_ZONE,0.9390,378,225,C:\Users\sharm\CCTV-YOLO\IBVAP\backend\logs\snapshots\intrusion_0121.jpg
2026-09-11,12:06:07,3,3,bus,INTRUSION,CROSSED_RESTRICTED_ZONE,0.9378,378,226,C:\Users\sharm\CCTV-YOLO\IBVAP\backend\logs\snapshots\intrusion_0122.jpg
2026-09-11,12:06:07,3,3,bus,INTRUSION,CROSSED_RESTRICTED_ZONE,0.9256,378,225,C:\Users\sharm\CCTV-YOLO\IBVAP\backend\logs\snapshots\intrusion_0123.jpg
2026-09-11,12:06:08,210,1,person,SUSPICIOUS_ACTIVITY,ERRATIC MOVEMENT,1.0000,251,241,C:\Users\sharm\CCTV-YOLO\IBVAP\backend\logs\snapshots\suspicious_0024.jpg
2026-09-11,12:06:08,3,3,bus,INTRUSION,CROSSED_RESTRICTED_ZONE,0.9194,379,225,C:\Users\sharm\CCTV-YOLO\IBVAP\backend\logs\snapshots\intrusion_0124.jpg
2026-09-11,12:06:09,3,3,bus,INTRUSION,CROSSED_RESTRICTED_ZONE,0.9221,379,225,C:\Users\sharm\CCTV-YOLO\IBVAP\backend\logs\snapshots\intrusion_0125.jpg
2026-09-11,12:06:09,3,3,bus,INTRUSION,CROSSED_RESTRICTED_ZONE,0.9250,379,225,C:\Users\sharm\CCTV-YOLO\IBVAP\backend\logs\snapshots\intrusion_0126.jpg
2026-09-11,12:06:10,3,3,bus,INTRUSION,CROSSED_RESTRICTED_ZONE,0.9075,380,224,C:\Users\sharm\CCTV-YOLO\IBVAP\backend\logs\snapshots\intrusion_0127.jpg
2026-09-11,12:06:10,3,3,bus,INTRUSION,CROSSED_RESTRICTED_ZONE,0.9058,380,224,C:\Users\sharm\CCTV-YOLO\IBVAP\backend\logs\snapshots\intrusion_0128.jpg
2026-09-11,12:06:11,3,3,bus,INTRUSION,CROSSED_RESTRICTED_ZONE,0.8919,380,223,C:\Users\sharm\CCTV-YOLO\IBVAP\backend\logs\snapshots\intrusion_0129.jpg
2026-09-11,12:06:11,3,3,bus,INTRUSION,CROSSED_RESTRICTED_ZONE,0.8877,380,222,C:\Users\sharm\CCTV-YOLO\IBVAP\backend\logs\snapshots\intrusion_0130.jpg
2026-09-11,12:06:12,3,3,bus,INTRUSION,CROSSED_RESTRICTED_ZONE,0.8702,380,221,C:\Users\sharm\CCTV-YOLO\IBVAP\backend\logs\snapshots\intrusion_0131.jpg
2026-09-11,12:06:13,3,3,bus,INTRUSION,CROSSED_RESTRICTED_ZONE,0.8984,380,222,C:\Users\sharm\CCTV-YOLO\IBVAP\backend\logs\snapshots\intrusion_0132.jpg
2026-09-11,12:06:13,99,6,person,SUSPICIOUS_ACTIVITY,ERRATIC MOVEMENT | LOITERING,1.0000,198,334,C:\Users\sharm\CCTV-YOLO\IBVAP\backend\logs\snapshots\suspicious_0025.jpg
2026-09-11,12:06:13,3,3,bus,INTRUSION,CROSSED_RESTRICTED_ZONE,0.9106,381,223,C:\Users\sharm\CCTV-YOLO\IBVAP\backend\logs\snapshots\intrusion_0133.jpg
2026-09-11,12:06:14,3,3,bus,INTRUSION,CROSSED_RESTRICTED_ZONE,0.8948,381,224,C:\Users\sharm\CCTV-YOLO\IBVAP\backend\logs\snapshots\intrusion_0134.jpg
2026-09-11,12:06:14,3,3,bus,INTRUSION,CROSSED_RESTRICTED_ZONE,0.9070,382,224,C:\Users\sharm\CCTV-YOLO\IBVAP\backend\logs\snapshots\intrusion_0135.jpg
2026-09-11,12:06:15,3,3,bus,INTRUSION,CROSSED_RESTRICTED_ZONE,0.9038,382,225,C:\Users\sharm\CCTV-YOLO\IBVAP\backend\logs\snapshots\intrusion_0136.jpg
2026-09-11,12:06:16,3,3,bus,INTRUSION,CROSSED_RESTRICTED_ZONE,0.9075,382,225,C:\Users\sharm\CCTV-YOLO\IBVAP\backend\logs\snapshots\intrusion_0137.jpg
2026-09-11,12:06:16,3,3,bus,INTRUSION,CROSSED_RESTRICTED_ZONE,0.9152,382,225,C:\Users\sharm\CCTV-YOLO\IBVAP\backend\logs\snapshots\intrusion_0138.jpg
2026-09-11,12:06:17,3,3,bus,INTRUSION,CROSSED_RESTRICTED_ZONE,0.9186,382,226,C:\Users\sharm\CCTV-YOLO\IBVAP\backend\logs\snapshots\intrusion_0139.jpg
2026-09-11,12:06:17,3,3,bus,INTRUSION,CROSSED_RESTRICTED_ZONE,0.9177,382,226,C:\Users\sharm\CCTV-YOLO\IBVAP\backend\logs\snapshots\intrusion_0140.jpg
2026-09-11,12:06:18,210,1,person,SUSPICIOUS_ACTIVITY,ERRATIC MOVEMENT,1.0000,253,239,C:\Users\sharm\CCTV-YOLO\IBVAP\backend\logs\snapshots\suspicious_0026.jpg
2026-09-11,12:06:18,3,3,bus,INTRUSION,CROSSED_RESTRICTED_ZONE,0.9046,383,227,C:\Users\sharm\CCTV-YOLO\IBVAP\backend\logs\snapshots\intrusion_0141.jpg
2026-09-11,12:06:19,3,3,bus,INTRUSION,CROSSED_RESTRICTED_ZONE,0.9246,383,226,C:\Users\sharm\CCTV-YOLO\IBVAP\backend\logs\snapshots\intrusion_0142.jpg
2026-09-11,12:06:19,3,3,bus,INTRUSION,CROSSED_RESTRICTED_ZONE,0.9205,383,226,C:\Users\sharm\CCTV-YOLO\IBVAP\backend\logs\snapshots\intrusion_0143.jpg
2026-09-11,12:06:20,3,3,bus,INTRUSION,CROSSED_RESTRICTED_ZONE,0.9134,383,226,C:\Users\sharm\CCTV-YOLO\IBVAP\backend\logs\snapshots\intrusion_0144.jpg
2026-09-11,12:06:21,3,3,bus,INTRUSION,CROSSED_RESTRICTED_ZONE,0.9101,383,226,C:\Users\sharm\CCTV-YOLO\IBVAP\backend\logs\snapshots\intrusion_0145.jpg
2026-09-11,12:06:21,3,3,bus,INTRUSION,CROSSED_RESTRICTED_ZONE,0.9224,383,226,C:\Users\sharm\CCTV-YOLO\IBVAP\backend\logs\snapshots\intrusion_0146.jpg
2026-09-11,12:06:22,3,3,bus,INTRUSION,CROSSED_RESTRICTED_ZONE,0.9153,383,227,C:\Users\sharm\CCTV-YOLO\IBVAP\backend\logs\snapshots\intrusion_0147.jpg
2026-09-11,12:06:22,3,3,bus,INTRUSION,CROSSED_RESTRICTED_ZONE,0.9049,383,226,C:\Users\sharm\CCTV-YOLO\IBVAP\backend\logs\snapshots\intrusion_0148.jpg
2026-09-11,12:06:23,3,3,bus,INTRUSION,CROSSED_RESTRICTED_ZONE,0.8850,383,226,C:\Users\sharm\CCTV-YOLO\IBVAP\backend\logs\snapshots\intrusion_0149.jpg
2026-09-11,12:06:24,99,6,person,SUSPICIOUS_ACTIVITY,ERRATIC MOVEMENT | LOITERING,1.0000,198,334,C:\Users\sharm\CCTV-YOLO\IBVAP\backend\logs\snapshots\suspicious_0027.jpg
2026-09-11,12:06:24,3,3,bus,INTRUSION,CROSSED_RESTRICTED_ZONE,0.9014,384,226,C:\Users\sharm\CCTV-YOLO\IBVAP\backend\logs\snapshots\intrusion_0150.jpg
2026-09-11,12:06:24,3,3,bus,INTRUSION,CROSSED_RESTRICTED_ZONE,0.9084,384,226,C:\Users\sharm\CCTV-YOLO\IBVAP\backend\logs\snapshots\intrusion_0151.jpg
2026-09-11,12:06:25,3,3,bus,INTRUSION,CROSSED_RESTRICTED_ZONE,0.9157,384,227,C:\Users\sharm\CCTV-YOLO\IBVAP\backend\logs\snapshots\intrusion_0152.jpg
2026-09-11,12:06:25,3,3,bus,INTRUSION,CROSSED_RESTRICTED_ZONE,0.9113,384,227,C:\Users\sharm\CCTV-YOLO\IBVAP\backend\logs\snapshots\intrusion_0153.jpg
2026-09-11,12:06:26,3,3,bus,INTRUSION,CROSSED_RESTRICTED_ZONE,0.9023,384,227,C:\Users\sharm\CCTV-YOLO\IBVAP\backend\logs\snapshots\intrusion_0154.jpg
2026-09-11,12:06:27,3,3,bus,INTRUSION,CROSSED_RESTRICTED_ZONE,0.8966,384,228,C:\Users\sharm\CCTV-YOLO\IBVAP\backend\logs\snapshots\intrusion_0155.jpg
2026-09-11,12:06:27,3,3,bus,INTRUSION,CROSSED_RESTRICTED_ZONE,0.8901,385,228,C:\Users\sharm\CCTV-YOLO\IBVAP\backend\logs\snapshots\intrusion_0156.jpg
2026-09-11,12:06:28,3,3,bus,INTRUSION,CROSSED_RESTRICTED_ZONE,0.8729,385,228,C:\Users\sharm\CCTV-YOLO\IBVAP\backend\logs\snapshots\intrusion_0157.jpg
2026-09-11,12:06:28,3,3,bus,INTRUSION,CROSSED_RESTRICTED_ZONE,0.8891,385,228,C:\Users\sharm\CCTV-YOLO\IBVAP\backend\logs\snapshots\intrusion_0158.jpg
2026-09-11,12:06:29,3,3,bus,INTRUSION,CROSSED_RESTRICTED_ZONE,0.8930,385,228,C:\Users\sharm\CCTV-YOLO\IBVAP\backend\logs\snapshots\intrusion_0159.jpg
2026-09-11,12:06:30,3,3,bus,INTRUSION,CROSSED_RESTRICTED_ZONE,0.8921,386,228,C:\Users\sharm\CCTV-YOLO\IBVAP\backend\logs\snapshots\intrusion_0160.jpg
2026-09-11,12:06:30,3,3,bus,INTRUSION,CROSSED_RESTRICTED_ZONE,0.9038,386,227,C:\Users\sharm\CCTV-YOLO\IBVAP\backend\logs\snapshots\intrusion_0161.jpg
2026-09-11,12:06:31,3,3,bus,INTRUSION,CROSSED_RESTRICTED_ZONE,0.8971,386,228,C:\Users\sharm\CCTV-YOLO\IBVAP\backend\logs\snapshots\intrusion_0162.jpg
2026-09-11,12:06:31,3,3,bus,INTRUSION,CROSSED_RESTRICTED_ZONE,0.9043,386,228,C:\Users\sharm\CCTV-YOLO\IBVAP\backend\logs\snapshots\intrusion_0163.jpg
2026-09-11,12:06:32,3,3,bus,INTRUSION,CROSSED_RESTRICTED_ZONE,0.8920,386,227,C:\Users\sharm\CCTV-YOLO\IBVAP\backend\logs\snapshots\intrusion_0164.jpg
2026-09-11,12:06:33,3,3,bus,INTRUSION,CROSSED_RESTRICTED_ZONE,0.8829,386,227,C:\Users\sharm\CCTV-YOLO\IBVAP\backend\logs\snapshots\intrusion_0165.jpg
2026-09-11,12:06:33,3,3,bus,INTRUSION,CROSSED_RESTRICTED_ZONE,0.8868,386,226,C:\Users\sharm\CCTV-YOLO\IBVAP\backend\logs\snapshots\intrusion_0166.jpg
2026-09-11,12:06:34,99,6,person,SUSPICIOUS_ACTIVITY,ERRATIC MOVEMENT | LOITERING,1.0000,253,334,C:\Users\sharm\CCTV-YOLO\IBVAP\backend\logs\snapshots\suspicious_0028.jpg
2026-09-11,12:06:34,3,3,bus,INTRUSION,CROSSED_RESTRICTED_ZONE,0.9055,386,226,C:\Users\sharm\CCTV-YOLO\IBVAP\backend\logs\snapshots\intrusion_0167.jpg
2026-09-11,12:06:34,3,3,bus,INTRUSION,CROSSED_RESTRICTED_ZONE,0.9130,386,226,C:\Users\sharm\CCTV-YOLO\IBVAP\backend\logs\snapshots\intrusion_0168.jpg
2026-09-11,12:06:35,3,3,bus,INTRUSION,CROSSED_RESTRICTED_ZONE,0.9188,386,227,C:\Users\sharm\CCTV-YOLO\IBVAP\backend\logs\snapshots\intrusion_0169.jpg
2026-09-11,12:06:36,3,3,bus,INTRUSION,CROSSED_RESTRICTED_ZONE,0.9137,386,227,C:\Users\sharm\CCTV-YOLO\IBVAP\backend\logs\snapshots\intrusion_0170.jpg
2026-09-11,12:06:36,3,3,bus,INTRUSION,CROSSED_RESTRICTED_ZONE,0.9165,387,227,C:\Users\sharm\CCTV-YOLO\IBVAP\backend\logs\snapshots\intrusion_0171.jpg
2026-09-11,12:06:37,221,4,person,SUSPICIOUS_ACTIVITY,ERRATIC MOVEMENT | LOITERING | RAPID MOVEMENT,1.0000,208,246,C:\Users\sharm\CCTV-YOLO\IBVAP\backend\logs\snapshots\suspicious_0029.jpg
2026-09-11,12:06:37,3,3,bus,INTRUSION,CROSSED_RESTRICTED_ZONE,0.9209,387,228,C:\Users\sharm\CCTV-YOLO\IBVAP\backend\logs\snapshots\intrusion_0172.jpg
2026-09-11,12:06:37,3,3,bus,INTRUSION,CROSSED_RESTRICTED_ZONE,0.9236,387,228,C:\Users\sharm\CCTV-YOLO\IBVAP\backend\logs\snapshots\intrusion_0173.jpg
2026-09-11,12:06:38,3,3,bus,INTRUSION,CROSSED_RESTRICTED_ZONE,0.9226,387,228,C:\Users\sharm\CCTV-YOLO\IBVAP\backend\logs\snapshots\intrusion_0174.jpg
2026-09-11,12:06:39,3,3,bus,INTRUSION,CROSSED_RESTRICTED_ZONE,0.9257,387,227,C:\Users\sharm\CCTV-YOLO\IBVAP\backend\logs\snapshots\intrusion_0175.jpg
2026-09-11,12:06:39,3,3,bus,INTRUSION,CROSSED_RESTRICTED_ZONE,0.9174,387,228,C:\Users\sharm\CCTV-YOLO\IBVAP\backend\logs\snapshots\intrusion_0176.jpg
2026-09-11,12:06:40,3,3,bus,INTRUSION,CROSSED_RESTRICTED_ZONE,0.9258,387,228,C:\Users\sharm\CCTV-YOLO\IBVAP\backend\logs\snapshots\intrusion_0177.jpg
2026-09-11,12:06:40,3,3,bus,INTRUSION,CROSSED_RESTRICTED_ZONE,0.9235,387,228,C:\Users\sharm\CCTV-YOLO\IBVAP\backend\logs\snapshots\intrusion_0178.jpg
2026-09-11,12:06:41,3,3,bus,INTRUSION,CROSSED_RESTRICTED_ZONE,0.9207,388,228,C:\Users\sharm\CCTV-YOLO\IBVAP\backend\logs\snapshots\intrusion_0179.jpg
2026-09-11,12:06:42,3,3,bus,INTRUSION,CROSSED_RESTRICTED_ZONE,0.9194,388,228,C:\Users\sharm\CCTV-YOLO\IBVAP\backend\logs\snapshots\intrusion_0180.jpg
2026-09-11,12:06:42,3,3,bus,INTRUSION,CROSSED_RESTRICTED_ZONE,0.9258,387,228,C:\Users\sharm\CCTV-YOLO\IBVAP\backend\logs\snapshots\intrusion_0181.jpg
2026-09-11,12:06:43,3,3,bus,INTRUSION,CROSSED_RESTRICTED_ZONE,0.9132,388,227,C:\Users\sharm\CCTV-YOLO\IBVAP\backend\logs\snapshots\intrusion_0182.jpg
2026-09-11,12:06:43,3,3,bus,INTRUSION,CROSSED_RESTRICTED_ZONE,0.9060,388,226,C:\Users\sharm\CCTV-YOLO\IBVAP\backend\logs\snapshots\intrusion_0183.jpg
2026-09-11,12:06:44,99,6,person,SUSPICIOUS_ACTIVITY,ERRATIC MOVEMENT | LOITERING,1.0000,277,334,C:\Users\sharm\CCTV-YOLO\IBVAP\backend\logs\snapshots\suspicious_0030.jpg
2026-09-11,12:06:44,3,3,bus,INTRUSION,CROSSED_RESTRICTED_ZONE,0.9047,388,226,C:\Users\sharm\CCTV-YOLO\IBVAP\backend\logs\snapshots\intrusion_0184.jpg
2026-09-11,12:06:45,3,3,bus,INTRUSION,CROSSED_RESTRICTED_ZONE,0.9159,388,225,C:\Users\sharm\CCTV-YOLO\IBVAP\backend\logs\snapshots\intrusion_0185.jpg
2026-09-11,12:06:45,3,3,bus,INTRUSION,CROSSED_RESTRICTED_ZONE,0.9176,388,225,C:\Users\sharm\CCTV-YOLO\IBVAP\backend\logs\snapshots\intrusion_0186.jpg
2026-09-11,12:06:46,228,1,person,SUSPICIOUS_ACTIVITY,ERRATIC MOVEMENT,1.0000,231,247,C:\Users\sharm\CCTV-YOLO\IBVAP\backend\logs\snapshots\suspicious_0031.jpg
2026-09-11,12:06:46,3,3,bus,INTRUSION,CROSSED_RESTRICTED_ZONE,0.9244,388,225,C:\Users\sharm\CCTV-YOLO\IBVAP\backend\logs\snapshots\intrusion_0187.jpg
2026-09-11,12:06:46,3,3,bus,INTRUSION,CROSSED_RESTRICTED_ZONE,0.9163,388,225,C:\Users\sharm\CCTV-YOLO\IBVAP\backend\logs\snapshots\intrusion_0188.jpg
2026-09-11,12:06:47,221,4,person,SUSPICIOUS_ACTIVITY,ERRATIC MOVEMENT | LOITERING,1.0000,205,243,C:\Users\sharm\CCTV-YOLO\IBVAP\backend\logs\snapshots\suspicious_0032.jpg
2026-09-11,12:06:47,3,3,bus,INTRUSION,CROSSED_RESTRICTED_ZONE,0.9173,388,225,C:\Users\sharm\CCTV-YOLO\IBVAP\backend\logs\snapshots\intrusion_0189.jpg
2026-09-11,12:06:48,3,3,bus,INTRUSION,CROSSED_RESTRICTED_ZONE,0.9153,389,225,C:\Users\sharm\CCTV-YOLO\IBVAP\backend\logs\snapshots\intrusion_0190.jpg
2026-09-11,12:06:48,3,3,bus,INTRUSION,CROSSED_RESTRICTED_ZONE,0.9008,389,224,C:\Users\sharm\CCTV-YOLO\IBVAP\backend\logs\snapshots\intrusion_0191.jpg
2026-09-11,12:06:49,3,3,bus,INTRUSION,CROSSED_RESTRICTED_ZONE,0.9062,389,224,C:\Users\sharm\CCTV-YOLO\IBVAP\backend\logs\snapshots\intrusion_0192.jpg
2026-09-11,12:06:50,3,3,bus,INTRUSION,CROSSED_RESTRICTED_ZONE,0.9139,389,224,C:\Users\sharm\CCTV-YOLO\IBVAP\backend\logs\snapshots\intrusion_0193.jpg
2026-09-11,12:06:50,3,3,bus,INTRUSION,CROSSED_RESTRICTED_ZONE,0.9209,389,224,C:\Users\sharm\CCTV-YOLO\IBVAP\backend\logs\snapshots\intrusion_0194.jpg
2026-09-11,12:06:51,3,3,bus,INTRUSION,CROSSED_RESTRICTED_ZONE,0.9141,389,225,C:\Users\sharm\CCTV-YOLO\IBVAP\backend\logs\snapshots\intrusion_0195.jpg
2026-09-11,12:06:51,3,3,bus,INTRUSION,CROSSED_RESTRICTED_ZONE,0.9148,389,225,C:\Users\sharm\CCTV-YOLO\IBVAP\backend\logs\snapshots\intrusion_0196.jpg
2026-09-11,12:06:52,3,3,bus,INTRUSION,CROSSED_RESTRICTED_ZONE,0.9201,389,226,C:\Users\sharm\CCTV-YOLO\IBVAP\backend\logs\snapshots\intrusion_0197.jpg
2026-09-11,12:06:52,3,3,bus,INTRUSION,CROSSED_RESTRICTED_ZONE,0.9150,390,227,C:\Users\sharm\CCTV-YOLO\IBVAP\backend\logs\snapshots\intrusion_0198.jpg
2026-09-11,12:06:53,3,3,bus,INTRUSION,CROSSED_RESTRICTED_ZONE,0.9241,390,227,C:\Users\sharm\CCTV-YOLO\IBVAP\backend\logs\snapshots\intrusion_0199.jpg
2026-09-11,12:06:54,3,3,bus,INTRUSION,CROSSED_RESTRICTED_ZONE,0.9234,390,227,C:\Users\sharm\CCTV-YOLO\IBVAP\backend\logs\snapshots\intrusion_0200.jpg
2026-09-11,12:06:54,99,6,person,SUSPICIOUS_ACTIVITY,ERRATIC MOVEMENT | LOITERING,1.0000,274,334,C:\Users\sharm\CCTV-YOLO\IBVAP\backend\logs\snapshots\suspicious_0033.jpg
2026-09-11,12:06:54,3,3,bus,INTRUSION,CROSSED_RESTRICTED_ZONE,0.9226,390,227,C:\Users\sharm\CCTV-YOLO\IBVAP\backend\logs\snapshots\intrusion_0201.jpg
2026-09-11,12:06:55,3,3,bus,INTRUSION,CROSSED_RESTRICTED_ZONE,0.9203,390,226,C:\Users\sharm\CCTV-YOLO\IBVAP\backend\logs\snapshots\intrusion_0202.jpg
2026-09-11,12:06:55,167,8,person,SUSPICIOUS_ACTIVITY,LOITERING,0.4167,14,385,C:\Users\sharm\CCTV-YOLO\IBVAP\backend\logs\snapshots\suspicious_0034.jpg
2026-09-11,12:06:55,3,3,bus,INTRUSION,CROSSED_RESTRICTED_ZONE,0.9251,390,226,C:\Users\sharm\CCTV-YOLO\IBVAP\backend\logs\snapshots\intrusion_0203.jpg
2026-09-11,12:06:56,228,1,person,SUSPICIOUS_ACTIVITY,ERRATIC MOVEMENT,1.0000,229,244,C:\Users\sharm\CCTV-YOLO\IBVAP\backend\logs\snapshots\suspicious_0035.jpg
2026-09-11,12:06:56,3,3,bus,INTRUSION,CROSSED_RESTRICTED_ZONE,0.9164,390,226,C:\Users\sharm\CCTV-YOLO\IBVAP\backend\logs\snapshots\intrusion_0204.jpg
2026-09-11,12:06:57,3,3,bus,INTRUSION,CROSSED_RESTRICTED_ZONE,0.9060,391,228,C:\Users\sharm\CCTV-YOLO\IBVAP\backend\logs\snapshots\intrusion_0205.jpg
2026-09-11,12:06:57,221,4,person,SUSPICIOUS_ACTIVITY,ERRATIC MOVEMENT | LOITERING,1.0000,199,245,C:\Users\sharm\CCTV-YOLO\IBVAP\backend\logs\snapshots\suspicious_0036.jpg
2026-09-11,12:06:57,3,3,bus,INTRUSION,CROSSED_RESTRICTED_ZONE,0.9052,391,228,C:\Users\sharm\CCTV-YOLO\IBVAP\backend\logs\snapshots\intrusion_0206.jpg
2026-09-11,12:06:58,3,3,bus,INTRUSION,CROSSED_RESTRICTED_ZONE,0.9145,387,229,C:\Users\sharm\CCTV-YOLO\IBVAP\backend\logs\snapshots\intrusion_0207.jpg
2026-09-11,12:06:58,3,3,bus,INTRUSION,CROSSED_RESTRICTED_ZONE,0.9104,386,229,C:\Users\sharm\CCTV-YOLO\IBVAP\backend\logs\snapshots\intrusion_0208.jpg
2026-09-11,12:57:03,1,1,person,INTRUSION,CROSSED_RESTRICTED_ZONE,0.8940,198,239,C:\Users\sharm\CCTV-YOLO\IBVAP\backend\logs\snapshots\intrusion_0001.jpg
2026-09-11,12:57:04,3,3,bus,INTRUSION,CROSSED_RESTRICTED_ZONE,0.7503,307,222,C:\Users\sharm\CCTV-YOLO\IBVAP\backend\logs\snapshots\intrusion_0002.jpg
2026-09-11,12:57:04,4,1,person,SUSPICIOUS_ACTIVITY,RAPID MOVEMENT,0.8333,198,239,C:\Users\sharm\CCTV-YOLO\IBVAP\backend\logs\snapshots\suspicious_0001.jpg
2026-09-11,12:57:15,4,1,person,SUSPICIOUS_ACTIVITY,ERRATIC MOVEMENT | RAPID MOVEMENT,1.0000,200,236,C:\Users\sharm\CCTV-YOLO\IBVAP\backend\logs\snapshots\suspicious_0002.jpg
2026-09-11,12:57:25,1,1,person,SUSPICIOUS_ACTIVITY,ERRATIC MOVEMENT | RAPID MOVEMENT,1.0000,193,338,C:\Users\sharm\CCTV-YOLO\IBVAP\backend\logs\snapshots\suspicious_0003.jpg
2026-09-11,12:57:35,1,1,person,SUSPICIOUS_ACTIVITY,ERRATIC MOVEMENT | RAPID MOVEMENT,1.0000,103,331,C:\Users\sharm\CCTV-YOLO\IBVAP\backend\logs\snapshots\suspicious_0004.jpg
2026-09-11,12:57:37,60,4,person,INTRUSION,CROSSED_RESTRICTED_ZONE,0.4021,175,227,C:\Users\sharm\CCTV-YOLO\IBVAP\backend\logs\snapshots\intrusion_0003.jpg
2026-09-11,12:57:39,69,4,person,SUSPICIOUS_ACTIVITY,RAPID MOVEMENT,0.4167,174,226,C:\Users\sharm\CCTV-YOLO\IBVAP\backend\logs\snapshots\suspicious_0005.jpg
2026-09-11,12:57:41,92,6,person,INTRUSION,CROSSED_RESTRICTED_ZONE,0.3137,477,220,C:\Users\sharm\CCTV-YOLO\IBVAP\backend\logs\snapshots\intrusion_0004.jpg
2026-09-11,12:57:42,99,6,person,SUSPICIOUS_ACTIVITY,RAPID MOVEMENT,0.4167,368,297,C:\Users\sharm\CCTV-YOLO\IBVAP\backend\logs\snapshots\suspicious_0006.jpg
2026-09-11,12:57:45,4,1,person,SUSPICIOUS_ACTIVITY,ERRATIC MOVEMENT | RAPID MOVEMENT,1.0000,204,233,C:\Users\sharm\CCTV-YOLO\IBVAP\backend\logs\snapshots\suspicious_0007.jpg
2026-09-11,12:57:48,3,3,bus,INTRUSION,CROSSED_RESTRICTED_ZONE,0.9429,331,223,C:\Users\sharm\CCTV-YOLO\IBVAP\backend\logs\snapshots\intrusion_0005.jpg
2026-09-11,12:57:49,3,3,bus,INTRUSION,CROSSED_RESTRICTED_ZONE,0.9427,334,223,C:\Users\sharm\CCTV-YOLO\IBVAP\backend\logs\snapshots\intrusion_0006.jpg
2026-09-11,12:57:49,3,3,bus,INTRUSION,CROSSED_RESTRICTED_ZONE,0.9543,338,225,C:\Users\sharm\CCTV-YOLO\IBVAP\backend\logs\snapshots\intrusion_0007.jpg
2026-09-11,12:57:50,3,3,bus,INTRUSION,CROSSED_RESTRICTED_ZONE,0.9500,340,225,C:\Users\sharm\CCTV-YOLO\IBVAP\backend\logs\snapshots\intrusion_0008.jpg
2026-09-11,12:57:50,3,3,bus,INTRUSION,CROSSED_RESTRICTED_ZONE,0.9472,343,225,C:\Users\sharm\CCTV-YOLO\IBVAP\backend\logs\snapshots\intrusion_0009.jpg
2026-09-11,12:57:51,3,3,bus,INTRUSION,CROSSED_RESTRICTED_ZONE,0.9484,345,224,C:\Users\sharm\CCTV-YOLO\IBVAP\backend\logs\snapshots\intrusion_0010.jpg
2026-09-11,12:57:51,3,3,bus,INTRUSION,CROSSED_RESTRICTED_ZONE,0.9506,347,223,C:\Users\sharm\CCTV-YOLO\IBVAP\backend\logs\snapshots\intrusion_0011.jpg
2026-09-11,12:57:52,3,3,bus,INTRUSION,CROSSED_RESTRICTED_ZONE,0.9517,349,224,C:\Users\sharm\CCTV-YOLO\IBVAP\backend\logs\snapshots\intrusion_0012.jpg
2026-09-11,12:57:53,99,6,person,SUSPICIOUS_ACTIVITY,ERRATIC MOVEMENT | RAPID MOVEMENT,1.0000,226,335,C:\Users\sharm\CCTV-YOLO\IBVAP\backend\logs\snapshots\suspicious_0008.jpg
2026-09-11,12:57:53,3,3,bus,INTRUSION,CROSSED_RESTRICTED_ZONE,0.9068,352,223,C:\Users\sharm\CCTV-YOLO\IBVAP\backend\logs\snapshots\intrusion_0013.jpg
2026-09-11,12:57:53,3,3,bus,INTRUSION,CROSSED_RESTRICTED_ZONE,0.9490,356,223,C:\Users\sharm\CCTV-YOLO\IBVAP\backend\logs\snapshots\intrusion_0014.jpg
2026-09-11,12:57:54,3,3,bus,INTRUSION,CROSSED_RESTRICTED_ZONE,0.9266,360,225,C:\Users\sharm\CCTV-YOLO\IBVAP\backend\logs\snapshots\intrusion_0015.jpg
2026-09-11,12:57:54,3,3,bus,INTRUSION,CROSSED_RESTRICTED_ZONE,0.9349,362,226,C:\Users\sharm\CCTV-YOLO\IBVAP\backend\logs\snapshots\intrusion_0016.jpg
2026-09-11,12:57:55,3,3,bus,INTRUSION,CROSSED_RESTRICTED_ZONE,0.9292,364,226,C:\Users\sharm\CCTV-YOLO\IBVAP\backend\logs\snapshots\intrusion_0017.jpg
2026-09-11,12:57:56,3,3,bus,INTRUSION,CROSSED_RESTRICTED_ZONE,0.9212,365,225,C:\Users\sharm\CCTV-YOLO\IBVAP\backend\logs\snapshots\intrusion_0018.jpg
2026-09-11,12:57:56,3,3,bus,INTRUSION,CROSSED_RESTRICTED_ZONE,0.9321,366,225,C:\Users\sharm\CCTV-YOLO\IBVAP\backend\logs\snapshots\intrusion_0019.jpg
2026-09-11,12:57:57,3,3,bus,INTRUSION,CROSSED_RESTRICTED_ZONE,0.9416,367,225,C:\Users\sharm\CCTV-YOLO\IBVAP\backend\logs\snapshots\intrusion_0020.jpg
2026-09-11,12:57:58,3,3,bus,INTRUSION,CROSSED_RESTRICTED_ZONE,0.9402,367,225,C:\Users\sharm\CCTV-YOLO\IBVAP\backend\logs\snapshots\intrusion_0021.jpg
2026-09-11,12:57:59,3,3,bus,INTRUSION,CROSSED_RESTRICTED_ZONE,0.9373,366,225,C:\Users\sharm\CCTV-YOLO\IBVAP\backend\logs\snapshots\intrusion_0022.jpg
2026-09-11,12:58:00,3,3,bus,INTRUSION,CROSSED_RESTRICTED_ZONE,0.9371,366,224,C:\Users\sharm\CCTV-YOLO\IBVAP\backend\logs\snapshots\intrusion_0023.jpg
2026-09-11,12:58:00,3,3,bus,INTRUSION,CROSSED_RESTRICTED_ZONE,0.9424,366,224,C:\Users\sharm\CCTV-YOLO\IBVAP\backend\logs\snapshots\intrusion_0024.jpg
2026-09-11,12:58:01,3,3,bus,INTRUSION,CROSSED_RESTRICTED_ZONE,0.9357,366,224,C:\Users\sharm\CCTV-YOLO\IBVAP\backend\logs\snapshots\intrusion_0025.jpg
2026-09-11,12:58:02,3,3,bus,INTRUSION,CROSSED_RESTRICTED_ZONE,0.8880,366,224,C:\Users\sharm\CCTV-YOLO\IBVAP\backend\logs\snapshots\intrusion_0026.jpg
2026-09-11,12:58:02,3,3,bus,INTRUSION,CROSSED_RESTRICTED_ZONE,0.9409,366,224,C:\Users\sharm\CCTV-YOLO\IBVAP\backend\logs\snapshots\intrusion_0027.jpg
2026-09-11,12:58:04,99,6,person,SUSPICIOUS_ACTIVITY,ERRATIC MOVEMENT,1.0000,252,335,C:\Users\sharm\CCTV-YOLO\IBVAP\backend\logs\snapshots\suspicious_0009.jpg
2026-09-11,12:58:04,3,3,bus,INTRUSION,CROSSED_RESTRICTED_ZONE,0.9402,366,224,C:\Users\sharm\CCTV-YOLO\IBVAP\backend\logs\snapshots\intrusion_0028.jpg
2026-09-11,12:58:05,3,3,bus,INTRUSION,CROSSED_RESTRICTED_ZONE,0.9403,366,224,C:\Users\sharm\CCTV-YOLO\IBVAP\backend\logs\snapshots\intrusion_0029.jpg
2026-09-11,12:58:05,3,3,bus,INTRUSION,CROSSED_RESTRICTED_ZONE,0.9258,366,224,C:\Users\sharm\CCTV-YOLO\IBVAP\backend\logs\snapshots\intrusion_0030.jpg
2026-09-11,12:58:06,3,3,bus,INTRUSION,CROSSED_RESTRICTED_ZONE,0.9380,366,224,C:\Users\sharm\CCTV-YOLO\IBVAP\backend\logs\snapshots\intrusion_0031.jpg
2026-09-11,12:58:07,3,3,bus,INTRUSION,CROSSED_RESTRICTED_ZONE,0.9345,366,224,C:\Users\sharm\CCTV-YOLO\IBVAP\backend\logs\snapshots\intrusion_0032.jpg
2026-09-11,12:58:08,3,3,bus,INTRUSION,CROSSED_RESTRICTED_ZONE,0.9344,366,224,C:\Users\sharm\CCTV-YOLO\IBVAP\backend\logs\snapshots\intrusion_0033.jpg
2026-09-11,12:58:08,3,3,bus,INTRUSION,CROSSED_RESTRICTED_ZONE,0.9371,366,224,C:\Users\sharm\CCTV-YOLO\IBVAP\backend\logs\snapshots\intrusion_0034.jpg
2026-09-11,12:58:09,3,3,bus,INTRUSION,CROSSED_RESTRICTED_ZONE,0.9408,366,224,C:\Users\sharm\CCTV-YOLO\IBVAP\backend\logs\snapshots\intrusion_0035.jpg
2026-09-11,12:58:10,3,3,bus,INTRUSION,CROSSED_RESTRICTED_ZONE,0.9413,366,224,C:\Users\sharm\CCTV-YOLO\IBVAP\backend\logs\snapshots\intrusion_0036.jpg
2026-09-11,12:58:10,3,3,bus,INTRUSION,CROSSED_RESTRICTED_ZONE,0.9162,366,224,C:\Users\sharm\CCTV-YOLO\IBVAP\backend\logs\snapshots\intrusion_0037.jpg
2026-09-11,12:58:11,3,3,bus,INTRUSION,CROSSED_RESTRICTED_ZONE,0.9041,366,224,C:\Users\sharm\CCTV-YOLO\IBVAP\backend\logs\snapshots\intrusion_0038.jpg
2026-09-11,12:58:13,3,3,bus,INTRUSION,CROSSED_RESTRICTED_ZONE,0.9500,367,224,C:\Users\sharm\CCTV-YOLO\IBVAP\backend\logs\snapshots\intrusion_0039.jpg
2026-09-11,12:58:14,3,3,bus,INTRUSION,CROSSED_RESTRICTED_ZONE,0.9304,367,224,C:\Users\sharm\CCTV-YOLO\IBVAP\backend\logs\snapshots\intrusion_0040.jpg
2026-09-11,12:58:15,99,6,person,SUSPICIOUS_ACTIVITY,ERRATIC MOVEMENT,1.0000,221,337,C:\Users\sharm\CCTV-YOLO\IBVAP\backend\logs\snapshots\suspicious_0010.jpg
2026-09-11,12:58:15,3,3,bus,INTRUSION,CROSSED_RESTRICTED_ZONE,0.9323,367,224,C:\Users\sharm\CCTV-YOLO\IBVAP\backend\logs\snapshots\intrusion_0041.jpg
2026-09-11,12:58:16,3,3,bus,INTRUSION,CROSSED_RESTRICTED_ZONE,0.9331,367,224,C:\Users\sharm\CCTV-YOLO\IBVAP\backend\logs\snapshots\intrusion_0042.jpg
2026-09-11,12:58:16,3,3,bus,INTRUSION,CROSSED_RESTRICTED_ZONE,0.9385,367,225,C:\Users\sharm\CCTV-YOLO\IBVAP\backend\logs\snapshots\intrusion_0043.jpg
2026-09-11,12:58:17,3,3,bus,INTRUSION,CROSSED_RESTRICTED_ZONE,0.9335,367,224,C:\Users\sharm\CCTV-YOLO\IBVAP\backend\logs\snapshots\intrusion_0044.jpg
2026-09-11,12:58:18,3,3,bus,INTRUSION,CROSSED_RESTRICTED_ZONE,0.9272,367,224,C:\Users\sharm\CCTV-YOLO\IBVAP\backend\logs\snapshots\intrusion_0045.jpg
2026-09-11,12:58:20,3,3,bus,INTRUSION,CROSSED_RESTRICTED_ZONE,0.9260,367,225,C:\Users\sharm\CCTV-YOLO\IBVAP\backend\logs\snapshots\intrusion_0046.jpg
2026-09-11,12:58:20,3,3,bus,INTRUSION,CROSSED_RESTRICTED_ZONE,0.9239,367,225,C:\Users\sharm\CCTV-YOLO\IBVAP\backend\logs\snapshots\intrusion_0047.jpg
2026-09-11,12:58:21,3,3,bus,INTRUSION,CROSSED_RESTRICTED_ZONE,0.9321,367,226,C:\Users\sharm\CCTV-YOLO\IBVAP\backend\logs\snapshots\intrusion_0048.jpg
2026-09-11,12:58:22,3,3,bus,INTRUSION,CROSSED_RESTRICTED_ZONE,0.9303,366,225,C:\Users\sharm\CCTV-YOLO\IBVAP\backend\logs\snapshots\intrusion_0049.jpg
2026-09-11,12:58:24,3,3,bus,INTRUSION,CROSSED_RESTRICTED_ZONE,0.9344,367,224,C:\Users\sharm\CCTV-YOLO\IBVAP\backend\logs\snapshots\intrusion_0050.jpg
2026-09-11,12:58:25,3,3,bus,INTRUSION,CROSSED_RESTRICTED_ZONE,0.9324,366,224,C:\Users\sharm\CCTV-YOLO\IBVAP\backend\logs\snapshots\intrusion_0051.jpg
2026-09-11,12:58:26,99,6,person,SUSPICIOUS_ACTIVITY,ERRATIC MOVEMENT,1.0000,193,336,C:\Users\sharm\CCTV-YOLO\IBVAP\backend\logs\snapshots\suspicious_0011.jpg
2026-09-11,12:58:26,3,3,bus,INTRUSION,CROSSED_RESTRICTED_ZONE,0.9354,367,224,C:\Users\sharm\CCTV-YOLO\IBVAP\backend\logs\snapshots\intrusion_0052.jpg
2026-09-11,12:58:28,3,3,bus,INTRUSION,CROSSED_RESTRICTED_ZONE,0.9232,368,223,C:\Users\sharm\CCTV-YOLO\IBVAP\backend\logs\snapshots\intrusion_0053.jpg
2026-09-11,12:58:29,3,3,bus,INTRUSION,CROSSED_RESTRICTED_ZONE,0.9262,368,223,C:\Users\sharm\CCTV-YOLO\IBVAP\backend\logs\snapshots\intrusion_0054.jpg
2026-09-11,12:58:32,3,3,bus,INTRUSION,CROSSED_RESTRICTED_ZONE,0.8815,368,223,C:\Users\sharm\CCTV-YOLO\IBVAP\backend\logs\snapshots\intrusion_0055.jpg
2026-09-11,12:58:35,171,1,person,SUSPICIOUS_ACTIVITY,ERRATIC MOVEMENT | RAPID MOVEMENT,1.0000,268,238,C:\Users\sharm\CCTV-YOLO\IBVAP\backend\logs\snapshots\suspicious_0012.jpg
2026-09-11,12:58:37,99,6,person,SUSPICIOUS_ACTIVITY,ERRATIC MOVEMENT,1.0000,194,338,C:\Users\sharm\CCTV-YOLO\IBVAP\backend\logs\snapshots\suspicious_0013.jpg
2026-09-11,12:58:40,3,3,bus,INTRUSION,CROSSED_RESTRICTED_ZONE,0.9432,368,228,C:\Users\sharm\CCTV-YOLO\IBVAP\backend\logs\snapshots\intrusion_0056.jpg
2026-09-11,12:58:41,178,4,person,SUSPICIOUS_ACTIVITY,ERRATIC MOVEMENT | LOITERING | RAPID MOVEMENT,1.0000,227,239,C:\Users\sharm\CCTV-YOLO\IBVAP\backend\logs\snapshots\suspicious_0014.jpg
2026-09-11,12:58:41,3,3,bus,INTRUSION,CROSSED_RESTRICTED_ZONE,0.9461,368,228,C:\Users\sharm\CCTV-YOLO\IBVAP\backend\logs\snapshots\intrusion_0057.jpg
2026-09-11,12:58:42,3,3,bus,INTRUSION,CROSSED_RESTRICTED_ZONE,0.9447,368,228,C:\Users\sharm\CCTV-YOLO\IBVAP\backend\logs\snapshots\intrusion_0058.jpg
2026-09-11,12:58:43,3,3,bus,INTRUSION,CROSSED_RESTRICTED_ZONE,0.9474,368,226,C:\Users\sharm\CCTV-YOLO\IBVAP\backend\logs\snapshots\intrusion_0059.jpg
2026-09-11,12:58:44,3,3,bus,INTRUSION,CROSSED_RESTRICTED_ZONE,0.9453,369,225,C:\Users\sharm\CCTV-YOLO\IBVAP\backend\logs\snapshots\intrusion_0060.jpg
2026-09-11,12:58:45,171,1,person,SUSPICIOUS_ACTIVITY,ERRATIC MOVEMENT,1.0000,268,240,C:\Users\sharm\CCTV-YOLO\IBVAP\backend\logs\snapshots\suspicious_0015.jpg
2026-09-11,12:58:45,3,3,bus,INTRUSION,CROSSED_RESTRICTED_ZONE,0.9468,368,226,C:\Users\sharm\CCTV-YOLO\IBVAP\backend\logs\snapshots\intrusion_0061.jpg
2026-09-11,12:58:46,3,3,bus,INTRUSION,CROSSED_RESTRICTED_ZONE,0.9446,368,225,C:\Users\sharm\CCTV-YOLO\IBVAP\backend\logs\snapshots\intrusion_0062.jpg
2026-09-11,12:58:46,3,3,bus,INTRUSION,CROSSED_RESTRICTED_ZONE,0.9468,368,226,C:\Users\sharm\CCTV-YOLO\IBVAP\backend\logs\snapshots\intrusion_0063.jpg
2026-09-11,12:58:47,3,3,bus,INTRUSION,CROSSED_RESTRICTED_ZONE,0.9402,368,225,C:\Users\sharm\CCTV-YOLO\IBVAP\backend\logs\snapshots\intrusion_0064.jpg
2026-09-11,12:58:48,99,6,person,SUSPICIOUS_ACTIVITY,ERRATIC MOVEMENT,1.0000,194,388,C:\Users\sharm\CCTV-YOLO\IBVAP\backend\logs\snapshots\suspicious_0016.jpg
2026-09-11,12:58:48,3,3,bus,INTRUSION,CROSSED_RESTRICTED_ZONE,0.9433,368,226,C:\Users\sharm\CCTV-YOLO\IBVAP\backend\logs\snapshots\intrusion_0065.jpg
2026-09-11,12:58:48,3,3,bus,INTRUSION,CROSSED_RESTRICTED_ZONE,0.9431,368,225,C:\Users\sharm\CCTV-YOLO\IBVAP\backend\logs\snapshots\intrusion_0066.jpg
2026-09-11,12:58:49,3,3,bus,INTRUSION,CROSSED_RESTRICTED_ZONE,0.9445,368,225,C:\Users\sharm\CCTV-YOLO\IBVAP\backend\logs\snapshots\intrusion_0067.jpg
2026-09-11,12:58:49,3,3,bus,INTRUSION,CROSSED_RESTRICTED_ZONE,0.9471,368,224,C:\Users\sharm\CCTV-YOLO\IBVAP\backend\logs\snapshots\intrusion_0068.jpg
2026-09-11,12:58:50,3,3,bus,INTRUSION,CROSSED_RESTRICTED_ZONE,0.9458,369,224,C:\Users\sharm\CCTV-YOLO\IBVAP\backend\logs\snapshots\intrusion_0069.jpg
2026-09-11,12:58:51,3,3,bus,INTRUSION,CROSSED_RESTRICTED_ZONE,0.9442,369,224,C:\Users\sharm\CCTV-YOLO\IBVAP\backend\logs\snapshots\intrusion_0070.jpg
2026-09-11,12:58:51,178,4,person,SUSPICIOUS_ACTIVITY,ERRATIC MOVEMENT | LOITERING | RAPID MOVEMENT,1.0000,225,240,C:\Users\sharm\CCTV-YOLO\IBVAP\backend\logs\snapshots\suspicious_0017.jpg
2026-09-11,12:58:51,3,3,bus,INTRUSION,CROSSED_RESTRICTED_ZONE,0.9460,369,224,C:\Users\sharm\CCTV-YOLO\IBVAP\backend\logs\snapshots\intrusion_0071.jpg
2026-09-11,12:58:52,3,3,bus,INTRUSION,CROSSED_RESTRICTED_ZONE,0.9395,369,224,C:\Users\sharm\CCTV-YOLO\IBVAP\backend\logs\snapshots\intrusion_0072.jpg
2026-09-11,12:58:52,3,3,bus,INTRUSION,CROSSED_RESTRICTED_ZONE,0.9430,369,224,C:\Users\sharm\CCTV-YOLO\IBVAP\backend\logs\snapshots\intrusion_0073.jpg
2026-09-11,12:58:53,3,3,bus,INTRUSION,CROSSED_RESTRICTED_ZONE,0.9383,369,224,C:\Users\sharm\CCTV-YOLO\IBVAP\backend\logs\snapshots\intrusion_0074.jpg
2026-09-11,12:58:54,3,3,bus,INTRUSION,CROSSED_RESTRICTED_ZONE,0.9373,369,224,C:\Users\sharm\CCTV-YOLO\IBVAP\backend\logs\snapshots\intrusion_0075.jpg
2026-09-11,12:58:54,3,3,bus,INTRUSION,CROSSED_RESTRICTED_ZONE,0.9465,370,224,C:\Users\sharm\CCTV-YOLO\IBVAP\backend\logs\snapshots\intrusion_0076.jpg
2026-09-11,12:58:55,3,3,bus,INTRUSION,CROSSED_RESTRICTED_ZONE,0.9484,370,224,C:\Users\sharm\CCTV-YOLO\IBVAP\backend\logs\snapshots\intrusion_0077.jpg
2026-09-11,12:58:56,3,3,bus,INTRUSION,CROSSED_RESTRICTED_ZONE,0.9491,370,224,C:\Users\sharm\CCTV-YOLO\IBVAP\backend\logs\snapshots\intrusion_0078.jpg
2026-09-11,12:58:56,3,3,bus,INTRUSION,CROSSED_RESTRICTED_ZONE,0.9431,370,224,C:\Users\sharm\CCTV-YOLO\IBVAP\backend\logs\snapshots\intrusion_0079.jpg
2026-09-11,12:58:57,3,3,bus,INTRUSION,CROSSED_RESTRICTED_ZONE,0.9494,370,224,C:\Users\sharm\CCTV-YOLO\IBVAP\backend\logs\snapshots\intrusion_0080.jpg
2026-09-11,12:58:57,3,3,bus,INTRUSION,CROSSED_RESTRICTED_ZONE,0.9527,371,224,C:\Users\sharm\CCTV-YOLO\IBVAP\backend\logs\snapshots\intrusion_0081.jpg
2026-09-11,12:58:58,99,6,person,SUSPICIOUS_ACTIVITY,ERRATIC MOVEMENT,1.0000,192,407,C:\Users\sharm\CCTV-YOLO\IBVAP\backend\logs\snapshots\suspicious_0018.jpg
2026-09-11,12:58:58,3,3,bus,INTRUSION,CROSSED_RESTRICTED_ZONE,0.9410,371,225,C:\Users\sharm\CCTV-YOLO\IBVAP\backend\logs\snapshots\intrusion_0082.jpg
2026-09-11,12:58:59,3,3,bus,INTRUSION,CROSSED_RESTRICTED_ZONE,0.9383,371,225,C:\Users\sharm\CCTV-YOLO\IBVAP\backend\logs\snapshots\intrusion_0083.jpg
2026-09-11,12:58:59,3,3,bus,INTRUSION,CROSSED_RESTRICTED_ZONE,0.9345,371,225,C:\Users\sharm\CCTV-YOLO\IBVAP\backend\logs\snapshots\intrusion_0084.jpg
2026-09-11,12:59:00,3,3,bus,INTRUSION,CROSSED_RESTRICTED_ZONE,0.9326,372,225,C:\Users\sharm\CCTV-YOLO\IBVAP\backend\logs\snapshots\intrusion_0085.jpg
2026-09-11,12:59:00,3,3,bus,INTRUSION,CROSSED_RESTRICTED_ZONE,0.9402,372,225,C:\Users\sharm\CCTV-YOLO\IBVAP\backend\logs\snapshots\intrusion_0086.jpg
2026-09-11,12:59:01,3,3,bus,INTRUSION,CROSSED_RESTRICTED_ZONE,0.9318,372,224,C:\Users\sharm\CCTV-YOLO\IBVAP\backend\logs\snapshots\intrusion_0087.jpg
2026-09-11,12:59:02,178,4,person,SUSPICIOUS_ACTIVITY,ERRATIC MOVEMENT | LOITERING | RAPID MOVEMENT,1.0000,226,240,C:\Users\sharm\CCTV-YOLO\IBVAP\backend\logs\snapshots\suspicious_0019.jpg
2026-09-11,12:59:02,3,3,bus,INTRUSION,CROSSED_RESTRICTED_ZONE,0.9334,372,225,C:\Users\sharm\CCTV-YOLO\IBVAP\backend\logs\snapshots\intrusion_0088.jpg
2026-09-11,12:59:02,3,3,bus,INTRUSION,CROSSED_RESTRICTED_ZONE,0.9364,372,225,C:\Users\sharm\CCTV-YOLO\IBVAP\backend\logs\snapshots\intrusion_0089.jpg
2026-09-11,12:59:03,3,3,bus,INTRUSION,CROSSED_RESTRICTED_ZONE,0.9186,372,225,C:\Users\sharm\CCTV-YOLO\IBVAP\backend\logs\snapshots\intrusion_0090.jpg
2026-09-11,12:59:04,3,3,bus,INTRUSION,CROSSED_RESTRICTED_ZONE,0.9358,372,225,C:\Users\sharm\CCTV-YOLO\IBVAP\backend\logs\snapshots\intrusion_0091.jpg
2026-09-11,12:59:04,3,3,bus,INTRUSION,CROSSED_RESTRICTED_ZONE,0.9293,372,225,C:\Users\sharm\CCTV-YOLO\IBVAP\backend\logs\snapshots\intrusion_0092.jpg
2026-09-11,12:59:05,3,3,bus,INTRUSION,CROSSED_RESTRICTED_ZONE,0.9154,373,226,C:\Users\sharm\CCTV-YOLO\IBVAP\backend\logs\snapshots\intrusion_0093.jpg
2026-09-11,12:59:05,3,3,bus,INTRUSION,CROSSED_RESTRICTED_ZONE,0.9077,373,225,C:\Users\sharm\CCTV-YOLO\IBVAP\backend\logs\snapshots\intrusion_0094.jpg
2026-09-11,12:59:06,3,3,bus,INTRUSION,CROSSED_RESTRICTED_ZONE,0.8875,373,225,C:\Users\sharm\CCTV-YOLO\IBVAP\backend\logs\snapshots\intrusion_0095.jpg
2026-09-11,12:59:07,3,3,bus,INTRUSION,CROSSED_RESTRICTED_ZONE,0.9029,373,226,C:\Users\sharm\CCTV-YOLO\IBVAP\backend\logs\snapshots\intrusion_0096.jpg
2026-09-11,12:59:07,3,3,bus,INTRUSION,CROSSED_RESTRICTED_ZONE,0.8480,373,226,C:\Users\sharm\CCTV-YOLO\IBVAP\backend\logs\snapshots\intrusion_0097.jpg
2026-09-11,12:59:08,3,3,bus,INTRUSION,CROSSED_RESTRICTED_ZONE,0.8612,373,227,C:\Users\sharm\CCTV-YOLO\IBVAP\backend\logs\snapshots\intrusion_0098.jpg
2026-09-11,12:59:09,99,6,person,SUSPICIOUS_ACTIVITY,ERRATIC MOVEMENT | LOITERING,1.0000,190,364,C:\Users\sharm\CCTV-YOLO\IBVAP\backend\logs\snapshots\suspicious_0020.jpg
2026-09-11,12:59:09,3,3,bus,INTRUSION,CROSSED_RESTRICTED_ZONE,0.8990,373,227,C:\Users\sharm\CCTV-YOLO\IBVAP\backend\logs\snapshots\intrusion_0099.jpg
2026-09-11,12:59:09,3,3,bus,INTRUSION,CROSSED_RESTRICTED_ZONE,0.9043,373,227,C:\Users\sharm\CCTV-YOLO\IBVAP\backend\logs\snapshots\intrusion_0100.jpg
2026-09-11,12:59:10,3,3,bus,INTRUSION,CROSSED_RESTRICTED_ZONE,0.9219,374,227,C:\Users\sharm\CCTV-YOLO\IBVAP\backend\logs\snapshots\intrusion_0101.jpg
2026-09-11,12:59:10,3,3,bus,INTRUSION,CROSSED_RESTRICTED_ZONE,0.9251,374,227,C:\Users\sharm\CCTV-YOLO\IBVAP\backend\logs\snapshots\intrusion_0102.jpg
2026-09-11,12:59:11,207,9,person,SUSPICIOUS_ACTIVITY,RAPID MOVEMENT,0.5556,697,198,C:\Users\sharm\CCTV-YOLO\IBVAP\backend\logs\snapshots\suspicious_0021.jpg
2026-09-11,12:59:11,3,3,bus,INTRUSION,CROSSED_RESTRICTED_ZONE,0.9277,374,226,C:\Users\sharm\CCTV-YOLO\IBVAP\backend\logs\snapshots\intrusion_0103.jpg
2026-09-11,12:59:12,3,3,bus,INTRUSION,CROSSED_RESTRICTED_ZONE,0.9304,374,226,C:\Users\sharm\CCTV-YOLO\IBVAP\backend\logs\snapshots\intrusion_0104.jpg
2026-09-11,12:59:12,178,4,person,SUSPICIOUS_ACTIVITY,ERRATIC MOVEMENT | LOITERING | RAPID MOVEMENT,1.0000,220,240,C:\Users\sharm\CCTV-YOLO\IBVAP\backend\logs\snapshots\suspicious_0022.jpg
2026-09-11,12:59:12,3,3,bus,INTRUSION,CROSSED_RESTRICTED_ZONE,0.9345,374,227,C:\Users\sharm\CCTV-YOLO\IBVAP\backend\logs\snapshots\intrusion_0105.jpg
2026-09-11,12:59:13,3,3,bus,INTRUSION,CROSSED_RESTRICTED_ZONE,0.9403,375,227,C:\Users\sharm\CCTV-YOLO\IBVAP\backend\logs\snapshots\intrusion_0106.jpg
2026-09-11,12:59:13,210,1,person,SUSPICIOUS_ACTIVITY,ERRATIC MOVEMENT | RAPID MOVEMENT,1.0000,257,240,C:\Users\sharm\CCTV-YOLO\IBVAP\backend\logs\snapshots\suspicious_0023.jpg
2026-09-11,12:59:13,3,3,bus,INTRUSION,CROSSED_RESTRICTED_ZONE,0.9304,375,227,C:\Users\sharm\CCTV-YOLO\IBVAP\backend\logs\snapshots\intrusion_0107.jpg
2026-09-11,12:59:14,3,3,bus,INTRUSION,CROSSED_RESTRICTED_ZONE,0.9350,375,228,C:\Users\sharm\CCTV-YOLO\IBVAP\backend\logs\snapshots\intrusion_0108.jpg
2026-09-11,12:59:15,3,3,bus,INTRUSION,CROSSED_RESTRICTED_ZONE,0.9400,375,227,C:\Users\sharm\CCTV-YOLO\IBVAP\backend\logs\snapshots\intrusion_0109.jpg
2026-09-11,12:59:15,3,3,bus,INTRUSION,CROSSED_RESTRICTED_ZONE,0.9409,375,227,C:\Users\sharm\CCTV-YOLO\IBVAP\backend\logs\snapshots\intrusion_0110.jpg
2026-09-11,12:59:16,3,3,bus,INTRUSION,CROSSED_RESTRICTED_ZONE,0.9368,376,227,C:\Users\sharm\CCTV-YOLO\IBVAP\backend\logs\snapshots\intrusion_0111.jpg
2026-09-11,12:59:16,3,3,bus,INTRUSION,CROSSED_RESTRICTED_ZONE,0.9439,377,227,C:\Users\sharm\CCTV-YOLO\IBVAP\backend\logs\snapshots\intrusion_0112.jpg
2026-09-11,12:59:17,3,3,bus,INTRUSION,CROSSED_RESTRICTED_ZONE,0.9435,377,227,C:\Users\sharm\CCTV-YOLO\IBVAP\backend\logs\snapshots\intrusion_0113.jpg
2026-09-11,12:59:18,3,3,bus,INTRUSION,CROSSED_RESTRICTED_ZONE,0.9224,377,226,C:\Users\sharm\CCTV-YOLO\IBVAP\backend\logs\snapshots\intrusion_0114.jpg
2026-09-11,12:59:18,3,3,bus,INTRUSION,CROSSED_RESTRICTED_ZONE,0.9245,377,226,C:\Users\sharm\CCTV-YOLO\IBVAP\backend\logs\snapshots\intrusion_0115.jpg
2026-09-11,12:59:19,99,6,person,SUSPICIOUS_ACTIVITY,ERRATIC MOVEMENT | LOITERING,1.0000,191,333,C:\Users\sharm\CCTV-YOLO\IBVAP\backend\logs\snapshots\suspicious_0024.jpg
2026-09-11,12:59:19,3,3,bus,INTRUSION,CROSSED_RESTRICTED_ZONE,0.9267,376,226,C:\Users\sharm\CCTV-YOLO\IBVAP\backend\logs\snapshots\intrusion_0116.jpg
2026-09-11,12:59:19,3,3,bus,INTRUSION,CROSSED_RESTRICTED_ZONE,0.9261,376,225,C:\Users\sharm\CCTV-YOLO\IBVAP\backend\logs\snapshots\intrusion_0117.jpg
2026-09-11,12:59:20,3,3,bus,INTRUSION,CROSSED_RESTRICTED_ZONE,0.9374,377,225,C:\Users\sharm\CCTV-YOLO\IBVAP\backend\logs\snapshots\intrusion_0118.jpg
2026-09-11,12:59:21,3,3,bus,INTRUSION,CROSSED_RESTRICTED_ZONE,0.9332,378,225,C:\Users\sharm\CCTV-YOLO\IBVAP\backend\logs\snapshots\intrusion_0119.jpg
2026-09-11,12:59:21,207,9,person,SUSPICIOUS_ACTIVITY,RAPID MOVEMENT,0.7500,743,200,C:\Users\sharm\CCTV-YOLO\IBVAP\backend\logs\snapshots\suspicious_0025.jpg
2026-09-11,12:59:21,3,3,bus,INTRUSION,CROSSED_RESTRICTED_ZONE,0.9357,378,224,C:\Users\sharm\CCTV-YOLO\IBVAP\backend\logs\snapshots\intrusion_0120.jpg
2026-09-11,12:59:22,3,3,bus,INTRUSION,CROSSED_RESTRICTED_ZONE,0.9390,378,225,C:\Users\sharm\CCTV-YOLO\IBVAP\backend\logs\snapshots\intrusion_0121.jpg
2026-09-11,12:59:22,3,3,bus,INTRUSION,CROSSED_RESTRICTED_ZONE,0.9378,378,226,C:\Users\sharm\CCTV-YOLO\IBVAP\backend\logs\snapshots\intrusion_0122.jpg
2026-09-11,12:59:23,3,3,bus,INTRUSION,CROSSED_RESTRICTED_ZONE,0.9256,378,225,C:\Users\sharm\CCTV-YOLO\IBVAP\backend\logs\snapshots\intrusion_0123.jpg
2026-09-11,12:59:24,210,1,person,SUSPICIOUS_ACTIVITY,ERRATIC MOVEMENT,1.0000,251,241,C:\Users\sharm\CCTV-YOLO\IBVAP\backend\logs\snapshots\suspicious_0026.jpg
2026-09-11,12:59:24,3,3,bus,INTRUSION,CROSSED_RESTRICTED_ZONE,0.9194,379,225,C:\Users\sharm\CCTV-YOLO\IBVAP\backend\logs\snapshots\intrusion_0124.jpg
2026-09-11,12:59:24,3,3,bus,INTRUSION,CROSSED_RESTRICTED_ZONE,0.9221,379,225,C:\Users\sharm\CCTV-YOLO\IBVAP\backend\logs\snapshots\intrusion_0125.jpg
2026-09-11,12:59:25,3,3,bus,INTRUSION,CROSSED_RESTRICTED_ZONE,0.9250,379,225,C:\Users\sharm\CCTV-YOLO\IBVAP\backend\logs\snapshots\intrusion_0126.jpg
2026-09-11,12:59:25,3,3,bus,INTRUSION,CROSSED_RESTRICTED_ZONE,0.9075,380,224,C:\Users\sharm\CCTV-YOLO\IBVAP\backend\logs\snapshots\intrusion_0127.jpg
2026-09-11,12:59:26,3,3,bus,INTRUSION,CROSSED_RESTRICTED_ZONE,0.9058,380,224,C:\Users\sharm\CCTV-YOLO\IBVAP\backend\logs\snapshots\intrusion_0128.jpg
2026-09-11,12:59:27,3,3,bus,INTRUSION,CROSSED_RESTRICTED_ZONE,0.8919,380,223,C:\Users\sharm\CCTV-YOLO\IBVAP\backend\logs\snapshots\intrusion_0129.jpg
2026-09-11,12:59:27,3,3,bus,INTRUSION,CROSSED_RESTRICTED_ZONE,0.8877,380,222,C:\Users\sharm\CCTV-YOLO\IBVAP\backend\logs\snapshots\intrusion_0130.jpg
2026-09-11,12:59:28,3,3,bus,INTRUSION,CROSSED_RESTRICTED_ZONE,0.8702,380,221,C:\Users\sharm\CCTV-YOLO\IBVAP\backend\logs\snapshots\intrusion_0131.jpg
2026-09-11,12:59:29,3,3,bus,INTRUSION,CROSSED_RESTRICTED_ZONE,0.8984,380,222,C:\Users\sharm\CCTV-YOLO\IBVAP\backend\logs\snapshots\intrusion_0132.jpg
2026-09-11,12:59:29,99,6,person,SUSPICIOUS_ACTIVITY,ERRATIC MOVEMENT | LOITERING,1.0000,198,334,C:\Users\sharm\CCTV-YOLO\IBVAP\backend\logs\snapshots\suspicious_0027.jpg
2026-09-11,12:59:29,3,3,bus,INTRUSION,CROSSED_RESTRICTED_ZONE,0.9106,381,223,C:\Users\sharm\CCTV-YOLO\IBVAP\backend\logs\snapshots\intrusion_0133.jpg
2026-09-11,12:59:30,3,3,bus,INTRUSION,CROSSED_RESTRICTED_ZONE,0.8948,381,224,C:\Users\sharm\CCTV-YOLO\IBVAP\backend\logs\snapshots\intrusion_0134.jpg
2026-09-11,12:59:30,3,3,bus,INTRUSION,CROSSED_RESTRICTED_ZONE,0.9070,382,224,C:\Users\sharm\CCTV-YOLO\IBVAP\backend\logs\snapshots\intrusion_0135.jpg
2026-09-11,12:59:31,3,3,bus,INTRUSION,CROSSED_RESTRICTED_ZONE,0.9038,382,225,C:\Users\sharm\CCTV-YOLO\IBVAP\backend\logs\snapshots\intrusion_0136.jpg
2026-09-11,12:59:32,3,3,bus,INTRUSION,CROSSED_RESTRICTED_ZONE,0.9075,382,225,C:\Users\sharm\CCTV-YOLO\IBVAP\backend\logs\snapshots\intrusion_0137.jpg
2026-09-11,12:59:32,3,3,bus,INTRUSION,CROSSED_RESTRICTED_ZONE,0.9152,382,225,C:\Users\sharm\CCTV-YOLO\IBVAP\backend\logs\snapshots\intrusion_0138.jpg
2026-09-11,12:59:33,3,3,bus,INTRUSION,CROSSED_RESTRICTED_ZONE,0.9186,382,226,C:\Users\sharm\CCTV-YOLO\IBVAP\backend\logs\snapshots\intrusion_0139.jpg
2026-09-11,12:59:33,3,3,bus,INTRUSION,CROSSED_RESTRICTED_ZONE,0.9177,382,226,C:\Users\sharm\CCTV-YOLO\IBVAP\backend\logs\snapshots\intrusion_0140.jpg
2026-09-11,12:59:34,210,1,person,SUSPICIOUS_ACTIVITY,ERRATIC MOVEMENT,1.0000,253,239,C:\Users\sharm\CCTV-YOLO\IBVAP\backend\logs\snapshots\suspicious_0028.jpg
2026-09-11,12:59:34,3,3,bus,INTRUSION,CROSSED_RESTRICTED_ZONE,0.9046,383,227,C:\Users\sharm\CCTV-YOLO\IBVAP\backend\logs\snapshots\intrusion_0141.jpg
2026-09-11,12:59:35,3,3,bus,INTRUSION,CROSSED_RESTRICTED_ZONE,0.9246,383,226,C:\Users\sharm\CCTV-YOLO\IBVAP\backend\logs\snapshots\intrusion_0142.jpg
2026-09-11,12:59:35,3,3,bus,INTRUSION,CROSSED_RESTRICTED_ZONE,0.9205,383,226,C:\Users\sharm\CCTV-YOLO\IBVAP\backend\logs\snapshots\intrusion_0143.jpg
2026-09-11,12:59:36,3,3,bus,INTRUSION,CROSSED_RESTRICTED_ZONE,0.9134,383,226,C:\Users\sharm\CCTV-YOLO\IBVAP\backend\logs\snapshots\intrusion_0144.jpg
2026-09-11,12:59:37,3,3,bus,INTRUSION,CROSSED_RESTRICTED_ZONE,0.9101,383,226,C:\Users\sharm\CCTV-YOLO\IBVAP\backend\logs\snapshots\intrusion_0145.jpg
2026-09-11,12:59:37,3,3,bus,INTRUSION,CROSSED_RESTRICTED_ZONE,0.9224,383,226,C:\Users\sharm\CCTV-YOLO\IBVAP\backend\logs\snapshots\intrusion_0146.jpg
2026-09-11,12:59:38,3,3,bus,INTRUSION,CROSSED_RESTRICTED_ZONE,0.9153,383,227,C:\Users\sharm\CCTV-YOLO\IBVAP\backend\logs\snapshots\intrusion_0147.jpg
2026-09-11,12:59:38,3,3,bus,INTRUSION,CROSSED_RESTRICTED_ZONE,0.9049,383,226,C:\Users\sharm\CCTV-YOLO\IBVAP\backend\logs\snapshots\intrusion_0148.jpg
2026-09-11,12:59:39,3,3,bus,INTRUSION,CROSSED_RESTRICTED_ZONE,0.8850,383,226,C:\Users\sharm\CCTV-YOLO\IBVAP\backend\logs\snapshots\intrusion_0149.jpg
2026-09-11,12:59:40,99,6,person,SUSPICIOUS_ACTIVITY,ERRATIC MOVEMENT | LOITERING,1.0000,198,334,C:\Users\sharm\CCTV-YOLO\IBVAP\backend\logs\snapshots\suspicious_0029.jpg
2026-09-11,12:59:40,3,3,bus,INTRUSION,CROSSED_RESTRICTED_ZONE,0.9014,384,226,C:\Users\sharm\CCTV-YOLO\IBVAP\backend\logs\snapshots\intrusion_0150.jpg
2026-09-11,12:59:40,3,3,bus,INTRUSION,CROSSED_RESTRICTED_ZONE,0.9084,384,226,C:\Users\sharm\CCTV-YOLO\IBVAP\backend\logs\snapshots\intrusion_0151.jpg
2026-09-11,12:59:41,3,3,bus,INTRUSION,CROSSED_RESTRICTED_ZONE,0.9157,384,227,C:\Users\sharm\CCTV-YOLO\IBVAP\backend\logs\snapshots\intrusion_0152.jpg
2026-09-11,12:59:41,3,3,bus,INTRUSION,CROSSED_RESTRICTED_ZONE,0.9113,384,227,C:\Users\sharm\CCTV-YOLO\IBVAP\backend\logs\snapshots\intrusion_0153.jpg
2026-09-11,12:59:42,3,3,bus,INTRUSION,CROSSED_RESTRICTED_ZONE,0.9023,384,227,C:\Users\sharm\CCTV-YOLO\IBVAP\backend\logs\snapshots\intrusion_0154.jpg
2026-09-11,12:59:43,3,3,bus,INTRUSION,CROSSED_RESTRICTED_ZONE,0.8966,384,228,C:\Users\sharm\CCTV-YOLO\IBVAP\backend\logs\snapshots\intrusion_0155.jpg
2026-09-11,12:59:43,3,3,bus,INTRUSION,CROSSED_RESTRICTED_ZONE,0.8901,385,228,C:\Users\sharm\CCTV-YOLO\IBVAP\backend\logs\snapshots\intrusion_0156.jpg
2026-09-11,12:59:44,3,3,bus,INTRUSION,CROSSED_RESTRICTED_ZONE,0.8729,385,228,C:\Users\sharm\CCTV-YOLO\IBVAP\backend\logs\snapshots\intrusion_0157.jpg
2026-09-11,12:59:45,3,3,bus,INTRUSION,CROSSED_RESTRICTED_ZONE,0.8891,385,228,C:\Users\sharm\CCTV-YOLO\IBVAP\backend\logs\snapshots\intrusion_0158.jpg
2026-09-11,12:59:45,3,3,bus,INTRUSION,CROSSED_RESTRICTED_ZONE,0.8930,385,228,C:\Users\sharm\CCTV-YOLO\IBVAP\backend\logs\snapshots\intrusion_0159.jpg
2026-09-11,12:59:46,3,3,bus,INTRUSION,CROSSED_RESTRICTED_ZONE,0.8921,386,228,C:\Users\sharm\CCTV-YOLO\IBVAP\backend\logs\snapshots\intrusion_0160.jpg
2026-09-11,12:59:46,3,3,bus,INTRUSION,CROSSED_RESTRICTED_ZONE,0.9038,386,227,C:\Users\sharm\CCTV-YOLO\IBVAP\backend\logs\snapshots\intrusion_0161.jpg
2026-09-11,12:59:47,3,3,bus,INTRUSION,CROSSED_RESTRICTED_ZONE,0.8971,386,228,C:\Users\sharm\CCTV-YOLO\IBVAP\backend\logs\snapshots\intrusion_0162.jpg
2026-09-11,12:59:48,3,3,bus,INTRUSION,CROSSED_RESTRICTED_ZONE,0.9043,386,228,C:\Users\sharm\CCTV-YOLO\IBVAP\backend\logs\snapshots\intrusion_0163.jpg
2026-09-11,12:59:48,3,3,bus,INTRUSION,CROSSED_RESTRICTED_ZONE,0.8920,386,227,C:\Users\sharm\CCTV-YOLO\IBVAP\backend\logs\snapshots\intrusion_0164.jpg
2026-09-11,12:59:49,3,3,bus,INTRUSION,CROSSED_RESTRICTED_ZONE,0.8829,386,227,C:\Users\sharm\CCTV-YOLO\IBVAP\backend\logs\snapshots\intrusion_0165.jpg
2026-09-11,12:59:49,3,3,bus,INTRUSION,CROSSED_RESTRICTED_ZONE,0.8868,386,226,C:\Users\sharm\CCTV-YOLO\IBVAP\backend\logs\snapshots\intrusion_0166.jpg
2026-09-11,12:59:50,99,6,person,SUSPICIOUS_ACTIVITY,ERRATIC MOVEMENT | LOITERING,1.0000,253,334,C:\Users\sharm\CCTV-YOLO\IBVAP\backend\logs\snapshots\suspicious_0030.jpg
2026-09-11,12:59:50,3,3,bus,INTRUSION,CROSSED_RESTRICTED_ZONE,0.9055,386,226,C:\Users\sharm\CCTV-YOLO\IBVAP\backend\logs\snapshots\intrusion_0167.jpg
2026-09-11,12:59:51,3,3,bus,INTRUSION,CROSSED_RESTRICTED_ZONE,0.9130,386,226,C:\Users\sharm\CCTV-YOLO\IBVAP\backend\logs\snapshots\intrusion_0168.jpg
2026-09-11,12:59:51,3,3,bus,INTRUSION,CROSSED_RESTRICTED_ZONE,0.9188,386,227,C:\Users\sharm\CCTV-YOLO\IBVAP\backend\logs\snapshots\intrusion_0169.jpg
2026-09-11,12:59:52,3,3,bus,INTRUSION,CROSSED_RESTRICTED_ZONE,0.9137,386,227,C:\Users\sharm\CCTV-YOLO\IBVAP\backend\logs\snapshots\intrusion_0170.jpg
2026-09-11,12:59:53,3,3,bus,INTRUSION,CROSSED_RESTRICTED_ZONE,0.9165,387,227,C:\Users\sharm\CCTV-YOLO\IBVAP\backend\logs\snapshots\intrusion_0171.jpg
2026-09-11,12:59:53,221,4,person,SUSPICIOUS_ACTIVITY,ERRATIC MOVEMENT | LOITERING | RAPID MOVEMENT,1.0000,208,246,C:\Users\sharm\CCTV-YOLO\IBVAP\backend\logs\snapshots\suspicious_0031.jpg
2026-09-11,12:59:53,3,3,bus,INTRUSION,CROSSED_RESTRICTED_ZONE,0.9209,387,228,C:\Users\sharm\CCTV-YOLO\IBVAP\backend\logs\snapshots\intrusion_0172.jpg
2026-09-11,12:59:54,3,3,bus,INTRUSION,CROSSED_RESTRICTED_ZONE,0.9236,387,228,C:\Users\sharm\CCTV-YOLO\IBVAP\backend\logs\snapshots\intrusion_0173.jpg
2026-09-11,12:59:54,3,3,bus,INTRUSION,CROSSED_RESTRICTED_ZONE,0.9226,387,228,C:\Users\sharm\CCTV-YOLO\IBVAP\backend\logs\snapshots\intrusion_0174.jpg
2026-09-11,12:59:55,3,3,bus,INTRUSION,CROSSED_RESTRICTED_ZONE,0.9257,387,227,C:\Users\sharm\CCTV-YOLO\IBVAP\backend\logs\snapshots\intrusion_0175.jpg
2026-09-11,12:59:56,3,3,bus,INTRUSION,CROSSED_RESTRICTED_ZONE,0.9174,387,228,C:\Users\sharm\CCTV-YOLO\IBVAP\backend\logs\snapshots\intrusion_0176.jpg
2026-09-11,12:59:56,3,3,bus,INTRUSION,CROSSED_RESTRICTED_ZONE,0.9258,387,228,C:\Users\sharm\CCTV-YOLO\IBVAP\backend\logs\snapshots\intrusion_0177.jpg
2026-09-11,12:59:57,3,3,bus,INTRUSION,CROSSED_RESTRICTED_ZONE,0.9235,387,228,C:\Users\sharm\CCTV-YOLO\IBVAP\backend\logs\snapshots\intrusion_0178.jpg
2026-09-11,12:59:58,3,3,bus,INTRUSION,CROSSED_RESTRICTED_ZONE,0.9207,388,228,C:\Users\sharm\CCTV-YOLO\IBVAP\backend\logs\snapshots\intrusion_0179.jpg
2026-09-11,12:59:58,3,3,bus,INTRUSION,CROSSED_RESTRICTED_ZONE,0.9194,388,228,C:\Users\sharm\CCTV-YOLO\IBVAP\backend\logs\snapshots\intrusion_0180.jpg
2026-09-11,12:59:59,3,3,bus,INTRUSION,CROSSED_RESTRICTED_ZONE,0.9258,387,228,C:\Users\sharm\CCTV-YOLO\IBVAP\backend\logs\snapshots\intrusion_0181.jpg
2026-09-11,12:59:59,3,3,bus,INTRUSION,CROSSED_RESTRICTED_ZONE,0.9132,388,227,C:\Users\sharm\CCTV-YOLO\IBVAP\backend\logs\snapshots\intrusion_0182.jpg
2026-09-11,13:00:00,3,3,bus,INTRUSION,CROSSED_RESTRICTED_ZONE,0.9060,388,226,C:\Users\sharm\CCTV-YOLO\IBVAP\backend\logs\snapshots\intrusion_0183.jpg
2026-09-11,13:00:01,99,6,person,SUSPICIOUS_ACTIVITY,ERRATIC MOVEMENT | LOITERING,1.0000,277,334,C:\Users\sharm\CCTV-YOLO\IBVAP\backend\logs\snapshots\suspicious_0032.jpg
2026-09-11,13:00:01,3,3,bus,INTRUSION,CROSSED_RESTRICTED_ZONE,0.9047,388,226,C:\Users\sharm\CCTV-YOLO\IBVAP\backend\logs\snapshots\intrusion_0184.jpg
2026-09-11,13:00:01,3,3,bus,INTRUSION,CROSSED_RESTRICTED_ZONE,0.9159,388,225,C:\Users\sharm\CCTV-YOLO\IBVAP\backend\logs\snapshots\intrusion_0185.jpg
2026-09-11,13:00:02,3,3,bus,INTRUSION,CROSSED_RESTRICTED_ZONE,0.9176,388,225,C:\Users\sharm\CCTV-YOLO\IBVAP\backend\logs\snapshots\intrusion_0186.jpg
2026-09-11,13:00:03,228,1,person,SUSPICIOUS_ACTIVITY,ERRATIC MOVEMENT,1.0000,231,247,C:\Users\sharm\CCTV-YOLO\IBVAP\backend\logs\snapshots\suspicious_0033.jpg
2026-09-11,13:00:03,3,3,bus,INTRUSION,CROSSED_RESTRICTED_ZONE,0.9244,388,225,C:\Users\sharm\CCTV-YOLO\IBVAP\backend\logs\snapshots\intrusion_0187.jpg
2026-09-11,13:00:03,3,3,bus,INTRUSION,CROSSED_RESTRICTED_ZONE,0.9163,388,225,C:\Users\sharm\CCTV-YOLO\IBVAP\backend\logs\snapshots\intrusion_0188.jpg
2026-09-11,13:00:04,221,4,person,SUSPICIOUS_ACTIVITY,ERRATIC MOVEMENT | LOITERING,1.0000,205,243,C:\Users\sharm\CCTV-YOLO\IBVAP\backend\logs\snapshots\suspicious_0034.jpg
2026-09-11,13:00:04,3,3,bus,INTRUSION,CROSSED_RESTRICTED_ZONE,0.9173,388,225,C:\Users\sharm\CCTV-YOLO\IBVAP\backend\logs\snapshots\intrusion_0189.jpg
2026-09-11,13:00:04,3,3,bus,INTRUSION,CROSSED_RESTRICTED_ZONE,0.9153,389,225,C:\Users\sharm\CCTV-YOLO\IBVAP\backend\logs\snapshots\intrusion_0190.jpg
2026-09-11,13:00:05,3,3,bus,INTRUSION,CROSSED_RESTRICTED_ZONE,0.9008,389,224,C:\Users\sharm\CCTV-YOLO\IBVAP\backend\logs\snapshots\intrusion_0191.jpg
2026-09-11,13:00:06,3,3,bus,INTRUSION,CROSSED_RESTRICTED_ZONE,0.9062,389,224,C:\Users\sharm\CCTV-YOLO\IBVAP\backend\logs\snapshots\intrusion_0192.jpg
2026-09-11,13:00:06,3,3,bus,INTRUSION,CROSSED_RESTRICTED_ZONE,0.9139,389,224,C:\Users\sharm\CCTV-YOLO\IBVAP\backend\logs\snapshots\intrusion_0193.jpg
2026-09-11,13:00:07,3,3,bus,INTRUSION,CROSSED_RESTRICTED_ZONE,0.9209,389,224,C:\Users\sharm\CCTV-YOLO\IBVAP\backend\logs\snapshots\intrusion_0194.jpg
2026-09-11,13:00:08,3,3,bus,INTRUSION,CROSSED_RESTRICTED_ZONE,0.9141,389,225,C:\Users\sharm\CCTV-YOLO\IBVAP\backend\logs\snapshots\intrusion_0195.jpg
2026-09-11,13:00:08,3,3,bus,INTRUSION,CROSSED_RESTRICTED_ZONE,0.9148,389,225,C:\Users\sharm\CCTV-YOLO\IBVAP\backend\logs\snapshots\intrusion_0196.jpg
2026-09-11,13:00:09,3,3,bus,INTRUSION,CROSSED_RESTRICTED_ZONE,0.9201,389,226,C:\Users\sharm\CCTV-YOLO\IBVAP\backend\logs\snapshots\intrusion_0197.jpg
2026-09-11,13:00:09,3,3,bus,INTRUSION,CROSSED_RESTRICTED_ZONE,0.9150,390,227,C:\Users\sharm\CCTV-YOLO\IBVAP\backend\logs\snapshots\intrusion_0198.jpg
2026-09-11,13:00:10,3,3,bus,INTRUSION,CROSSED_RESTRICTED_ZONE,0.9241,390,227,C:\Users\sharm\CCTV-YOLO\IBVAP\backend\logs\snapshots\intrusion_0199.jpg
2026-09-11,13:00:11,3,3,bus,INTRUSION,CROSSED_RESTRICTED_ZONE,0.9234,390,227,C:\Users\sharm\CCTV-YOLO\IBVAP\backend\logs\snapshots\intrusion_0200.jpg
2026-09-11,13:00:11,99,6,person,SUSPICIOUS_ACTIVITY,ERRATIC MOVEMENT | LOITERING,1.0000,274,334,C:\Users\sharm\CCTV-YOLO\IBVAP\backend\logs\snapshots\suspicious_0035.jpg
2026-09-11,13:00:11,3,3,bus,INTRUSION,CROSSED_RESTRICTED_ZONE,0.9226,390,227,C:\Users\sharm\CCTV-YOLO\IBVAP\backend\logs\snapshots\intrusion_0201.jpg
2026-09-11,13:00:12,3,3,bus,INTRUSION,CROSSED_RESTRICTED_ZONE,0.9203,390,226,C:\Users\sharm\CCTV-YOLO\IBVAP\backend\logs\snapshots\intrusion_0202.jpg
2026-09-11,13:00:12,167,8,person,SUSPICIOUS_ACTIVITY,LOITERING,0.4167,14,385,C:\Users\sharm\CCTV-YOLO\IBVAP\backend\logs\snapshots\suspicious_0036.jpg
2026-09-11,13:00:12,3,3,bus,INTRUSION,CROSSED_RESTRICTED_ZONE,0.9251,390,226,C:\Users\sharm\CCTV-YOLO\IBVAP\backend\logs\snapshots\intrusion_0203.jpg
2026-09-11,13:00:13,228,1,person,SUSPICIOUS_ACTIVITY,ERRATIC MOVEMENT,1.0000,229,244,C:\Users\sharm\CCTV-YOLO\IBVAP\backend\logs\snapshots\suspicious_0037.jpg
2026-09-11,13:00:13,3,3,bus,INTRUSION,CROSSED_RESTRICTED_ZONE,0.9164,390,226,C:\Users\sharm\CCTV-YOLO\IBVAP\backend\logs\snapshots\intrusion_0204.jpg
2026-09-11,13:00:14,3,3,bus,INTRUSION,CROSSED_RESTRICTED_ZONE,0.9060,391,228,C:\Users\sharm\CCTV-YOLO\IBVAP\backend\logs\snapshots\intrusion_0205.jpg
2026-09-11,13:00:14,221,4,person,SUSPICIOUS_ACTIVITY,ERRATIC MOVEMENT | LOITERING,1.0000,199,245,C:\Users\sharm\CCTV-YOLO\IBVAP\backend\logs\snapshots\suspicious_0038.jpg
2026-09-11,13:00:14,3,3,bus,INTRUSION,CROSSED_RESTRICTED_ZONE,0.9052,391,228,C:\Users\sharm\CCTV-YOLO\IBVAP\backend\logs\snapshots\intrusion_0206.jpg
2026-09-11,13:00:15,3,3,bus,INTRUSION,CROSSED_RESTRICTED_ZONE,0.9145,387,229,C:\Users\sharm\CCTV-YOLO\IBVAP\backend\logs\snapshots\intrusion_0207.jpg
2026-09-11,13:00:16,3,3,bus,INTRUSION,CROSSED_RESTRICTED_ZONE,0.9104,386,229,C:\Users\sharm\CCTV-YOLO\IBVAP\backend\logs\snapshots\intrusion_0208.jpg
2026-09-11,13:50:25,1,1,person,INTRUSION,CROSSED_RESTRICTED_ZONE,0.8940,198,239,C:\Users\sharm\CCTV-YOLO\IBVAP\backend\logs\snapshots\intrusion_0001.jpg
2026-09-11,13:50:26,3,3,bus,INTRUSION,CROSSED_RESTRICTED_ZONE,0.7503,307,222,C:\Users\sharm\CCTV-YOLO\IBVAP\backend\logs\snapshots\intrusion_0002.jpg
2026-09-11,13:50:26,4,1,person,SUSPICIOUS_ACTIVITY,RAPID MOVEMENT,0.8333,198,239,C:\Users\sharm\CCTV-YOLO\IBVAP\backend\logs\snapshots\suspicious_0001.jpg
2026-09-11,13:50:38,1,1,person,SUSPICIOUS_ACTIVITY,ERRATIC MOVEMENT | RAPID MOVEMENT,1.0000,109,332,C:\Users\sharm\CCTV-YOLO\IBVAP\backend\logs\snapshots\suspicious_0002.jpg
2026-09-11,13:50:42,60,4,person,INTRUSION,CROSSED_RESTRICTED_ZONE,0.4021,175,227,C:\Users\sharm\CCTV-YOLO\IBVAP\backend\logs\snapshots\intrusion_0003.jpg
2026-09-11,13:50:44,69,4,person,SUSPICIOUS_ACTIVITY,RAPID MOVEMENT,0.4167,174,226,C:\Users\sharm\CCTV-YOLO\IBVAP\backend\logs\snapshots\suspicious_0003.jpg
2026-09-11,13:50:47,92,6,person,INTRUSION,CROSSED_RESTRICTED_ZONE,0.3137,477,220,C:\Users\sharm\CCTV-YOLO\IBVAP\backend\logs\snapshots\intrusion_0004.jpg
2026-09-11,13:50:48,4,1,person,SUSPICIOUS_ACTIVITY,ERRATIC MOVEMENT,1.0000,193,237,C:\Users\sharm\CCTV-YOLO\IBVAP\backend\logs\snapshots\suspicious_0004.jpg
2026-09-11,13:50:50,99,6,person,SUSPICIOUS_ACTIVITY,RAPID MOVEMENT,0.4167,368,297,C:\Users\sharm\CCTV-YOLO\IBVAP\backend\logs\snapshots\suspicious_0005.jpg
2026-09-11,13:50:54,67,4,person,SUSPICIOUS_ACTIVITY,ERRATIC MOVEMENT | RAPID MOVEMENT,1.0000,165,234,C:\Users\sharm\CCTV-YOLO\IBVAP\backend\logs\snapshots\suspicious_0006.jpg
2026-09-11,13:50:58,3,3,bus,INTRUSION,CROSSED_RESTRICTED_ZONE,0.9429,331,223,C:\Users\sharm\CCTV-YOLO\IBVAP\backend\logs\snapshots\intrusion_0005.jpg
2026-09-11,13:50:58,3,3,bus,INTRUSION,CROSSED_RESTRICTED_ZONE,0.9427,334,223,C:\Users\sharm\CCTV-YOLO\IBVAP\backend\logs\snapshots\intrusion_0006.jpg
2026-09-11,13:50:59,3,3,bus,INTRUSION,CROSSED_RESTRICTED_ZONE,0.9543,338,225,C:\Users\sharm\CCTV-YOLO\IBVAP\backend\logs\snapshots\intrusion_0007.jpg
2026-09-11,13:51:00,3,3,bus,INTRUSION,CROSSED_RESTRICTED_ZONE,0.9500,340,225,C:\Users\sharm\CCTV-YOLO\IBVAP\backend\logs\snapshots\intrusion_0008.jpg
2026-09-11,13:51:00,99,6,person,SUSPICIOUS_ACTIVITY,ERRATIC MOVEMENT | RAPID MOVEMENT,1.0000,192,337,C:\Users\sharm\CCTV-YOLO\IBVAP\backend\logs\snapshots\suspicious_0007.jpg
2026-09-11,13:51:00,3,3,bus,INTRUSION,CROSSED_RESTRICTED_ZONE,0.9472,343,225,C:\Users\sharm\CCTV-YOLO\IBVAP\backend\logs\snapshots\intrusion_0009.jpg
2026-09-11,13:51:01,3,3,bus,INTRUSION,CROSSED_RESTRICTED_ZONE,0.9484,345,224,C:\Users\sharm\CCTV-YOLO\IBVAP\backend\logs\snapshots\intrusion_0010.jpg
2026-09-11,13:51:01,3,3,bus,INTRUSION,CROSSED_RESTRICTED_ZONE,0.9506,347,223,C:\Users\sharm\CCTV-YOLO\IBVAP\backend\logs\snapshots\intrusion_0011.jpg
2026-09-11,13:51:02,3,3,bus,INTRUSION,CROSSED_RESTRICTED_ZONE,0.9517,349,224,C:\Users\sharm\CCTV-YOLO\IBVAP\backend\logs\snapshots\intrusion_0012.jpg
2026-09-11,13:51:03,3,3,bus,INTRUSION,CROSSED_RESTRICTED_ZONE,0.9068,352,223,C:\Users\sharm\CCTV-YOLO\IBVAP\backend\logs\snapshots\intrusion_0013.jpg
2026-09-11,13:51:03,3,3,bus,INTRUSION,CROSSED_RESTRICTED_ZONE,0.9490,356,223,C:\Users\sharm\CCTV-YOLO\IBVAP\backend\logs\snapshots\intrusion_0014.jpg
2026-09-11,13:51:04,3,3,bus,INTRUSION,CROSSED_RESTRICTED_ZONE,0.9266,360,225,C:\Users\sharm\CCTV-YOLO\IBVAP\backend\logs\snapshots\intrusion_0015.jpg
2026-09-11,13:51:05,3,3,bus,INTRUSION,CROSSED_RESTRICTED_ZONE,0.9349,362,226,C:\Users\sharm\CCTV-YOLO\IBVAP\backend\logs\snapshots\intrusion_0016.jpg
2026-09-11,13:51:05,3,3,bus,INTRUSION,CROSSED_RESTRICTED_ZONE,0.9292,364,226,C:\Users\sharm\CCTV-YOLO\IBVAP\backend\logs\snapshots\intrusion_0017.jpg
2026-09-11,13:51:06,3,3,bus,INTRUSION,CROSSED_RESTRICTED_ZONE,0.9212,365,225,C:\Users\sharm\CCTV-YOLO\IBVAP\backend\logs\snapshots\intrusion_0018.jpg
2026-09-11,13:51:06,3,3,bus,INTRUSION,CROSSED_RESTRICTED_ZONE,0.9321,366,225,C:\Users\sharm\CCTV-YOLO\IBVAP\backend\logs\snapshots\intrusion_0019.jpg
2026-09-11,13:51:09,3,3,bus,INTRUSION,CROSSED_RESTRICTED_ZONE,0.9416,367,225,C:\Users\sharm\CCTV-YOLO\IBVAP\backend\logs\snapshots\intrusion_0020.jpg
2026-09-11,13:51:10,3,3,bus,INTRUSION,CROSSED_RESTRICTED_ZONE,0.9402,367,225,C:\Users\sharm\CCTV-YOLO\IBVAP\backend\logs\snapshots\intrusion_0021.jpg
2026-09-11,13:51:11,99,6,person,SUSPICIOUS_ACTIVITY,ERRATIC MOVEMENT,1.0000,255,335,C:\Users\sharm\CCTV-YOLO\IBVAP\backend\logs\snapshots\suspicious_0008.jpg
2026-09-11,13:51:11,3,3,bus,INTRUSION,CROSSED_RESTRICTED_ZONE,0.9373,366,225,C:\Users\sharm\CCTV-YOLO\IBVAP\backend\logs\snapshots\intrusion_0022.jpg
2026-09-11,13:51:11,3,3,bus,INTRUSION,CROSSED_RESTRICTED_ZONE,0.9371,366,224,C:\Users\sharm\CCTV-YOLO\IBVAP\backend\logs\snapshots\intrusion_0023.jpg
2026-09-11,13:51:12,3,3,bus,INTRUSION,CROSSED_RESTRICTED_ZONE,0.9424,366,224,C:\Users\sharm\CCTV-YOLO\IBVAP\backend\logs\snapshots\intrusion_0024.jpg
2026-09-11,14:05:27,1,1,person,INTRUSION,CROSSED_RESTRICTED_ZONE,0.8940,198,239,C:\Users\sharm\CCTV-YOLO\IBVAP\backend\logs\snapshots\intrusion_0001.jpg
2026-09-11,14:05:28,3,3,bus,INTRUSION,CROSSED_RESTRICTED_ZONE,0.7503,307,222,C:\Users\sharm\CCTV-YOLO\IBVAP\backend\logs\snapshots\intrusion_0002.jpg
2026-09-11,14:05:29,4,1,person,SUSPICIOUS_ACTIVITY,RAPID MOVEMENT,0.8333,198,239,C:\Users\sharm\CCTV-YOLO\IBVAP\backend\logs\snapshots\suspicious_0001.jpg
2026-09-11,14:05:39,1,1,person,SUSPICIOUS_ACTIVITY,ERRATIC MOVEMENT | RAPID MOVEMENT,1.0000,366,278,C:\Users\sharm\CCTV-YOLO\IBVAP\backend\logs\snapshots\suspicious_0002.jpg
2026-09-11,14:05:49,1,1,person,SUSPICIOUS_ACTIVITY,ERRATIC MOVEMENT | RAPID MOVEMENT,1.0000,106,331,C:\Users\sharm\CCTV-YOLO\IBVAP\backend\logs\snapshots\suspicious_0003.jpg
2026-09-11,14:05:51,60,4,person,INTRUSION,CROSSED_RESTRICTED_ZONE,0.4021,175,227,C:\Users\sharm\CCTV-YOLO\IBVAP\backend\logs\snapshots\intrusion_0003.jpg
2026-09-11,14:05:53,69,4,person,SUSPICIOUS_ACTIVITY,RAPID MOVEMENT,0.4167,174,226,C:\Users\sharm\CCTV-YOLO\IBVAP\backend\logs\snapshots\suspicious_0004.jpg
2026-09-11,14:05:57,92,6,person,INTRUSION,CROSSED_RESTRICTED_ZONE,0.3137,477,220,C:\Users\sharm\CCTV-YOLO\IBVAP\backend\logs\snapshots\intrusion_0004.jpg
2026-09-11,14:05:59,93,1,person,SUSPICIOUS_ACTIVITY,ERRATIC MOVEMENT | RAPID MOVEMENT,1.0000,209,237,C:\Users\sharm\CCTV-YOLO\IBVAP\backend\logs\snapshots\suspicious_0005.jpg
2026-09-11,14:06:02,99,6,person,SUSPICIOUS_ACTIVITY,RAPID MOVEMENT,0.4167,368,297,C:\Users\sharm\CCTV-YOLO\IBVAP\backend\logs\snapshots\suspicious_0006.jpg
2026-09-11,14:06:03,67,4,person,SUSPICIOUS_ACTIVITY,ERRATIC MOVEMENT,1.0000,166,230,C:\Users\sharm\CCTV-YOLO\IBVAP\backend\logs\snapshots\suspicious_0007.jpg
2026-09-11,14:06:09,4,1,person,SUSPICIOUS_ACTIVITY,ERRATIC MOVEMENT | RAPID MOVEMENT,1.0000,203,242,C:\Users\sharm\CCTV-YOLO\IBVAP\backend\logs\snapshots\suspicious_0008.jpg
2026-09-11,14:06:12,99,6,person,SUSPICIOUS_ACTIVITY,ERRATIC MOVEMENT,1.0000,66,332,C:\Users\sharm\CCTV-YOLO\IBVAP\backend\logs\snapshots\suspicious_0009.jpg
2026-09-11,14:06:14,108,4,person,SUSPICIOUS_ACTIVITY,ERRATIC MOVEMENT | LOITERING | RAPID MOVEMENT,1.0000,182,233,C:\Users\sharm\CCTV-YOLO\IBVAP\backend\logs\snapshots\suspicious_0010.jpg
2026-09-11,14:06:14,3,3,bus,INTRUSION,CROSSED_RESTRICTED_ZONE,0.9429,331,223,C:\Users\sharm\CCTV-YOLO\IBVAP\backend\logs\snapshots\intrusion_0005.jpg
2026-09-11,14:06:15,3,3,bus,INTRUSION,CROSSED_RESTRICTED_ZONE,0.9427,334,223,C:\Users\sharm\CCTV-YOLO\IBVAP\backend\logs\snapshots\intrusion_0006.jpg
2026-09-11,14:06:15,3,3,bus,INTRUSION,CROSSED_RESTRICTED_ZONE,0.9543,338,225,C:\Users\sharm\CCTV-YOLO\IBVAP\backend\logs\snapshots\intrusion_0007.jpg
2026-09-11,14:06:16,3,3,bus,INTRUSION,CROSSED_RESTRICTED_ZONE,0.9500,340,225,C:\Users\sharm\CCTV-YOLO\IBVAP\backend\logs\snapshots\intrusion_0008.jpg
2026-09-11,14:06:17,3,3,bus,INTRUSION,CROSSED_RESTRICTED_ZONE,0.9472,343,225,C:\Users\sharm\CCTV-YOLO\IBVAP\backend\logs\snapshots\intrusion_0009.jpg
2026-09-11,14:06:17,3,3,bus,INTRUSION,CROSSED_RESTRICTED_ZONE,0.9484,345,224,C:\Users\sharm\CCTV-YOLO\IBVAP\backend\logs\snapshots\intrusion_0010.jpg
2026-09-11,14:06:18,3,3,bus,INTRUSION,CROSSED_RESTRICTED_ZONE,0.9506,347,223,C:\Users\sharm\CCTV-YOLO\IBVAP\backend\logs\snapshots\intrusion_0011.jpg
2026-09-11,14:06:19,3,3,bus,INTRUSION,CROSSED_RESTRICTED_ZONE,0.9517,349,224,C:\Users\sharm\CCTV-YOLO\IBVAP\backend\logs\snapshots\intrusion_0012.jpg
2026-09-11,14:06:19,3,3,bus,INTRUSION,CROSSED_RESTRICTED_ZONE,0.9068,352,223,C:\Users\sharm\CCTV-YOLO\IBVAP\backend\logs\snapshots\intrusion_0013.jpg
2026-09-11,14:06:20,3,3,bus,INTRUSION,CROSSED_RESTRICTED_ZONE,0.9490,356,223,C:\Users\sharm\CCTV-YOLO\IBVAP\backend\logs\snapshots\intrusion_0014.jpg
2026-09-11,14:06:21,3,3,bus,INTRUSION,CROSSED_RESTRICTED_ZONE,0.9266,360,225,C:\Users\sharm\CCTV-YOLO\IBVAP\backend\logs\snapshots\intrusion_0015.jpg
2026-09-11,14:06:21,3,3,bus,INTRUSION,CROSSED_RESTRICTED_ZONE,0.9349,362,226,C:\Users\sharm\CCTV-YOLO\IBVAP\backend\logs\snapshots\intrusion_0016.jpg
2026-09-11,14:06:22,3,3,bus,INTRUSION,CROSSED_RESTRICTED_ZONE,0.9292,364,226,C:\Users\sharm\CCTV-YOLO\IBVAP\backend\logs\snapshots\intrusion_0017.jpg
2026-09-11,14:06:22,99,6,person,SUSPICIOUS_ACTIVITY,ERRATIC MOVEMENT | RAPID MOVEMENT,1.0000,252,335,C:\Users\sharm\CCTV-YOLO\IBVAP\backend\logs\snapshots\suspicious_0011.jpg
2026-09-11,14:06:22,3,3,bus,INTRUSION,CROSSED_RESTRICTED_ZONE,0.9212,365,225,C:\Users\sharm\CCTV-YOLO\IBVAP\backend\logs\snapshots\intrusion_0018.jpg
2026-09-11,14:06:23,3,3,bus,INTRUSION,CROSSED_RESTRICTED_ZONE,0.9321,366,225,C:\Users\sharm\CCTV-YOLO\IBVAP\backend\logs\snapshots\intrusion_0019.jpg
2026-09-11,14:06:24,3,3,bus,INTRUSION,CROSSED_RESTRICTED_ZONE,0.9416,367,225,C:\Users\sharm\CCTV-YOLO\IBVAP\backend\logs\snapshots\intrusion_0020.jpg
2026-09-11,14:06:24,3,3,bus,INTRUSION,CROSSED_RESTRICTED_ZONE,0.9402,367,225,C:\Users\sharm\CCTV-YOLO\IBVAP\backend\logs\snapshots\intrusion_0021.jpg
2026-09-11,14:06:25,3,3,bus,INTRUSION,CROSSED_RESTRICTED_ZONE,0.9373,366,225,C:\Users\sharm\CCTV-YOLO\IBVAP\backend\logs\snapshots\intrusion_0022.jpg
2026-09-11,14:06:26,3,3,bus,INTRUSION,CROSSED_RESTRICTED_ZONE,0.9371,366,224,C:\Users\sharm\CCTV-YOLO\IBVAP\backend\logs\snapshots\intrusion_0023.jpg
2026-09-11,14:06:26,3,3,bus,INTRUSION,CROSSED_RESTRICTED_ZONE,0.9424,366,224,C:\Users\sharm\CCTV-YOLO\IBVAP\backend\logs\snapshots\intrusion_0024.jpg
2026-09-11,14:06:27,3,3,bus,INTRUSION,CROSSED_RESTRICTED_ZONE,0.9357,366,224,C:\Users\sharm\CCTV-YOLO\IBVAP\backend\logs\snapshots\intrusion_0025.jpg
2026-09-11,14:06:28,3,3,bus,INTRUSION,CROSSED_RESTRICTED_ZONE,0.8880,366,224,C:\Users\sharm\CCTV-YOLO\IBVAP\backend\logs\snapshots\intrusion_0026.jpg
2026-09-11,14:06:28,3,3,bus,INTRUSION,CROSSED_RESTRICTED_ZONE,0.9409,366,224,C:\Users\sharm\CCTV-YOLO\IBVAP\backend\logs\snapshots\intrusion_0027.jpg
2026-09-11,14:06:29,3,3,bus,INTRUSION,CROSSED_RESTRICTED_ZONE,0.9402,366,224,C:\Users\sharm\CCTV-YOLO\IBVAP\backend\logs\snapshots\intrusion_0028.jpg
2026-09-11,14:06:30,3,3,bus,INTRUSION,CROSSED_RESTRICTED_ZONE,0.9403,366,224,C:\Users\sharm\CCTV-YOLO\IBVAP\backend\logs\snapshots\intrusion_0029.jpg
2026-09-11,14:06:30,3,3,bus,INTRUSION,CROSSED_RESTRICTED_ZONE,0.9258,366,224,C:\Users\sharm\CCTV-YOLO\IBVAP\backend\logs\snapshots\intrusion_0030.jpg
2026-09-11,14:06:31,3,3,bus,INTRUSION,CROSSED_RESTRICTED_ZONE,0.9380,366,224,C:\Users\sharm\CCTV-YOLO\IBVAP\backend\logs\snapshots\intrusion_0031.jpg
2026-09-11,14:06:32,3,3,bus,INTRUSION,CROSSED_RESTRICTED_ZONE,0.9345,366,224,C:\Users\sharm\CCTV-YOLO\IBVAP\backend\logs\snapshots\intrusion_0032.jpg
2026-09-11,14:06:32,3,3,bus,INTRUSION,CROSSED_RESTRICTED_ZONE,0.9344,366,224,C:\Users\sharm\CCTV-YOLO\IBVAP\backend\logs\snapshots\intrusion_0033.jpg
2026-09-11,14:06:33,99,6,person,SUSPICIOUS_ACTIVITY,ERRATIC MOVEMENT,1.0000,244,334,C:\Users\sharm\CCTV-YOLO\IBVAP\backend\logs\snapshots\suspicious_0012.jpg
2026-09-11,14:06:33,3,3,bus,INTRUSION,CROSSED_RESTRICTED_ZONE,0.9371,366,224,C:\Users\sharm\CCTV-YOLO\IBVAP\backend\logs\snapshots\intrusion_0034.jpg
2026-09-11,14:06:34,3,3,bus,INTRUSION,CROSSED_RESTRICTED_ZONE,0.9408,366,224,C:\Users\sharm\CCTV-YOLO\IBVAP\backend\logs\snapshots\intrusion_0035.jpg
2026-09-11,14:06:34,3,3,bus,INTRUSION,CROSSED_RESTRICTED_ZONE,0.9413,366,224,C:\Users\sharm\CCTV-YOLO\IBVAP\backend\logs\snapshots\intrusion_0036.jpg
2026-09-11,14:06:35,3,3,bus,INTRUSION,CROSSED_RESTRICTED_ZONE,0.9162,366,224,C:\Users\sharm\CCTV-YOLO\IBVAP\backend\logs\snapshots\intrusion_0037.jpg
2026-09-11,14:06:36,3,3,bus,INTRUSION,CROSSED_RESTRICTED_ZONE,0.9041,366,224,C:\Users\sharm\CCTV-YOLO\IBVAP\backend\logs\snapshots\intrusion_0038.jpg
2026-09-11,14:06:36,3,3,bus,INTRUSION,CROSSED_RESTRICTED_ZONE,0.9500,367,224,C:\Users\sharm\CCTV-YOLO\IBVAP\backend\logs\snapshots\intrusion_0039.jpg
2026-09-11,14:06:37,3,3,bus,INTRUSION,CROSSED_RESTRICTED_ZONE,0.9304,367,224,C:\Users\sharm\CCTV-YOLO\IBVAP\backend\logs\snapshots\intrusion_0040.jpg
2026-09-11,14:06:38,3,3,bus,INTRUSION,CROSSED_RESTRICTED_ZONE,0.9323,367,224,C:\Users\sharm\CCTV-YOLO\IBVAP\backend\logs\snapshots\intrusion_0041.jpg
2026-09-11,14:06:38,3,3,bus,INTRUSION,CROSSED_RESTRICTED_ZONE,0.9331,367,224,C:\Users\sharm\CCTV-YOLO\IBVAP\backend\logs\snapshots\intrusion_0042.jpg
2026-09-11,14:06:39,3,3,bus,INTRUSION,CROSSED_RESTRICTED_ZONE,0.9385,367,225,C:\Users\sharm\CCTV-YOLO\IBVAP\backend\logs\snapshots\intrusion_0043.jpg
2026-09-11,14:06:40,3,3,bus,INTRUSION,CROSSED_RESTRICTED_ZONE,0.9335,367,224,C:\Users\sharm\CCTV-YOLO\IBVAP\backend\logs\snapshots\intrusion_0044.jpg
2026-09-11,14:06:40,3,3,bus,INTRUSION,CROSSED_RESTRICTED_ZONE,0.9272,367,224,C:\Users\sharm\CCTV-YOLO\IBVAP\backend\logs\snapshots\intrusion_0045.jpg
2026-09-11,14:06:41,3,3,bus,INTRUSION,CROSSED_RESTRICTED_ZONE,0.9260,367,225,C:\Users\sharm\CCTV-YOLO\IBVAP\backend\logs\snapshots\intrusion_0046.jpg
2026-09-11,14:06:42,3,3,bus,INTRUSION,CROSSED_RESTRICTED_ZONE,0.9239,367,225,C:\Users\sharm\CCTV-YOLO\IBVAP\backend\logs\snapshots\intrusion_0047.jpg
2026-09-11,14:06:42,3,3,bus,INTRUSION,CROSSED_RESTRICTED_ZONE,0.9321,367,226,C:\Users\sharm\CCTV-YOLO\IBVAP\backend\logs\snapshots\intrusion_0048.jpg
2026-09-11,14:06:43,3,3,bus,INTRUSION,CROSSED_RESTRICTED_ZONE,0.9303,366,225,C:\Users\sharm\CCTV-YOLO\IBVAP\backend\logs\snapshots\intrusion_0049.jpg
2026-09-11,14:06:43,99,6,person,SUSPICIOUS_ACTIVITY,ERRATIC MOVEMENT,1.0000,194,335,C:\Users\sharm\CCTV-YOLO\IBVAP\backend\logs\snapshots\suspicious_0013.jpg
2026-09-11,14:06:43,3,3,bus,INTRUSION,CROSSED_RESTRICTED_ZONE,0.9344,367,224,C:\Users\sharm\CCTV-YOLO\IBVAP\backend\logs\snapshots\intrusion_0050.jpg
2026-09-11,14:06:44,3,3,bus,INTRUSION,CROSSED_RESTRICTED_ZONE,0.9324,366,224,C:\Users\sharm\CCTV-YOLO\IBVAP\backend\logs\snapshots\intrusion_0051.jpg
2026-09-11,14:06:45,3,3,bus,INTRUSION,CROSSED_RESTRICTED_ZONE,0.9354,367,224,C:\Users\sharm\CCTV-YOLO\IBVAP\backend\logs\snapshots\intrusion_0052.jpg
2026-09-11,14:06:45,3,3,bus,INTRUSION,CROSSED_RESTRICTED_ZONE,0.9232,368,223,C:\Users\sharm\CCTV-YOLO\IBVAP\backend\logs\snapshots\intrusion_0053.jpg
2026-09-11,14:06:46,3,3,bus,INTRUSION,CROSSED_RESTRICTED_ZONE,0.9262,368,223,C:\Users\sharm\CCTV-YOLO\IBVAP\backend\logs\snapshots\intrusion_0054.jpg
2026-09-11,14:06:47,3,3,bus,INTRUSION,CROSSED_RESTRICTED_ZONE,0.8815,368,223,C:\Users\sharm\CCTV-YOLO\IBVAP\backend\logs\snapshots\intrusion_0055.jpg
2026-09-11,14:06:47,171,1,person,SUSPICIOUS_ACTIVITY,ERRATIC MOVEMENT | RAPID MOVEMENT,1.0000,268,238,C:\Users\sharm\CCTV-YOLO\IBVAP\backend\logs\snapshots\suspicious_0014.jpg
2026-09-11,14:06:48,3,3,bus,INTRUSION,CROSSED_RESTRICTED_ZONE,0.9432,368,228,C:\Users\sharm\CCTV-YOLO\IBVAP\backend\logs\snapshots\intrusion_0056.jpg
2026-09-11,14:06:49,178,4,person,SUSPICIOUS_ACTIVITY,ERRATIC MOVEMENT | LOITERING | RAPID MOVEMENT,1.0000,227,239,C:\Users\sharm\CCTV-YOLO\IBVAP\backend\logs\snapshots\suspicious_0015.jpg
2026-09-11,14:06:49,3,3,bus,INTRUSION,CROSSED_RESTRICTED_ZONE,0.9461,368,228,C:\Users\sharm\CCTV-YOLO\IBVAP\backend\logs\snapshots\intrusion_0057.jpg
2026-09-11,14:06:49,3,3,bus,INTRUSION,CROSSED_RESTRICTED_ZONE,0.9447,368,228,C:\Users\sharm\CCTV-YOLO\IBVAP\backend\logs\snapshots\intrusion_0058.jpg
2026-09-11,14:06:50,3,3,bus,INTRUSION,CROSSED_RESTRICTED_ZONE,0.9474,368,226,C:\Users\sharm\CCTV-YOLO\IBVAP\backend\logs\snapshots\intrusion_0059.jpg
2026-09-11,14:06:51,3,3,bus,INTRUSION,CROSSED_RESTRICTED_ZONE,0.9453,369,225,C:\Users\sharm\CCTV-YOLO\IBVAP\backend\logs\snapshots\intrusion_0060.jpg
2026-09-11,14:06:51,3,3,bus,INTRUSION,CROSSED_RESTRICTED_ZONE,0.9468,368,226,C:\Users\sharm\CCTV-YOLO\IBVAP\backend\logs\snapshots\intrusion_0061.jpg
2026-09-11,14:06:52,3,3,bus,INTRUSION,CROSSED_RESTRICTED_ZONE,0.9446,368,225,C:\Users\sharm\CCTV-YOLO\IBVAP\backend\logs\snapshots\intrusion_0062.jpg
2026-09-11,14:06:53,3,3,bus,INTRUSION,CROSSED_RESTRICTED_ZONE,0.9468,368,226,C:\Users\sharm\CCTV-YOLO\IBVAP\backend\logs\snapshots\intrusion_0063.jpg
2026-09-11,14:06:53,3,3,bus,INTRUSION,CROSSED_RESTRICTED_ZONE,0.9402,368,225,C:\Users\sharm\CCTV-YOLO\IBVAP\backend\logs\snapshots\intrusion_0064.jpg
2026-09-11,14:06:54,99,6,person,SUSPICIOUS_ACTIVITY,ERRATIC MOVEMENT,1.0000,194,388,C:\Users\sharm\CCTV-YOLO\IBVAP\backend\logs\snapshots\suspicious_0016.jpg
2026-09-11,14:06:54,3,3,bus,INTRUSION,CROSSED_RESTRICTED_ZONE,0.9433,368,226,C:\Users\sharm\CCTV-YOLO\IBVAP\backend\logs\snapshots\intrusion_0065.jpg
2026-09-11,14:06:55,3,3,bus,INTRUSION,CROSSED_RESTRICTED_ZONE,0.9431,368,225,C:\Users\sharm\CCTV-YOLO\IBVAP\backend\logs\snapshots\intrusion_0066.jpg
2026-09-11,14:06:55,3,3,bus,INTRUSION,CROSSED_RESTRICTED_ZONE,0.9445,368,225,C:\Users\sharm\CCTV-YOLO\IBVAP\backend\logs\snapshots\intrusion_0067.jpg
2026-09-11,14:06:56,3,3,bus,INTRUSION,CROSSED_RESTRICTED_ZONE,0.9471,368,224,C:\Users\sharm\CCTV-YOLO\IBVAP\backend\logs\snapshots\intrusion_0068.jpg
2026-09-11,14:06:56,3,3,bus,INTRUSION,CROSSED_RESTRICTED_ZONE,0.9458,369,224,C:\Users\sharm\CCTV-YOLO\IBVAP\backend\logs\snapshots\intrusion_0069.jpg
2026-09-11,14:06:57,3,3,bus,INTRUSION,CROSSED_RESTRICTED_ZONE,0.9442,369,224,C:\Users\sharm\CCTV-YOLO\IBVAP\backend\logs\snapshots\intrusion_0070.jpg
2026-09-11,14:06:58,3,3,bus,INTRUSION,CROSSED_RESTRICTED_ZONE,0.9460,369,224,C:\Users\sharm\CCTV-YOLO\IBVAP\backend\logs\snapshots\intrusion_0071.jpg
2026-09-11,14:06:58,3,3,bus,INTRUSION,CROSSED_RESTRICTED_ZONE,0.9395,369,224,C:\Users\sharm\CCTV-YOLO\IBVAP\backend\logs\snapshots\intrusion_0072.jpg
2026-09-11,14:06:59,178,4,person,SUSPICIOUS_ACTIVITY,ERRATIC MOVEMENT | LOITERING | RAPID MOVEMENT,1.0000,225,240,C:\Users\sharm\CCTV-YOLO\IBVAP\backend\logs\snapshots\suspicious_0017.jpg
2026-09-11,14:06:59,3,3,bus,INTRUSION,CROSSED_RESTRICTED_ZONE,0.9430,369,224,C:\Users\sharm\CCTV-YOLO\IBVAP\backend\logs\snapshots\intrusion_0073.jpg
2026-09-11,14:07:00,3,3,bus,INTRUSION,CROSSED_RESTRICTED_ZONE,0.9383,369,224,C:\Users\sharm\CCTV-YOLO\IBVAP\backend\logs\snapshots\intrusion_0074.jpg
2026-09-11,14:07:00,3,3,bus,INTRUSION,CROSSED_RESTRICTED_ZONE,0.9373,369,224,C:\Users\sharm\CCTV-YOLO\IBVAP\backend\logs\snapshots\intrusion_0075.jpg
2026-09-11,14:07:01,3,3,bus,INTRUSION,CROSSED_RESTRICTED_ZONE,0.9465,370,224,C:\Users\sharm\CCTV-YOLO\IBVAP\backend\logs\snapshots\intrusion_0076.jpg
2026-09-11,14:07:02,3,3,bus,INTRUSION,CROSSED_RESTRICTED_ZONE,0.9484,370,224,C:\Users\sharm\CCTV-YOLO\IBVAP\backend\logs\snapshots\intrusion_0077.jpg
2026-09-11,14:07:02,3,3,bus,INTRUSION,CROSSED_RESTRICTED_ZONE,0.9491,370,224,C:\Users\sharm\CCTV-YOLO\IBVAP\backend\logs\snapshots\intrusion_0078.jpg
2026-09-11,14:07:03,3,3,bus,INTRUSION,CROSSED_RESTRICTED_ZONE,0.9431,370,224,C:\Users\sharm\CCTV-YOLO\IBVAP\backend\logs\snapshots\intrusion_0079.jpg
2026-09-11,14:07:03,3,3,bus,INTRUSION,CROSSED_RESTRICTED_ZONE,0.9494,370,224,C:\Users\sharm\CCTV-YOLO\IBVAP\backend\logs\snapshots\intrusion_0080.jpg
2026-09-11,14:07:04,99,6,person,SUSPICIOUS_ACTIVITY,ERRATIC MOVEMENT,1.0000,192,406,C:\Users\sharm\CCTV-YOLO\IBVAP\backend\logs\snapshots\suspicious_0018.jpg
2026-09-11,14:07:04,3,3,bus,INTRUSION,CROSSED_RESTRICTED_ZONE,0.9527,371,224,C:\Users\sharm\CCTV-YOLO\IBVAP\backend\logs\snapshots\intrusion_0081.jpg
2026-09-11,14:07:05,3,3,bus,INTRUSION,CROSSED_RESTRICTED_ZONE,0.9410,371,225,C:\Users\sharm\CCTV-YOLO\IBVAP\backend\logs\snapshots\intrusion_0082.jpg
2026-09-11,14:07:05,3,3,bus,INTRUSION,CROSSED_RESTRICTED_ZONE,0.9383,371,225,C:\Users\sharm\CCTV-YOLO\IBVAP\backend\logs\snapshots\intrusion_0083.jpg
2026-09-11,14:07:06,3,3,bus,INTRUSION,CROSSED_RESTRICTED_ZONE,0.9345,371,225,C:\Users\sharm\CCTV-YOLO\IBVAP\backend\logs\snapshots\intrusion_0084.jpg
2026-09-11,14:07:07,3,3,bus,INTRUSION,CROSSED_RESTRICTED_ZONE,0.9326,372,225,C:\Users\sharm\CCTV-YOLO\IBVAP\backend\logs\snapshots\intrusion_0085.jpg
2026-09-11,14:07:07,3,3,bus,INTRUSION,CROSSED_RESTRICTED_ZONE,0.9402,372,225,C:\Users\sharm\CCTV-YOLO\IBVAP\backend\logs\snapshots\intrusion_0086.jpg
2026-09-11,14:07:08,3,3,bus,INTRUSION,CROSSED_RESTRICTED_ZONE,0.9318,372,224,C:\Users\sharm\CCTV-YOLO\IBVAP\backend\logs\snapshots\intrusion_0087.jpg
2026-09-11,14:07:09,3,3,bus,INTRUSION,CROSSED_RESTRICTED_ZONE,0.9334,372,225,C:\Users\sharm\CCTV-YOLO\IBVAP\backend\logs\snapshots\intrusion_0088.jpg
2026-09-11,14:07:09,178,4,person,SUSPICIOUS_ACTIVITY,ERRATIC MOVEMENT | LOITERING | RAPID MOVEMENT,1.0000,226,239,C:\Users\sharm\CCTV-YOLO\IBVAP\backend\logs\snapshots\suspicious_0019.jpg
2026-09-11,14:07:09,3,3,bus,INTRUSION,CROSSED_RESTRICTED_ZONE,0.9364,372,225,C:\Users\sharm\CCTV-YOLO\IBVAP\backend\logs\snapshots\intrusion_0089.jpg
2026-09-11,14:07:10,3,3,bus,INTRUSION,CROSSED_RESTRICTED_ZONE,0.9186,372,225,C:\Users\sharm\CCTV-YOLO\IBVAP\backend\logs\snapshots\intrusion_0090.jpg
2026-09-11,14:07:11,3,3,bus,INTRUSION,CROSSED_RESTRICTED_ZONE,0.9358,372,225,C:\Users\sharm\CCTV-YOLO\IBVAP\backend\logs\snapshots\intrusion_0091.jpg
2026-09-11,14:07:11,3,3,bus,INTRUSION,CROSSED_RESTRICTED_ZONE,0.9293,372,225,C:\Users\sharm\CCTV-YOLO\IBVAP\backend\logs\snapshots\intrusion_0092.jpg
2026-09-11,14:07:12,3,3,bus,INTRUSION,CROSSED_RESTRICTED_ZONE,0.9154,373,226,C:\Users\sharm\CCTV-YOLO\IBVAP\backend\logs\snapshots\intrusion_0093.jpg
2026-09-11,14:07:12,3,3,bus,INTRUSION,CROSSED_RESTRICTED_ZONE,0.9077,373,225,C:\Users\sharm\CCTV-YOLO\IBVAP\backend\logs\snapshots\intrusion_0094.jpg
2026-09-11,14:07:13,3,3,bus,INTRUSION,CROSSED_RESTRICTED_ZONE,0.8875,373,225,C:\Users\sharm\CCTV-YOLO\IBVAP\backend\logs\snapshots\intrusion_0095.jpg
2026-09-11,14:07:14,3,3,bus,INTRUSION,CROSSED_RESTRICTED_ZONE,0.9029,373,226,C:\Users\sharm\CCTV-YOLO\IBVAP\backend\logs\snapshots\intrusion_0096.jpg
2026-09-11,14:07:14,99,6,person,SUSPICIOUS_ACTIVITY,ERRATIC MOVEMENT | LOITERING,1.0000,194,373,C:\Users\sharm\CCTV-YOLO\IBVAP\backend\logs\snapshots\suspicious_0020.jpg
2026-09-11,14:07:14,3,3,bus,INTRUSION,CROSSED_RESTRICTED_ZONE,0.8480,373,226,C:\Users\sharm\CCTV-YOLO\IBVAP\backend\logs\snapshots\intrusion_0097.jpg
2026-09-11,14:07:15,3,3,bus,INTRUSION,CROSSED_RESTRICTED_ZONE,0.8612,373,227,C:\Users\sharm\CCTV-YOLO\IBVAP\backend\logs\snapshots\intrusion_0098.jpg
2026-09-11,14:07:16,3,3,bus,INTRUSION,CROSSED_RESTRICTED_ZONE,0.8990,373,227,C:\Users\sharm\CCTV-YOLO\IBVAP\backend\logs\snapshots\intrusion_0099.jpg
2026-09-11,14:07:16,3,3,bus,INTRUSION,CROSSED_RESTRICTED_ZONE,0.9043,373,227,C:\Users\sharm\CCTV-YOLO\IBVAP\backend\logs\snapshots\intrusion_0100.jpg
2026-09-11,14:07:17,3,3,bus,INTRUSION,CROSSED_RESTRICTED_ZONE,0.9219,374,227,C:\Users\sharm\CCTV-YOLO\IBVAP\backend\logs\snapshots\intrusion_0101.jpg
2026-09-11,14:07:18,3,3,bus,INTRUSION,CROSSED_RESTRICTED_ZONE,0.9251,374,227,C:\Users\sharm\CCTV-YOLO\IBVAP\backend\logs\snapshots\intrusion_0102.jpg
2026-09-11,14:07:18,207,9,person,SUSPICIOUS_ACTIVITY,RAPID MOVEMENT,0.5556,697,198,C:\Users\sharm\CCTV-YOLO\IBVAP\backend\logs\snapshots\suspicious_0021.jpg
2026-09-11,14:07:18,3,3,bus,INTRUSION,CROSSED_RESTRICTED_ZONE,0.9277,374,226,C:\Users\sharm\CCTV-YOLO\IBVAP\backend\logs\snapshots\intrusion_0103.jpg
2026-09-11,14:07:19,3,3,bus,INTRUSION,CROSSED_RESTRICTED_ZONE,0.9304,374,226,C:\Users\sharm\CCTV-YOLO\IBVAP\backend\logs\snapshots\intrusion_0104.jpg
2026-09-11,14:07:20,178,4,person,SUSPICIOUS_ACTIVITY,ERRATIC MOVEMENT | LOITERING | RAPID MOVEMENT,1.0000,220,240,C:\Users\sharm\CCTV-YOLO\IBVAP\backend\logs\snapshots\suspicious_0022.jpg
2026-09-11,14:07:20,3,3,bus,INTRUSION,CROSSED_RESTRICTED_ZONE,0.9345,374,227,C:\Users\sharm\CCTV-YOLO\IBVAP\backend\logs\snapshots\intrusion_0105.jpg
2026-09-11,14:07:20,3,3,bus,INTRUSION,CROSSED_RESTRICTED_ZONE,0.9403,375,227,C:\Users\sharm\CCTV-YOLO\IBVAP\backend\logs\snapshots\intrusion_0106.jpg
2026-09-11,14:07:21,210,1,person,SUSPICIOUS_ACTIVITY,ERRATIC MOVEMENT | RAPID MOVEMENT,1.0000,257,240,C:\Users\sharm\CCTV-YOLO\IBVAP\backend\logs\snapshots\suspicious_0023.jpg
2026-09-11,14:07:21,3,3,bus,INTRUSION,CROSSED_RESTRICTED_ZONE,0.9304,375,227,C:\Users\sharm\CCTV-YOLO\IBVAP\backend\logs\snapshots\intrusion_0107.jpg
2026-09-11,14:07:22,3,3,bus,INTRUSION,CROSSED_RESTRICTED_ZONE,0.9350,375,228,C:\Users\sharm\CCTV-YOLO\IBVAP\backend\logs\snapshots\intrusion_0108.jpg
2026-09-11,14:07:22,3,3,bus,INTRUSION,CROSSED_RESTRICTED_ZONE,0.9400,375,227,C:\Users\sharm\CCTV-YOLO\IBVAP\backend\logs\snapshots\intrusion_0109.jpg
2026-09-11,14:07:23,3,3,bus,INTRUSION,CROSSED_RESTRICTED_ZONE,0.9409,375,227,C:\Users\sharm\CCTV-YOLO\IBVAP\backend\logs\snapshots\intrusion_0110.jpg
2026-09-11,14:07:24,3,3,bus,INTRUSION,CROSSED_RESTRICTED_ZONE,0.9368,376,227,C:\Users\sharm\CCTV-YOLO\IBVAP\backend\logs\snapshots\intrusion_0111.jpg
2026-09-11,14:07:24,3,3,bus,INTRUSION,CROSSED_RESTRICTED_ZONE,0.9439,377,227,C:\Users\sharm\CCTV-YOLO\IBVAP\backend\logs\snapshots\intrusion_0112.jpg
2026-09-11,14:07:25,99,6,person,SUSPICIOUS_ACTIVITY,ERRATIC MOVEMENT | LOITERING,1.0000,190,332,C:\Users\sharm\CCTV-YOLO\IBVAP\backend\logs\snapshots\suspicious_0024.jpg
2026-09-11,14:07:25,3,3,bus,INTRUSION,CROSSED_RESTRICTED_ZONE,0.9435,377,227,C:\Users\sharm\CCTV-YOLO\IBVAP\backend\logs\snapshots\intrusion_0113.jpg
2026-09-11,14:07:26,3,3,bus,INTRUSION,CROSSED_RESTRICTED_ZONE,0.9224,377,226,C:\Users\sharm\CCTV-YOLO\IBVAP\backend\logs\snapshots\intrusion_0114.jpg
2026-09-11,14:07:26,3,3,bus,INTRUSION,CROSSED_RESTRICTED_ZONE,0.9245,377,226,C:\Users\sharm\CCTV-YOLO\IBVAP\backend\logs\snapshots\intrusion_0115.jpg
2026-09-11,14:07:27,3,3,bus,INTRUSION,CROSSED_RESTRICTED_ZONE,0.9267,376,226,C:\Users\sharm\CCTV-YOLO\IBVAP\backend\logs\snapshots\intrusion_0116.jpg
2026-09-11,14:07:28,3,3,bus,INTRUSION,CROSSED_RESTRICTED_ZONE,0.9261,376,225,C:\Users\sharm\CCTV-YOLO\IBVAP\backend\logs\snapshots\intrusion_0117.jpg
2026-09-11,14:07:28,3,3,bus,INTRUSION,CROSSED_RESTRICTED_ZONE,0.9374,377,225,C:\Users\sharm\CCTV-YOLO\IBVAP\backend\logs\snapshots\intrusion_0118.jpg
2026-09-11,14:07:29,207,9,person,SUSPICIOUS_ACTIVITY,RAPID MOVEMENT,0.6667,740,199,C:\Users\sharm\CCTV-YOLO\IBVAP\backend\logs\snapshots\suspicious_0025.jpg
2026-09-11,14:07:29,3,3,bus,INTRUSION,CROSSED_RESTRICTED_ZONE,0.9332,378,225,C:\Users\sharm\CCTV-YOLO\IBVAP\backend\logs\snapshots\intrusion_0119.jpg
2026-09-11,14:07:30,3,3,bus,INTRUSION,CROSSED_RESTRICTED_ZONE,0.9357,378,224,C:\Users\sharm\CCTV-YOLO\IBVAP\backend\logs\snapshots\intrusion_0120.jpg
2026-09-11,14:07:30,3,3,bus,INTRUSION,CROSSED_RESTRICTED_ZONE,0.9390,378,225,C:\Users\sharm\CCTV-YOLO\IBVAP\backend\logs\snapshots\intrusion_0121.jpg
2026-09-11,14:07:31,3,3,bus,INTRUSION,CROSSED_RESTRICTED_ZONE,0.9378,378,226,C:\Users\sharm\CCTV-YOLO\IBVAP\backend\logs\snapshots\intrusion_0122.jpg
2026-09-11,14:07:32,210,1,person,SUSPICIOUS_ACTIVITY,ERRATIC MOVEMENT,1.0000,252,241,C:\Users\sharm\CCTV-YOLO\IBVAP\backend\logs\snapshots\suspicious_0026.jpg
2026-09-11,14:07:32,3,3,bus,INTRUSION,CROSSED_RESTRICTED_ZONE,0.9256,378,225,C:\Users\sharm\CCTV-YOLO\IBVAP\backend\logs\snapshots\intrusion_0123.jpg
2026-09-11,14:07:32,3,3,bus,INTRUSION,CROSSED_RESTRICTED_ZONE,0.9194,379,225,C:\Users\sharm\CCTV-YOLO\IBVAP\backend\logs\snapshots\intrusion_0124.jpg
2026-09-11,14:07:33,3,3,bus,INTRUSION,CROSSED_RESTRICTED_ZONE,0.9221,379,225,C:\Users\sharm\CCTV-YOLO\IBVAP\backend\logs\snapshots\intrusion_0125.jpg
2026-09-11,14:07:34,3,3,bus,INTRUSION,CROSSED_RESTRICTED_ZONE,0.9250,379,225,C:\Users\sharm\CCTV-YOLO\IBVAP\backend\logs\snapshots\intrusion_0126.jpg
2026-09-11,14:07:34,3,3,bus,INTRUSION,CROSSED_RESTRICTED_ZONE,0.9075,380,224,C:\Users\sharm\CCTV-YOLO\IBVAP\backend\logs\snapshots\intrusion_0127.jpg
2026-09-11,14:07:35,99,6,person,SUSPICIOUS_ACTIVITY,ERRATIC MOVEMENT | LOITERING,1.0000,197,334,C:\Users\sharm\CCTV-YOLO\IBVAP\backend\logs\snapshots\suspicious_0027.jpg
2026-09-11,14:07:35,3,3,bus,INTRUSION,CROSSED_RESTRICTED_ZONE,0.9058,380,224,C:\Users\sharm\CCTV-YOLO\IBVAP\backend\logs\snapshots\intrusion_0128.jpg
2026-09-11,14:07:36,3,3,bus,INTRUSION,CROSSED_RESTRICTED_ZONE,0.8919,380,223,C:\Users\sharm\CCTV-YOLO\IBVAP\backend\logs\snapshots\intrusion_0129.jpg
2026-09-11,14:07:36,3,3,bus,INTRUSION,CROSSED_RESTRICTED_ZONE,0.8877,380,222,C:\Users\sharm\CCTV-YOLO\IBVAP\backend\logs\snapshots\intrusion_0130.jpg
2026-09-11,14:07:37,3,3,bus,INTRUSION,CROSSED_RESTRICTED_ZONE,0.8702,380,221,C:\Users\sharm\CCTV-YOLO\IBVAP\backend\logs\snapshots\intrusion_0131.jpg
2026-09-11,14:07:38,3,3,bus,INTRUSION,CROSSED_RESTRICTED_ZONE,0.8984,380,222,C:\Users\sharm\CCTV-YOLO\IBVAP\backend\logs\snapshots\intrusion_0132.jpg
2026-09-11,14:07:38,3,3,bus,INTRUSION,CROSSED_RESTRICTED_ZONE,0.9106,381,223,C:\Users\sharm\CCTV-YOLO\IBVAP\backend\logs\snapshots\intrusion_0133.jpg
2026-09-11,14:07:39,3,3,bus,INTRUSION,CROSSED_RESTRICTED_ZONE,0.8948,381,224,C:\Users\sharm\CCTV-YOLO\IBVAP\backend\logs\snapshots\intrusion_0134.jpg
2026-09-11,14:07:40,3,3,bus,INTRUSION,CROSSED_RESTRICTED_ZONE,0.9070,382,224,C:\Users\sharm\CCTV-YOLO\IBVAP\backend\logs\snapshots\intrusion_0135.jpg
2026-09-11,14:07:40,3,3,bus,INTRUSION,CROSSED_RESTRICTED_ZONE,0.9038,382,225,C:\Users\sharm\CCTV-YOLO\IBVAP\backend\logs\snapshots\intrusion_0136.jpg
2026-09-11,14:07:41,3,3,bus,INTRUSION,CROSSED_RESTRICTED_ZONE,0.9075,382,225,C:\Users\sharm\CCTV-YOLO\IBVAP\backend\logs\snapshots\intrusion_0137.jpg
2026-09-11,14:07:42,210,1,person,SUSPICIOUS_ACTIVITY,ERRATIC MOVEMENT,1.0000,253,239,C:\Users\sharm\CCTV-YOLO\IBVAP\backend\logs\snapshots\suspicious_0028.jpg
2026-09-11,14:07:42,3,3,bus,INTRUSION,CROSSED_RESTRICTED_ZONE,0.9152,382,225,C:\Users\sharm\CCTV-YOLO\IBVAP\backend\logs\snapshots\intrusion_0138.jpg
2026-09-11,14:07:42,3,3,bus,INTRUSION,CROSSED_RESTRICTED_ZONE,0.9186,382,226,C:\Users\sharm\CCTV-YOLO\IBVAP\backend\logs\snapshots\intrusion_0139.jpg
2026-09-11,14:07:43,3,3,bus,INTRUSION,CROSSED_RESTRICTED_ZONE,0.9177,382,226,C:\Users\sharm\CCTV-YOLO\IBVAP\backend\logs\snapshots\intrusion_0140.jpg
2026-09-11,14:07:44,3,3,bus,INTRUSION,CROSSED_RESTRICTED_ZONE,0.9046,383,227,C:\Users\sharm\CCTV-YOLO\IBVAP\backend\logs\snapshots\intrusion_0141.jpg
2026-09-11,14:07:44,3,3,bus,INTRUSION,CROSSED_RESTRICTED_ZONE,0.9246,383,226,C:\Users\sharm\CCTV-YOLO\IBVAP\backend\logs\snapshots\intrusion_0142.jpg
2026-09-11,14:07:45,3,3,bus,INTRUSION,CROSSED_RESTRICTED_ZONE,0.9205,383,226,C:\Users\sharm\CCTV-YOLO\IBVAP\backend\logs\snapshots\intrusion_0143.jpg
2026-09-11,14:07:46,99,6,person,SUSPICIOUS_ACTIVITY,ERRATIC MOVEMENT | LOITERING,1.0000,198,334,C:\Users\sharm\CCTV-YOLO\IBVAP\backend\logs\snapshots\suspicious_0029.jpg
2026-09-11,14:07:46,3,3,bus,INTRUSION,CROSSED_RESTRICTED_ZONE,0.9134,383,226,C:\Users\sharm\CCTV-YOLO\IBVAP\backend\logs\snapshots\intrusion_0144.jpg
2026-09-11,14:07:46,3,3,bus,INTRUSION,CROSSED_RESTRICTED_ZONE,0.9101,383,226,C:\Users\sharm\CCTV-YOLO\IBVAP\backend\logs\snapshots\intrusion_0145.jpg
2026-09-11,14:07:47,3,3,bus,INTRUSION,CROSSED_RESTRICTED_ZONE,0.9224,383,226,C:\Users\sharm\CCTV-YOLO\IBVAP\backend\logs\snapshots\intrusion_0146.jpg
2026-09-11,14:07:48,3,3,bus,INTRUSION,CROSSED_RESTRICTED_ZONE,0.9153,383,227,C:\Users\sharm\CCTV-YOLO\IBVAP\backend\logs\snapshots\intrusion_0147.jpg
2026-09-11,14:07:48,3,3,bus,INTRUSION,CROSSED_RESTRICTED_ZONE,0.9049,383,226,C:\Users\sharm\CCTV-YOLO\IBVAP\backend\logs\snapshots\intrusion_0148.jpg
2026-09-11,14:07:49,3,3,bus,INTRUSION,CROSSED_RESTRICTED_ZONE,0.8850,383,226,C:\Users\sharm\CCTV-YOLO\IBVAP\backend\logs\snapshots\intrusion_0149.jpg
2026-09-11,14:07:50,3,3,bus,INTRUSION,CROSSED_RESTRICTED_ZONE,0.9014,384,226,C:\Users\sharm\CCTV-YOLO\IBVAP\backend\logs\snapshots\intrusion_0150.jpg
2026-09-11,14:07:50,3,3,bus,INTRUSION,CROSSED_RESTRICTED_ZONE,0.9084,384,226,C:\Users\sharm\CCTV-YOLO\IBVAP\backend\logs\snapshots\intrusion_0151.jpg
2026-09-11,14:07:51,3,3,bus,INTRUSION,CROSSED_RESTRICTED_ZONE,0.9157,384,227,C:\Users\sharm\CCTV-YOLO\IBVAP\backend\logs\snapshots\intrusion_0152.jpg
2026-09-11,14:07:52,3,3,bus,INTRUSION,CROSSED_RESTRICTED_ZONE,0.9113,384,227,C:\Users\sharm\CCTV-YOLO\IBVAP\backend\logs\snapshots\intrusion_0153.jpg
2026-09-11,14:07:52,3,3,bus,INTRUSION,CROSSED_RESTRICTED_ZONE,0.9023,384,227,C:\Users\sharm\CCTV-YOLO\IBVAP\backend\logs\snapshots\intrusion_0154.jpg
2026-09-11,14:07:53,3,3,bus,INTRUSION,CROSSED_RESTRICTED_ZONE,0.8966,384,228,C:\Users\sharm\CCTV-YOLO\IBVAP\backend\logs\snapshots\intrusion_0155.jpg
2026-09-11,14:07:54,3,3,bus,INTRUSION,CROSSED_RESTRICTED_ZONE,0.8901,385,228,C:\Users\sharm\CCTV-YOLO\IBVAP\backend\logs\snapshots\intrusion_0156.jpg
2026-09-11,14:07:54,3,3,bus,INTRUSION,CROSSED_RESTRICTED_ZONE,0.8729,385,228,C:\Users\sharm\CCTV-YOLO\IBVAP\backend\logs\snapshots\intrusion_0157.jpg
2026-09-11,14:07:55,3,3,bus,INTRUSION,CROSSED_RESTRICTED_ZONE,0.8891,385,228,C:\Users\sharm\CCTV-YOLO\IBVAP\backend\logs\snapshots\intrusion_0158.jpg
2026-09-11,14:07:55,3,3,bus,INTRUSION,CROSSED_RESTRICTED_ZONE,0.8930,385,228,C:\Users\sharm\CCTV-YOLO\IBVAP\backend\logs\snapshots\intrusion_0159.jpg
2026-09-11,14:07:56,99,6,person,SUSPICIOUS_ACTIVITY,ERRATIC MOVEMENT | LOITERING,1.0000,227,335,C:\Users\sharm\CCTV-YOLO\IBVAP\backend\logs\snapshots\suspicious_0030.jpg
2026-09-11,14:07:56,3,3,bus,INTRUSION,CROSSED_RESTRICTED_ZONE,0.8921,386,228,C:\Users\sharm\CCTV-YOLO\IBVAP\backend\logs\snapshots\intrusion_0160.jpg
2026-09-11,14:07:57,3,3,bus,INTRUSION,CROSSED_RESTRICTED_ZONE,0.9038,386,227,C:\Users\sharm\CCTV-YOLO\IBVAP\backend\logs\snapshots\intrusion_0161.jpg
2026-09-11,14:07:58,3,3,bus,INTRUSION,CROSSED_RESTRICTED_ZONE,0.8971,386,228,C:\Users\sharm\CCTV-YOLO\IBVAP\backend\logs\snapshots\intrusion_0162.jpg
2026-09-11,14:07:58,3,3,bus,INTRUSION,CROSSED_RESTRICTED_ZONE,0.9043,386,228,C:\Users\sharm\CCTV-YOLO\IBVAP\backend\logs\snapshots\intrusion_0163.jpg
2026-09-11,14:07:59,3,3,bus,INTRUSION,CROSSED_RESTRICTED_ZONE,0.8920,386,227,C:\Users\sharm\CCTV-YOLO\IBVAP\backend\logs\snapshots\intrusion_0164.jpg
2026-09-11,14:08:00,3,3,bus,INTRUSION,CROSSED_RESTRICTED_ZONE,0.8829,386,227,C:\Users\sharm\CCTV-YOLO\IBVAP\backend\logs\snapshots\intrusion_0165.jpg
2026-09-11,14:08:00,3,3,bus,INTRUSION,CROSSED_RESTRICTED_ZONE,0.8868,386,226,C:\Users\sharm\CCTV-YOLO\IBVAP\backend\logs\snapshots\intrusion_0166.jpg
2026-09-11,14:08:01,3,3,bus,INTRUSION,CROSSED_RESTRICTED_ZONE,0.9055,386,226,C:\Users\sharm\CCTV-YOLO\IBVAP\backend\logs\snapshots\intrusion_0167.jpg
2026-09-11,14:08:02,3,3,bus,INTRUSION,CROSSED_RESTRICTED_ZONE,0.9130,386,226,C:\Users\sharm\CCTV-YOLO\IBVAP\backend\logs\snapshots\intrusion_0168.jpg
2026-09-11,14:08:02,3,3,bus,INTRUSION,CROSSED_RESTRICTED_ZONE,0.9188,386,227,C:\Users\sharm\CCTV-YOLO\IBVAP\backend\logs\snapshots\intrusion_0169.jpg
2026-09-11,14:08:03,3,3,bus,INTRUSION,CROSSED_RESTRICTED_ZONE,0.9137,386,227,C:\Users\sharm\CCTV-YOLO\IBVAP\backend\logs\snapshots\intrusion_0170.jpg
2026-09-11,14:08:04,3,3,bus,INTRUSION,CROSSED_RESTRICTED_ZONE,0.9165,387,227,C:\Users\sharm\CCTV-YOLO\IBVAP\backend\logs\snapshots\intrusion_0171.jpg
2026-09-11,14:08:05,221,4,person,SUSPICIOUS_ACTIVITY,ERRATIC MOVEMENT | LOITERING | RAPID MOVEMENT,1.0000,208,246,C:\Users\sharm\CCTV-YOLO\IBVAP\backend\logs\snapshots\suspicious_0031.jpg
2026-09-11,14:08:05,3,3,bus,INTRUSION,CROSSED_RESTRICTED_ZONE,0.9209,387,228,C:\Users\sharm\CCTV-YOLO\IBVAP\backend\logs\snapshots\intrusion_0172.jpg
2026-09-11,14:08:05,3,3,bus,INTRUSION,CROSSED_RESTRICTED_ZONE,0.9236,387,228,C:\Users\sharm\CCTV-YOLO\IBVAP\backend\logs\snapshots\intrusion_0173.jpg
2026-09-11,14:08:06,3,3,bus,INTRUSION,CROSSED_RESTRICTED_ZONE,0.9226,387,228,C:\Users\sharm\CCTV-YOLO\IBVAP\backend\logs\snapshots\intrusion_0174.jpg
2026-09-11,14:08:07,99,6,person,SUSPICIOUS_ACTIVITY,ERRATIC MOVEMENT | LOITERING,1.0000,277,334,C:\Users\sharm\CCTV-YOLO\IBVAP\backend\logs\snapshots\suspicious_0032.jpg
2026-09-11,14:08:07,3,3,bus,INTRUSION,CROSSED_RESTRICTED_ZONE,0.9257,387,227,C:\Users\sharm\CCTV-YOLO\IBVAP\backend\logs\snapshots\intrusion_0175.jpg
2026-09-11,14:08:07,3,3,bus,INTRUSION,CROSSED_RESTRICTED_ZONE,0.9174,387,228,C:\Users\sharm\CCTV-YOLO\IBVAP\backend\logs\snapshots\intrusion_0176.jpg
2026-09-11,14:08:08,3,3,bus,INTRUSION,CROSSED_RESTRICTED_ZONE,0.9258,387,228,C:\Users\sharm\CCTV-YOLO\IBVAP\backend\logs\snapshots\intrusion_0177.jpg
2026-09-11,14:08:09,3,3,bus,INTRUSION,CROSSED_RESTRICTED_ZONE,0.9235,387,228,C:\Users\sharm\CCTV-YOLO\IBVAP\backend\logs\snapshots\intrusion_0178.jpg
2026-09-11,14:08:09,3,3,bus,INTRUSION,CROSSED_RESTRICTED_ZONE,0.9207,388,228,C:\Users\sharm\CCTV-YOLO\IBVAP\backend\logs\snapshots\intrusion_0179.jpg
2026-09-11,14:08:10,3,3,bus,INTRUSION,CROSSED_RESTRICTED_ZONE,0.9194,388,228,C:\Users\sharm\CCTV-YOLO\IBVAP\backend\logs\snapshots\intrusion_0180.jpg
2026-09-11,14:08:11,3,3,bus,INTRUSION,CROSSED_RESTRICTED_ZONE,0.9258,387,228,C:\Users\sharm\CCTV-YOLO\IBVAP\backend\logs\snapshots\intrusion_0181.jpg
2026-09-11,14:08:11,3,3,bus,INTRUSION,CROSSED_RESTRICTED_ZONE,0.9132,388,227,C:\Users\sharm\CCTV-YOLO\IBVAP\backend\logs\snapshots\intrusion_0182.jpg
2026-09-11,14:08:12,3,3,bus,INTRUSION,CROSSED_RESTRICTED_ZONE,0.9060,388,226,C:\Users\sharm\CCTV-YOLO\IBVAP\backend\logs\snapshots\intrusion_0183.jpg
2026-09-11,14:08:13,3,3,bus,INTRUSION,CROSSED_RESTRICTED_ZONE,0.9047,388,226,C:\Users\sharm\CCTV-YOLO\IBVAP\backend\logs\snapshots\intrusion_0184.jpg
2026-09-11,14:08:13,3,3,bus,INTRUSION,CROSSED_RESTRICTED_ZONE,0.9159,388,225,C:\Users\sharm\CCTV-YOLO\IBVAP\backend\logs\snapshots\intrusion_0185.jpg
2026-09-11,14:08:14,3,3,bus,INTRUSION,CROSSED_RESTRICTED_ZONE,0.9176,388,225,C:\Users\sharm\CCTV-YOLO\IBVAP\backend\logs\snapshots\intrusion_0186.jpg
2026-09-11,14:08:15,221,4,person,SUSPICIOUS_ACTIVITY,ERRATIC MOVEMENT | LOITERING,1.0000,205,243,C:\Users\sharm\CCTV-YOLO\IBVAP\backend\logs\snapshots\suspicious_0033.jpg
2026-09-11,14:08:15,228,1,person,SUSPICIOUS_ACTIVITY,ERRATIC MOVEMENT,1.0000,231,247,C:\Users\sharm\CCTV-YOLO\IBVAP\backend\logs\snapshots\suspicious_0034.jpg
2026-09-11,14:08:15,3,3,bus,INTRUSION,CROSSED_RESTRICTED_ZONE,0.9244,388,225,C:\Users\sharm\CCTV-YOLO\IBVAP\backend\logs\snapshots\intrusion_0187.jpg
2026-09-11,14:08:15,3,3,bus,INTRUSION,CROSSED_RESTRICTED_ZONE,0.9163,388,225,C:\Users\sharm\CCTV-YOLO\IBVAP\backend\logs\snapshots\intrusion_0188.jpg
2026-09-11,14:08:16,3,3,bus,INTRUSION,CROSSED_RESTRICTED_ZONE,0.9173,388,225,C:\Users\sharm\CCTV-YOLO\IBVAP\backend\logs\snapshots\intrusion_0189.jpg
2026-09-11,14:08:17,99,6,person,SUSPICIOUS_ACTIVITY,ERRATIC MOVEMENT | LOITERING,1.0000,279,334,C:\Users\sharm\CCTV-YOLO\IBVAP\backend\logs\snapshots\suspicious_0035.jpg
2026-09-11,14:08:17,3,3,bus,INTRUSION,CROSSED_RESTRICTED_ZONE,0.9153,389,225,C:\Users\sharm\CCTV-YOLO\IBVAP\backend\logs\snapshots\intrusion_0190.jpg
2026-09-11,14:08:18,3,3,bus,INTRUSION,CROSSED_RESTRICTED_ZONE,0.9008,389,224,C:\Users\sharm\CCTV-YOLO\IBVAP\backend\logs\snapshots\intrusion_0191.jpg
2026-09-11,14:08:18,3,3,bus,INTRUSION,CROSSED_RESTRICTED_ZONE,0.9062,389,224,C:\Users\sharm\CCTV-YOLO\IBVAP\backend\logs\snapshots\intrusion_0192.jpg
2026-09-11,14:08:19,3,3,bus,INTRUSION,CROSSED_RESTRICTED_ZONE,0.9139,389,224,C:\Users\sharm\CCTV-YOLO\IBVAP\backend\logs\snapshots\intrusion_0193.jpg
2026-09-11,14:08:20,3,3,bus,INTRUSION,CROSSED_RESTRICTED_ZONE,0.9209,389,224,C:\Users\sharm\CCTV-YOLO\IBVAP\backend\logs\snapshots\intrusion_0194.jpg
2026-09-11,14:08:20,3,3,bus,INTRUSION,CROSSED_RESTRICTED_ZONE,0.9141,389,225,C:\Users\sharm\CCTV-YOLO\IBVAP\backend\logs\snapshots\intrusion_0195.jpg
2026-09-11,14:08:21,3,3,bus,INTRUSION,CROSSED_RESTRICTED_ZONE,0.9148,389,225,C:\Users\sharm\CCTV-YOLO\IBVAP\backend\logs\snapshots\intrusion_0196.jpg
2026-09-11,14:08:21,3,3,bus,INTRUSION,CROSSED_RESTRICTED_ZONE,0.9201,389,226,C:\Users\sharm\CCTV-YOLO\IBVAP\backend\logs\snapshots\intrusion_0197.jpg
2026-09-11,14:08:22,3,3,bus,INTRUSION,CROSSED_RESTRICTED_ZONE,0.9150,390,227,C:\Users\sharm\CCTV-YOLO\IBVAP\backend\logs\snapshots\intrusion_0198.jpg
2026-09-11,14:08:23,3,3,bus,INTRUSION,CROSSED_RESTRICTED_ZONE,0.9241,390,227,C:\Users\sharm\CCTV-YOLO\IBVAP\backend\logs\snapshots\intrusion_0199.jpg
2026-09-11,14:08:23,3,3,bus,INTRUSION,CROSSED_RESTRICTED_ZONE,0.9234,390,227,C:\Users\sharm\CCTV-YOLO\IBVAP\backend\logs\snapshots\intrusion_0200.jpg
2026-09-11,14:08:24,3,3,bus,INTRUSION,CROSSED_RESTRICTED_ZONE,0.9226,390,227,C:\Users\sharm\CCTV-YOLO\IBVAP\backend\logs\snapshots\intrusion_0201.jpg
2026-09-11,14:08:25,3,3,bus,INTRUSION,CROSSED_RESTRICTED_ZONE,0.9203,390,226,C:\Users\sharm\CCTV-YOLO\IBVAP\backend\logs\snapshots\intrusion_0202.jpg
2026-09-11,14:08:25,221,4,person,SUSPICIOUS_ACTIVITY,ERRATIC MOVEMENT | LOITERING,1.0000,200,244,C:\Users\sharm\CCTV-YOLO\IBVAP\backend\logs\snapshots\suspicious_0036.jpg
2026-09-11,14:08:25,228,1,person,SUSPICIOUS_ACTIVITY,ERRATIC MOVEMENT,1.0000,229,244,C:\Users\sharm\CCTV-YOLO\IBVAP\backend\logs\snapshots\suspicious_0037.jpg
2026-09-11,14:08:25,167,8,person,SUSPICIOUS_ACTIVITY,LOITERING,0.4167,14,385,C:\Users\sharm\CCTV-YOLO\IBVAP\backend\logs\snapshots\suspicious_0038.jpg
2026-09-11,14:08:25,3,3,bus,INTRUSION,CROSSED_RESTRICTED_ZONE,0.9251,390,226,C:\Users\sharm\CCTV-YOLO\IBVAP\backend\logs\snapshots\intrusion_0203.jpg
2026-09-11,14:08:26,3,3,bus,INTRUSION,CROSSED_RESTRICTED_ZONE,0.9164,390,226,C:\Users\sharm\CCTV-YOLO\IBVAP\backend\logs\snapshots\intrusion_0204.jpg
2026-09-11,14:08:27,3,3,bus,INTRUSION,CROSSED_RESTRICTED_ZONE,0.9060,391,228,C:\Users\sharm\CCTV-YOLO\IBVAP\backend\logs\snapshots\intrusion_0205.jpg
2026-09-11,14:08:27,99,6,person,SUSPICIOUS_ACTIVITY,ERRATIC MOVEMENT | LOITERING,1.0000,274,334,C:\Users\sharm\CCTV-YOLO\IBVAP\backend\logs\snapshots\suspicious_0039.jpg
2026-09-11,14:08:27,3,3,bus,INTRUSION,CROSSED_RESTRICTED_ZONE,0.9052,391,228,C:\Users\sharm\CCTV-YOLO\IBVAP\backend\logs\snapshots\intrusion_0206.jpg
2026-09-11,14:08:28,3,3,bus,INTRUSION,CROSSED_RESTRICTED_ZONE,0.9145,387,229,C:\Users\sharm\CCTV-YOLO\IBVAP\backend\logs\snapshots\intrusion_0207.jpg
2026-09-11,14:08:29,3,3,bus,INTRUSION,CROSSED_RESTRICTED_ZONE,0.9104,386,229,C:\Users\sharm\CCTV-YOLO\IBVAP\backend\logs\snapshots\intrusion_0208.jpg
2026-09-11,14:30:55,1,1,person,INTRUSION,CROSSED_RESTRICTED_ZONE,0.8726,569,290,c:\Users\sharm\CCTV-YOLO\IBVAP\backend\logs\snapshots\intrusion_0001.jpg
2026-09-11,14:33:56,3,3,bus,INTRUSION,CROSSED_RESTRICTED_ZONE,0.8301,307,222,c:\Users\sharm\CCTV-YOLO\IBVAP\backend\logs\snapshots\intrusion_0001.jpg
2026-09-11,14:33:56,3,3,bus,INTRUSION,CROSSED_RESTRICTED_ZONE,0.5908,307,222,c:\Users\sharm\CCTV-YOLO\IBVAP\backend\logs\snapshots\intrusion_0002.jpg
2026-09-11,14:33:57,4,1,person,SUSPICIOUS_ACTIVITY,RAPID MOVEMENT,0.8333,198,239,c:\Users\sharm\CCTV-YOLO\IBVAP\backend\logs\snapshots\suspicious_0001.jpg
2026-09-11,14:33:57,3,3,bus,INTRUSION,CROSSED_RESTRICTED_ZONE,0.9580,307,222,c:\Users\sharm\CCTV-YOLO\IBVAP\backend\logs\snapshots\intrusion_0003.jpg
2026-09-11,14:33:58,3,3,bus,INTRUSION,CROSSED_RESTRICTED_ZONE,0.9429,307,222,c:\Users\sharm\CCTV-YOLO\IBVAP\backend\logs\snapshots\intrusion_0004.jpg
2026-09-11,14:33:58,3,3,bus,INTRUSION,CROSSED_RESTRICTED_ZONE,0.9434,307,222,c:\Users\sharm\CCTV-YOLO\IBVAP\backend\logs\snapshots\intrusion_0005.jpg
2026-09-11,14:33:59,3,3,bus,INTRUSION,CROSSED_RESTRICTED_ZONE,0.7373,307,222,c:\Users\sharm\CCTV-YOLO\IBVAP\backend\logs\snapshots\intrusion_0006.jpg
2026-09-11,14:33:59,3,3,bus,INTRUSION,CROSSED_RESTRICTED_ZONE,0.4590,307,221,c:\Users\sharm\CCTV-YOLO\IBVAP\backend\logs\snapshots\intrusion_0007.jpg
2026-09-11,14:34:00,3,3,bus,INTRUSION,CROSSED_RESTRICTED_ZONE,0.9087,307,221,c:\Users\sharm\CCTV-YOLO\IBVAP\backend\logs\snapshots\intrusion_0008.jpg
2026-09-11,14:34:01,3,3,bus,INTRUSION,CROSSED_RESTRICTED_ZONE,0.9307,307,221,c:\Users\sharm\CCTV-YOLO\IBVAP\backend\logs\snapshots\intrusion_0009.jpg
2026-09-11,14:34:01,3,3,bus,INTRUSION,CROSSED_RESTRICTED_ZONE,0.9165,308,221,c:\Users\sharm\CCTV-YOLO\IBVAP\backend\logs\snapshots\intrusion_0010.jpg
2026-09-11,14:34:02,3,3,bus,INTRUSION,CROSSED_RESTRICTED_ZONE,0.9111,308,221,c:\Users\sharm\CCTV-YOLO\IBVAP\backend\logs\snapshots\intrusion_0011.jpg
2026-09-11,14:34:02,3,3,bus,INTRUSION,CROSSED_RESTRICTED_ZONE,0.8716,308,221,c:\Users\sharm\CCTV-YOLO\IBVAP\backend\logs\snapshots\intrusion_0012.jpg
2026-09-11,14:34:03,3,3,bus,INTRUSION,CROSSED_RESTRICTED_ZONE,0.9517,308,221,c:\Users\sharm\CCTV-YOLO\IBVAP\backend\logs\snapshots\intrusion_0013.jpg
2026-09-11,14:34:04,3,3,bus,INTRUSION,CROSSED_RESTRICTED_ZONE,0.9565,306,222,c:\Users\sharm\CCTV-YOLO\IBVAP\backend\logs\snapshots\intrusion_0014.jpg
2026-09-11,14:34:04,3,3,bus,INTRUSION,CROSSED_RESTRICTED_ZONE,0.9595,307,222,c:\Users\sharm\CCTV-YOLO\IBVAP\backend\logs\snapshots\intrusion_0015.jpg
2026-09-11,14:34:05,3,3,bus,INTRUSION,CROSSED_RESTRICTED_ZONE,0.9600,307,222,c:\Users\sharm\CCTV-YOLO\IBVAP\backend\logs\snapshots\intrusion_0016.jpg
2026-09-11,14:34:05,3,3,bus,INTRUSION,CROSSED_RESTRICTED_ZONE,0.9619,307,222,c:\Users\sharm\CCTV-YOLO\IBVAP\backend\logs\snapshots\intrusion_0017.jpg
2026-09-11,14:34:06,3,3,bus,INTRUSION,CROSSED_RESTRICTED_ZONE,0.9614,307,222,c:\Users\sharm\CCTV-YOLO\IBVAP\backend\logs\snapshots\intrusion_0018.jpg
2026-09-11,14:34:07,3,3,bus,INTRUSION,CROSSED_RESTRICTED_ZONE,0.9609,307,222,c:\Users\sharm\CCTV-YOLO\IBVAP\backend\logs\snapshots\intrusion_0019.jpg
2026-09-11,14:34:07,1,1,person,SUSPICIOUS_ACTIVITY,ERRATIC MOVEMENT | RAPID MOVEMENT,1.0000,211,336,c:\Users\sharm\CCTV-YOLO\IBVAP\backend\logs\snapshots\suspicious_0002.jpg
2026-09-11,14:34:07,3,3,bus,INTRUSION,CROSSED_RESTRICTED_ZONE,0.9600,307,222,c:\Users\sharm\CCTV-YOLO\IBVAP\backend\logs\snapshots\intrusion_0020.jpg
2026-09-11,14:34:08,3,3,bus,INTRUSION,CROSSED_RESTRICTED_ZONE,0.9600,307,222,c:\Users\sharm\CCTV-YOLO\IBVAP\backend\logs\snapshots\intrusion_0021.jpg
2026-09-11,14:34:08,3,3,bus,INTRUSION,CROSSED_RESTRICTED_ZONE,0.9590,306,223,c:\Users\sharm\CCTV-YOLO\IBVAP\backend\logs\snapshots\intrusion_0022.jpg
2026-09-11,14:34:09,3,3,bus,INTRUSION,CROSSED_RESTRICTED_ZONE,0.9570,306,223,c:\Users\sharm\CCTV-YOLO\IBVAP\backend\logs\snapshots\intrusion_0023.jpg
2026-09-11,14:34:10,3,3,bus,INTRUSION,CROSSED_RESTRICTED_ZONE,0.9565,306,223,c:\Users\sharm\CCTV-YOLO\IBVAP\backend\logs\snapshots\intrusion_0024.jpg
2026-09-11,14:34:10,3,3,bus,INTRUSION,CROSSED_RESTRICTED_ZONE,0.9575,307,223,c:\Users\sharm\CCTV-YOLO\IBVAP\backend\logs\snapshots\intrusion_0025.jpg
2026-09-11,14:34:11,3,3,bus,INTRUSION,CROSSED_RESTRICTED_ZONE,0.9580,307,223,c:\Users\sharm\CCTV-YOLO\IBVAP\backend\logs\snapshots\intrusion_0026.jpg
2026-09-11,14:34:11,3,3,bus,INTRUSION,CROSSED_RESTRICTED_ZONE,0.9580,307,223,c:\Users\sharm\CCTV-YOLO\IBVAP\backend\logs\snapshots\intrusion_0027.jpg
2026-09-11,14:34:12,3,3,bus,INTRUSION,CROSSED_RESTRICTED_ZONE,0.9590,307,224,c:\Users\sharm\CCTV-YOLO\IBVAP\backend\logs\snapshots\intrusion_0028.jpg
2026-09-11,14:34:13,3,3,bus,INTRUSION,CROSSED_RESTRICTED_ZONE,0.9585,307,223,c:\Users\sharm\CCTV-YOLO\IBVAP\backend\logs\snapshots\intrusion_0029.jpg
2026-09-11,14:34:13,3,3,bus,INTRUSION,CROSSED_RESTRICTED_ZONE,0.9575,307,223,c:\Users\sharm\CCTV-YOLO\IBVAP\backend\logs\snapshots\intrusion_0030.jpg
2026-09-11,14:34:14,3,3,bus,INTRUSION,CROSSED_RESTRICTED_ZONE,0.9595,307,224,c:\Users\sharm\CCTV-YOLO\IBVAP\backend\logs\snapshots\intrusion_0031.jpg
2026-09-11,14:34:14,3,3,bus,INTRUSION,CROSSED_RESTRICTED_ZONE,0.9595,306,224,c:\Users\sharm\CCTV-YOLO\IBVAP\backend\logs\snapshots\intrusion_0032.jpg
2026-09-11,14:34:15,3,3,bus,INTRUSION,CROSSED_RESTRICTED_ZONE,0.9585,306,223,c:\Users\sharm\CCTV-YOLO\IBVAP\backend\logs\snapshots\intrusion_0033.jpg
2026-09-11,14:34:16,1,1,person,INTRUSION,CROSSED_RESTRICTED_ZONE,0.9175,162,239,c:\Users\sharm\CCTV-YOLO\IBVAP\backend\logs\snapshots\intrusion_0034.jpg
2026-09-11,14:34:16,3,3,bus,INTRUSION,CROSSED_RESTRICTED_ZONE,0.9575,305,223,c:\Users\sharm\CCTV-YOLO\IBVAP\backend\logs\snapshots\intrusion_0035.jpg
2026-09-11,14:34:17,1,1,person,INTRUSION,CROSSED_RESTRICTED_ZONE,0.8857,162,239,c:\Users\sharm\CCTV-YOLO\IBVAP\backend\logs\snapshots\intrusion_0036.jpg
2026-09-11,14:34:17,3,3,bus,INTRUSION,CROSSED_RESTRICTED_ZONE,0.9575,306,221,c:\Users\sharm\CCTV-YOLO\IBVAP\backend\logs\snapshots\intrusion_0037.jpg
2026-09-11,14:34:18,1,1,person,SUSPICIOUS_ACTIVITY,ERRATIC MOVEMENT | RAPID MOVEMENT,1.0000,261,343,c:\Users\sharm\CCTV-YOLO\IBVAP\backend\logs\snapshots\suspicious_0003.jpg
2026-09-11,14:34:18,1,1,person,INTRUSION,CROSSED_RESTRICTED_ZONE,0.9072,162,239,c:\Users\sharm\CCTV-YOLO\IBVAP\backend\logs\snapshots\intrusion_0038.jpg
2026-09-11,14:34:18,3,3,bus,INTRUSION,CROSSED_RESTRICTED_ZONE,0.9580,306,221,c:\Users\sharm\CCTV-YOLO\IBVAP\backend\logs\snapshots\intrusion_0039.jpg
2026-09-11,14:34:19,1,1,person,INTRUSION,CROSSED_RESTRICTED_ZONE,0.8115,162,239,c:\Users\sharm\CCTV-YOLO\IBVAP\backend\logs\snapshots\intrusion_0040.jpg
2026-09-11,14:34:20,3,3,bus,INTRUSION,CROSSED_RESTRICTED_ZONE,0.9565,306,220,c:\Users\sharm\CCTV-YOLO\IBVAP\backend\logs\snapshots\intrusion_0041.jpg
2026-09-11,14:34:20,1,1,person,INTRUSION,CROSSED_RESTRICTED_ZONE,0.8154,162,239,c:\Users\sharm\CCTV-YOLO\IBVAP\backend\logs\snapshots\intrusion_0042.jpg
2026-09-11,14:34:21,3,3,bus,INTRUSION,CROSSED_RESTRICTED_ZONE,0.9575,307,220,c:\Users\sharm\CCTV-YOLO\IBVAP\backend\logs\snapshots\intrusion_0043.jpg
2026-09-11,14:34:22,1,1,person,INTRUSION,CROSSED_RESTRICTED_ZONE,0.2698,162,239,c:\Users\sharm\CCTV-YOLO\IBVAP\backend\logs\snapshots\intrusion_0044.jpg
2026-09-11,14:34:22,1,1,person,INTRUSION,CROSSED_RESTRICTED_ZONE,0.8760,162,239,c:\Users\sharm\CCTV-YOLO\IBVAP\backend\logs\snapshots\intrusion_0045.jpg
2026-09-11,14:34:23,1,1,person,INTRUSION,CROSSED_RESTRICTED_ZONE,0.8560,162,239,c:\Users\sharm\CCTV-YOLO\IBVAP\backend\logs\snapshots\intrusion_0046.jpg
2026-09-11,14:34:24,1,1,person,INTRUSION,CROSSED_RESTRICTED_ZONE,0.7402,162,239,c:\Users\sharm\CCTV-YOLO\IBVAP\backend\logs\snapshots\intrusion_0047.jpg
2026-09-11,14:34:24,1,1,person,INTRUSION,CROSSED_RESTRICTED_ZONE,0.8696,163,238,c:\Users\sharm\CCTV-YOLO\IBVAP\backend\logs\snapshots\intrusion_0048.jpg
2026-09-11,14:34:25,1,1,person,INTRUSION,CROSSED_RESTRICTED_ZONE,0.8662,163,238,c:\Users\sharm\CCTV-YOLO\IBVAP\backend\logs\snapshots\intrusion_0049.jpg
2026-09-11,14:34:25,1,1,person,INTRUSION,CROSSED_RESTRICTED_ZONE,0.8438,163,238,c:\Users\sharm\CCTV-YOLO\IBVAP\backend\logs\snapshots\intrusion_0050.jpg
2026-09-11,14:34:26,1,1,person,INTRUSION,CROSSED_RESTRICTED_ZONE,0.8438,163,238,c:\Users\sharm\CCTV-YOLO\IBVAP\backend\logs\snapshots\intrusion_0051.jpg
2026-09-11,14:34:27,1,1,person,INTRUSION,CROSSED_RESTRICTED_ZONE,0.8438,163,238,c:\Users\sharm\CCTV-YOLO\IBVAP\backend\logs\snapshots\intrusion_0052.jpg
2026-09-11,14:34:27,1,1,person,INTRUSION,CROSSED_RESTRICTED_ZONE,0.8550,163,238,c:\Users\sharm\CCTV-YOLO\IBVAP\backend\logs\snapshots\intrusion_0053.jpg
2026-09-11,14:34:28,1,1,person,INTRUSION,CROSSED_RESTRICTED_ZONE,0.8560,163,237,c:\Users\sharm\CCTV-YOLO\IBVAP\backend\logs\snapshots\intrusion_0054.jpg
2026-09-11,14:34:28,1,1,person,SUSPICIOUS_ACTIVITY,ERRATIC MOVEMENT | RAPID MOVEMENT,1.0000,350,280,c:\Users\sharm\CCTV-YOLO\IBVAP\backend\logs\snapshots\suspicious_0004.jpg
2026-09-11,14:34:28,1,1,person,INTRUSION,CROSSED_RESTRICTED_ZONE,0.8682,163,237,c:\Users\sharm\CCTV-YOLO\IBVAP\backend\logs\snapshots\intrusion_0055.jpg
2026-09-11,14:34:29,1,1,person,INTRUSION,CROSSED_RESTRICTED_ZONE,0.8765,163,237,c:\Users\sharm\CCTV-YOLO\IBVAP\backend\logs\snapshots\intrusion_0056.jpg
2026-09-11,14:34:30,1,1,person,INTRUSION,CROSSED_RESTRICTED_ZONE,0.8882,163,237,c:\Users\sharm\CCTV-YOLO\IBVAP\backend\logs\snapshots\intrusion_0057.jpg
2026-09-11,14:44:07,4,1,person,SUSPICIOUS_ACTIVITY,RAPID MOVEMENT,0.8333,198,238,c:\Users\sharm\CCTV-YOLO\IBVAP\backend\logs\snapshots\suspicious_0001.jpg
2026-09-11,14:44:09,1,1,person,INTRUSION,CROSSED_RESTRICTED_ZONE,0.8115,162,239,c:\Users\sharm\CCTV-YOLO\IBVAP\backend\logs\snapshots\intrusion_0001.jpg
2026-09-11,14:44:09,1,1,person,INTRUSION,CROSSED_RESTRICTED_ZONE,0.8154,162,239,c:\Users\sharm\CCTV-YOLO\IBVAP\backend\logs\snapshots\intrusion_0002.jpg
2026-09-11,14:44:10,1,1,person,INTRUSION,CROSSED_RESTRICTED_ZONE,0.2712,162,239,c:\Users\sharm\CCTV-YOLO\IBVAP\backend\logs\snapshots\intrusion_0003.jpg
2026-09-11,14:44:10,1,1,person,INTRUSION,CROSSED_RESTRICTED_ZONE,0.8760,162,239,c:\Users\sharm\CCTV-YOLO\IBVAP\backend\logs\snapshots\intrusion_0004.jpg
2026-09-11,14:44:11,1,1,person,INTRUSION,CROSSED_RESTRICTED_ZONE,0.8550,162,239,c:\Users\sharm\CCTV-YOLO\IBVAP\backend\logs\snapshots\intrusion_0005.jpg
2026-09-11,14:44:12,1,1,person,INTRUSION,CROSSED_RESTRICTED_ZONE,0.7402,162,239,c:\Users\sharm\CCTV-YOLO\IBVAP\backend\logs\snapshots\intrusion_0006.jpg
2026-09-11,14:44:12,1,1,person,INTRUSION,CROSSED_RESTRICTED_ZONE,0.8696,163,238,c:\Users\sharm\CCTV-YOLO\IBVAP\backend\logs\snapshots\intrusion_0007.jpg
2026-09-11,14:44:13,1,1,person,INTRUSION,CROSSED_RESTRICTED_ZONE,0.8652,163,238,c:\Users\sharm\CCTV-YOLO\IBVAP\backend\logs\snapshots\intrusion_0008.jpg
2026-09-11,14:44:13,1,1,person,INTRUSION,CROSSED_RESTRICTED_ZONE,0.8438,163,238,c:\Users\sharm\CCTV-YOLO\IBVAP\backend\logs\snapshots\intrusion_0009.jpg
2026-09-11,14:44:14,1,1,person,INTRUSION,CROSSED_RESTRICTED_ZONE,0.8438,163,238,c:\Users\sharm\CCTV-YOLO\IBVAP\backend\logs\snapshots\intrusion_0010.jpg
2026-09-11,14:44:14,1,1,person,INTRUSION,CROSSED_RESTRICTED_ZONE,0.8438,163,238,c:\Users\sharm\CCTV-YOLO\IBVAP\backend\logs\snapshots\intrusion_0011.jpg
2026-09-11,14:44:15,1,1,person,INTRUSION,CROSSED_RESTRICTED_ZONE,0.8560,163,238,c:\Users\sharm\CCTV-YOLO\IBVAP\backend\logs\snapshots\intrusion_0012.jpg
2026-09-11,14:44:16,1,1,person,INTRUSION,CROSSED_RESTRICTED_ZONE,0.8560,163,237,c:\Users\sharm\CCTV-YOLO\IBVAP\backend\logs\snapshots\intrusion_0013.jpg
2026-09-11,14:44:16,1,1,person,INTRUSION,CROSSED_RESTRICTED_ZONE,0.8682,163,237,c:\Users\sharm\CCTV-YOLO\IBVAP\backend\logs\snapshots\intrusion_0014.jpg
2026-09-11,14:44:17,1,1,person,SUSPICIOUS_ACTIVITY,ERRATIC MOVEMENT | RAPID MOVEMENT,1.0000,352,279,c:\Users\sharm\CCTV-YOLO\IBVAP\backend\logs\snapshots\suspicious_0002.jpg
2026-09-11,14:44:17,1,1,person,INTRUSION,CROSSED_RESTRICTED_ZONE,0.8765,163,237,c:\Users\sharm\CCTV-YOLO\IBVAP\backend\logs\snapshots\intrusion_0015.jpg
2026-09-11,14:44:17,1,1,person,INTRUSION,CROSSED_RESTRICTED_ZONE,0.8882,163,237,c:\Users\sharm\CCTV-YOLO\IBVAP\backend\logs\snapshots\intrusion_0016.jpg
2026-09-11,14:44:18,1,1,person,INTRUSION,CROSSED_RESTRICTED_ZONE,0.8848,163,236,c:\Users\sharm\CCTV-YOLO\IBVAP\backend\logs\snapshots\intrusion_0017.jpg
2026-09-11,14:44:19,1,1,person,INTRUSION,CROSSED_RESTRICTED_ZONE,0.8862,163,236,c:\Users\sharm\CCTV-YOLO\IBVAP\backend\logs\snapshots\intrusion_0018.jpg
2026-09-11,14:44:19,1,1,person,INTRUSION,CROSSED_RESTRICTED_ZONE,0.8843,163,236,c:\Users\sharm\CCTV-YOLO\IBVAP\backend\logs\snapshots\intrusion_0019.jpg
2026-09-11,14:44:20,1,1,person,INTRUSION,CROSSED_RESTRICTED_ZONE,0.8823,163,236,c:\Users\sharm\CCTV-YOLO\IBVAP\backend\logs\snapshots\intrusion_0020.jpg
2026-09-11,14:44:20,1,1,person,INTRUSION,CROSSED_RESTRICTED_ZONE,0.8760,163,236,c:\Users\sharm\CCTV-YOLO\IBVAP\backend\logs\snapshots\intrusion_0021.jpg
2026-09-11,14:44:21,1,1,person,INTRUSION,CROSSED_RESTRICTED_ZONE,0.8560,163,235,c:\Users\sharm\CCTV-YOLO\IBVAP\backend\logs\snapshots\intrusion_0022.jpg
2026-09-11,14:44:22,1,1,person,INTRUSION,CROSSED_RESTRICTED_ZONE,0.8599,163,235,c:\Users\sharm\CCTV-YOLO\IBVAP\backend\logs\snapshots\intrusion_0023.jpg
2026-09-11,14:44:22,1,1,person,INTRUSION,CROSSED_RESTRICTED_ZONE,0.8579,163,235,c:\Users\sharm\CCTV-YOLO\IBVAP\backend\logs\snapshots\intrusion_0024.jpg
2026-09-11,14:44:23,1,1,person,INTRUSION,CROSSED_RESTRICTED_ZONE,0.8232,163,235,c:\Users\sharm\CCTV-YOLO\IBVAP\backend\logs\snapshots\intrusion_0025.jpg
2026-09-11,14:44:23,1,1,person,INTRUSION,CROSSED_RESTRICTED_ZONE,0.8706,163,235,c:\Users\sharm\CCTV-YOLO\IBVAP\backend\logs\snapshots\intrusion_0026.jpg
2026-09-11,14:44:24,1,1,person,INTRUSION,CROSSED_RESTRICTED_ZONE,0.8696,163,235,c:\Users\sharm\CCTV-YOLO\IBVAP\backend\logs\snapshots\intrusion_0027.jpg
2026-09-11,14:44:25,1,1,person,INTRUSION,CROSSED_RESTRICTED_ZONE,0.8843,163,235,c:\Users\sharm\CCTV-YOLO\IBVAP\backend\logs\snapshots\intrusion_0028.jpg
2026-09-11,14:44:25,1,1,person,INTRUSION,CROSSED_RESTRICTED_ZONE,0.8848,164,235,c:\Users\sharm\CCTV-YOLO\IBVAP\backend\logs\snapshots\intrusion_0029.jpg
2026-09-11,14:44:26,1,1,person,INTRUSION,CROSSED_RESTRICTED_ZONE,0.8872,164,234,c:\Users\sharm\CCTV-YOLO\IBVAP\backend\logs\snapshots\intrusion_0030.jpg
2026-09-11,14:44:26,1,1,person,INTRUSION,CROSSED_RESTRICTED_ZONE,0.8931,164,234,c:\Users\sharm\CCTV-YOLO\IBVAP\backend\logs\snapshots\intrusion_0031.jpg
2026-09-11,14:44:27,1,1,person,SUSPICIOUS_ACTIVITY,ERRATIC MOVEMENT | RAPID MOVEMENT,1.0000,378,277,c:\Users\sharm\CCTV-YOLO\IBVAP\backend\logs\snapshots\suspicious_0003.jpg
2026-09-11,14:44:27,1,1,person,INTRUSION,CROSSED_RESTRICTED_ZONE,0.8882,164,234,c:\Users\sharm\CCTV-YOLO\IBVAP\backend\logs\snapshots\intrusion_0032.jpg
2026-09-11,14:44:28,1,1,person,INTRUSION,CROSSED_RESTRICTED_ZONE,0.8882,164,233,c:\Users\sharm\CCTV-YOLO\IBVAP\backend\logs\snapshots\intrusion_0033.jpg
2026-09-11,14:44:28,1,1,person,INTRUSION,CROSSED_RESTRICTED_ZONE,0.5776,165,233,c:\Users\sharm\CCTV-YOLO\IBVAP\backend\logs\snapshots\intrusion_0034.jpg
2026-09-11,14:44:29,1,1,person,INTRUSION,CROSSED_RESTRICTED_ZONE,0.8823,165,233,c:\Users\sharm\CCTV-YOLO\IBVAP\backend\logs\snapshots\intrusion_0035.jpg
2026-09-11,14:44:29,1,1,person,INTRUSION,CROSSED_RESTRICTED_ZONE,0.8823,165,233,c:\Users\sharm\CCTV-YOLO\IBVAP\backend\logs\snapshots\intrusion_0036.jpg
2026-09-11,14:44:30,1,1,person,INTRUSION,CROSSED_RESTRICTED_ZONE,0.8818,165,233,c:\Users\sharm\CCTV-YOLO\IBVAP\backend\logs\snapshots\intrusion_0037.jpg
2026-09-11,14:44:31,1,1,person,INTRUSION,CROSSED_RESTRICTED_ZONE,0.8843,165,233,c:\Users\sharm\CCTV-YOLO\IBVAP\backend\logs\snapshots\intrusion_0038.jpg
2026-09-11,14:44:31,1,1,person,INTRUSION,CROSSED_RESTRICTED_ZONE,0.8882,165,233,c:\Users\sharm\CCTV-YOLO\IBVAP\backend\logs\snapshots\intrusion_0039.jpg
2026-09-11,14:44:32,1,1,person,INTRUSION,CROSSED_RESTRICTED_ZONE,0.8931,165,233,c:\Users\sharm\CCTV-YOLO\IBVAP\backend\logs\snapshots\intrusion_0040.jpg
2026-09-11,14:44:32,1,1,person,INTRUSION,CROSSED_RESTRICTED_ZONE,0.8931,165,233,c:\Users\sharm\CCTV-YOLO\IBVAP\backend\logs\snapshots\intrusion_0041.jpg
2026-09-11,14:44:33,1,1,person,INTRUSION,CROSSED_RESTRICTED_ZONE,0.8911,165,233,c:\Users\sharm\CCTV-YOLO\IBVAP\backend\logs\snapshots\intrusion_0042.jpg
2026-09-11,14:44:34,1,1,person,INTRUSION,CROSSED_RESTRICTED_ZONE,0.8975,166,233,c:\Users\sharm\CCTV-YOLO\IBVAP\backend\logs\snapshots\intrusion_0043.jpg
2026-09-11,14:59:19,4,1,person,SUSPICIOUS_ACTIVITY,RAPID MOVEMENT,0.8333,198,239,c:\Users\sharm\CCTV-YOLO\IBVAP\backend\logs\snapshots\suspicious_0001.jpg
2026-09-11,14:59:21,1,1,person,INTRUSION,CROSSED_RESTRICTED_ZONE,0.7402,162,239,c:\Users\sharm\CCTV-YOLO\IBVAP\backend\logs\snapshots\intrusion_0001.jpg
2026-09-11,14:59:21,1,1,person,INTRUSION,CROSSED_RESTRICTED_ZONE,0.8696,163,238,c:\Users\sharm\CCTV-YOLO\IBVAP\backend\logs\snapshots\intrusion_0002.jpg
2026-09-11,14:59:21,1,1,person,INTRUSION,CROSSED_RESTRICTED_ZONE,0.8652,163,238,c:\Users\sharm\CCTV-YOLO\IBVAP\backend\logs\snapshots\intrusion_0003.jpg
2026-09-11,14:59:21,1,1,person,INTRUSION,CROSSED_RESTRICTED_ZONE,0.8438,163,238,c:\Users\sharm\CCTV-YOLO\IBVAP\backend\logs\snapshots\intrusion_0004.jpg
2026-09-11,14:59:21,1,1,person,INTRUSION,CROSSED_RESTRICTED_ZONE,0.8438,163,238,c:\Users\sharm\CCTV-YOLO\IBVAP\backend\logs\snapshots\intrusion_0005.jpg
2026-09-11,14:59:22,1,1,person,INTRUSION,CROSSED_RESTRICTED_ZONE,0.8438,163,238,c:\Users\sharm\CCTV-YOLO\IBVAP\backend\logs\snapshots\intrusion_0006.jpg
2026-09-11,14:59:22,1,1,person,INTRUSION,CROSSED_RESTRICTED_ZONE,0.8550,163,238,c:\Users\sharm\CCTV-YOLO\IBVAP\backend\logs\snapshots\intrusion_0007.jpg
2026-09-11,14:59:22,1,1,person,INTRUSION,CROSSED_RESTRICTED_ZONE,0.8560,163,237,c:\Users\sharm\CCTV-YOLO\IBVAP\backend\logs\snapshots\intrusion_0008.jpg
2026-09-11,14:59:22,1,1,person,INTRUSION,CROSSED_RESTRICTED_ZONE,0.8682,163,237,c:\Users\sharm\CCTV-YOLO\IBVAP\backend\logs\snapshots\intrusion_0009.jpg
2026-09-11,14:59:22,1,1,person,INTRUSION,CROSSED_RESTRICTED_ZONE,0.8765,163,237,c:\Users\sharm\CCTV-YOLO\IBVAP\backend\logs\snapshots\intrusion_0010.jpg
2026-09-11,14:59:22,1,1,person,INTRUSION,CROSSED_RESTRICTED_ZONE,0.8882,163,237,c:\Users\sharm\CCTV-YOLO\IBVAP\backend\logs\snapshots\intrusion_0011.jpg
2026-09-11,14:59:22,1,1,person,INTRUSION,CROSSED_RESTRICTED_ZONE,0.8848,163,236,c:\Users\sharm\CCTV-YOLO\IBVAP\backend\logs\snapshots\intrusion_0012.jpg
2026-09-11,14:59:22,1,1,person,INTRUSION,CROSSED_RESTRICTED_ZONE,0.8862,163,236,c:\Users\sharm\CCTV-YOLO\IBVAP\backend\logs\snapshots\intrusion_0013.jpg
2026-09-11,14:59:22,1,1,person,INTRUSION,CROSSED_RESTRICTED_ZONE,0.8843,163,236,c:\Users\sharm\CCTV-YOLO\IBVAP\backend\logs\snapshots\intrusion_0014.jpg
2026-09-11,14:59:22,1,1,person,INTRUSION,CROSSED_RESTRICTED_ZONE,0.8823,163,236,c:\Users\sharm\CCTV-YOLO\IBVAP\backend\logs\snapshots\intrusion_0015.jpg
2026-09-11,14:59:22,1,1,person,INTRUSION,CROSSED_RESTRICTED_ZONE,0.8760,163,236,c:\Users\sharm\CCTV-YOLO\IBVAP\backend\logs\snapshots\intrusion_0016.jpg
2026-09-11,14:59:22,1,1,person,INTRUSION,CROSSED_RESTRICTED_ZONE,0.8560,163,235,c:\Users\sharm\CCTV-YOLO\IBVAP\backend\logs\snapshots\intrusion_0017.jpg
2026-09-11,14:59:22,1,1,person,INTRUSION,CROSSED_RESTRICTED_ZONE,0.8599,163,235,c:\Users\sharm\CCTV-YOLO\IBVAP\backend\logs\snapshots\intrusion_0018.jpg
2026-09-11,14:59:22,1,1,person,INTRUSION,CROSSED_RESTRICTED_ZONE,0.8579,163,235,c:\Users\sharm\CCTV-YOLO\IBVAP\backend\logs\snapshots\intrusion_0019.jpg
2026-09-11,14:59:22,1,1,person,INTRUSION,CROSSED_RESTRICTED_ZONE,0.8232,163,235,c:\Users\sharm\CCTV-YOLO\IBVAP\backend\logs\snapshots\intrusion_0020.jpg
2026-09-11,14:59:22,1,1,person,INTRUSION,CROSSED_RESTRICTED_ZONE,0.8706,163,235,c:\Users\sharm\CCTV-YOLO\IBVAP\backend\logs\snapshots\intrusion_0021.jpg
2026-09-11,14:59:22,1,1,person,INTRUSION,CROSSED_RESTRICTED_ZONE,0.8696,163,235,c:\Users\sharm\CCTV-YOLO\IBVAP\backend\logs\snapshots\intrusion_0022.jpg
2026-09-11,14:59:23,1,1,person,INTRUSION,CROSSED_RESTRICTED_ZONE,0.8843,163,235,c:\Users\sharm\CCTV-YOLO\IBVAP\backend\logs\snapshots\intrusion_0023.jpg
2026-09-11,14:59:23,1,1,person,INTRUSION,CROSSED_RESTRICTED_ZONE,0.8848,164,235,c:\Users\sharm\CCTV-YOLO\IBVAP\backend\logs\snapshots\intrusion_0024.jpg
2026-09-11,14:59:23,1,1,person,INTRUSION,CROSSED_RESTRICTED_ZONE,0.8872,164,234,c:\Users\sharm\CCTV-YOLO\IBVAP\backend\logs\snapshots\intrusion_0025.jpg
2026-09-11,14:59:23,1,1,person,INTRUSION,CROSSED_RESTRICTED_ZONE,0.8931,164,234,c:\Users\sharm\CCTV-YOLO\IBVAP\backend\logs\snapshots\intrusion_0026.jpg
2026-09-11,14:59:23,1,1,person,INTRUSION,CROSSED_RESTRICTED_ZONE,0.8882,164,234,c:\Users\sharm\CCTV-YOLO\IBVAP\backend\logs\snapshots\intrusion_0027.jpg
2026-09-11,14:59:23,1,1,person,INTRUSION,CROSSED_RESTRICTED_ZONE,0.8882,164,233,c:\Users\sharm\CCTV-YOLO\IBVAP\backend\logs\snapshots\intrusion_0028.jpg
2026-09-11,14:59:23,1,1,person,INTRUSION,CROSSED_RESTRICTED_ZONE,0.6841,165,233,c:\Users\sharm\CCTV-YOLO\IBVAP\backend\logs\snapshots\intrusion_0029.jpg
2026-09-11,14:59:23,1,1,person,INTRUSION,CROSSED_RESTRICTED_ZONE,0.8823,165,233,c:\Users\sharm\CCTV-YOLO\IBVAP\backend\logs\snapshots\intrusion_0030.jpg
2026-09-11,14:59:23,1,1,person,INTRUSION,CROSSED_RESTRICTED_ZONE,0.8823,165,233,c:\Users\sharm\CCTV-YOLO\IBVAP\backend\logs\snapshots\intrusion_0031.jpg
2026-09-11,14:59:23,1,1,person,INTRUSION,CROSSED_RESTRICTED_ZONE,0.8818,165,233,c:\Users\sharm\CCTV-YOLO\IBVAP\backend\logs\snapshots\intrusion_0032.jpg
2026-09-11,14:59:23,1,1,person,INTRUSION,CROSSED_RESTRICTED_ZONE,0.8843,165,233,c:\Users\sharm\CCTV-YOLO\IBVAP\backend\logs\snapshots\intrusion_0033.jpg
2026-09-11,14:59:23,1,1,person,INTRUSION,CROSSED_RESTRICTED_ZONE,0.8882,165,233,c:\Users\sharm\CCTV-YOLO\IBVAP\backend\logs\snapshots\intrusion_0034.jpg
2026-09-11,14:59:23,1,1,person,INTRUSION,CROSSED_RESTRICTED_ZONE,0.8931,165,233,c:\Users\sharm\CCTV-YOLO\IBVAP\backend\logs\snapshots\intrusion_0035.jpg
2026-09-11,14:59:23,1,1,person,INTRUSION,CROSSED_RESTRICTED_ZONE,0.8931,165,233,c:\Users\sharm\CCTV-YOLO\IBVAP\backend\logs\snapshots\intrusion_0036.jpg
2026-09-11,14:59:23,1,1,person,INTRUSION,CROSSED_RESTRICTED_ZONE,0.8911,165,233,c:\Users\sharm\CCTV-YOLO\IBVAP\backend\logs\snapshots\intrusion_0037.jpg
2026-09-11,14:59:24,1,1,person,INTRUSION,CROSSED_RESTRICTED_ZONE,0.8975,166,233,c:\Users\sharm\CCTV-YOLO\IBVAP\backend\logs\snapshots\intrusion_0038.jpg
2026-09-11,14:59:24,1,1,person,INTRUSION,CROSSED_RESTRICTED_ZONE,0.8911,166,233,c:\Users\sharm\CCTV-YOLO\IBVAP\backend\logs\snapshots\intrusion_0039.jpg
2026-09-11,14:59:24,1,1,person,INTRUSION,CROSSED_RESTRICTED_ZONE,0.8784,165,233,c:\Users\sharm\CCTV-YOLO\IBVAP\backend\logs\snapshots\intrusion_0040.jpg
2026-09-11,14:59:24,1,1,person,INTRUSION,CROSSED_RESTRICTED_ZONE,0.7549,165,232,c:\Users\sharm\CCTV-YOLO\IBVAP\backend\logs\snapshots\intrusion_0041.jpg
2026-09-11,14:59:24,1,1,person,INTRUSION,CROSSED_RESTRICTED_ZONE,0.7969,165,233,c:\Users\sharm\CCTV-YOLO\IBVAP\backend\logs\snapshots\intrusion_0042.jpg
2026-09-11,14:59:24,1,1,person,INTRUSION,CROSSED_RESTRICTED_ZONE,0.8457,165,233,c:\Users\sharm\CCTV-YOLO\IBVAP\backend\logs\snapshots\intrusion_0043.jpg
2026-09-11,14:59:24,1,1,person,INTRUSION,CROSSED_RESTRICTED_ZONE,0.8418,165,232,c:\Users\sharm\CCTV-YOLO\IBVAP\backend\logs\snapshots\intrusion_0044.jpg
2026-09-11,14:59:24,1,1,person,INTRUSION,CROSSED_RESTRICTED_ZONE,0.8491,165,232,c:\Users\sharm\CCTV-YOLO\IBVAP\backend\logs\snapshots\intrusion_0045.jpg
2026-09-11,14:59:24,1,1,person,INTRUSION,CROSSED_RESTRICTED_ZONE,0.8501,165,232,c:\Users\sharm\CCTV-YOLO\IBVAP\backend\logs\snapshots\intrusion_0046.jpg
2026-09-11,14:59:24,1,1,person,INTRUSION,CROSSED_RESTRICTED_ZONE,0.8428,165,232,c:\Users\sharm\CCTV-YOLO\IBVAP\backend\logs\snapshots\intrusion_0047.jpg
2026-09-11,14:59:24,1,1,person,INTRUSION,CROSSED_RESTRICTED_ZONE,0.8389,166,232,c:\Users\sharm\CCTV-YOLO\IBVAP\backend\logs\snapshots\intrusion_0048.jpg
2026-09-11,14:59:24,1,1,person,INTRUSION,CROSSED_RESTRICTED_ZONE,0.8687,165,232,c:\Users\sharm\CCTV-YOLO\IBVAP\backend\logs\snapshots\intrusion_0049.jpg
2026-09-11,14:59:24,1,1,person,INTRUSION,CROSSED_RESTRICTED_ZONE,0.8799,166,232,c:\Users\sharm\CCTV-YOLO\IBVAP\backend\logs\snapshots\intrusion_0050.jpg
2026-09-11,14:59:24,1,1,person,INTRUSION,CROSSED_RESTRICTED_ZONE,0.8765,166,232,c:\Users\sharm\CCTV-YOLO\IBVAP\backend\logs\snapshots\intrusion_0051.jpg
2026-09-11,14:59:24,1,1,person,INTRUSION,CROSSED_RESTRICTED_ZONE,0.8730,166,232,c:\Users\sharm\CCTV-YOLO\IBVAP\backend\logs\snapshots\intrusion_0052.jpg
2026-09-11,14:59:24,1,1,person,INTRUSION,CROSSED_RESTRICTED_ZONE,0.6514,166,232,c:\Users\sharm\CCTV-YOLO\IBVAP\backend\logs\snapshots\intrusion_0053.jpg
2026-09-11,14:59:24,1,1,person,INTRUSION,CROSSED_RESTRICTED_ZONE,0.5312,166,232,c:\Users\sharm\CCTV-YOLO\IBVAP\backend\logs\snapshots\intrusion_0054.jpg
2026-09-11,14:59:29,68,4,person,SUSPICIOUS_ACTIVITY,RAPID MOVEMENT,0.4167,174,226,c:\Users\sharm\CCTV-YOLO\IBVAP\backend\logs\snapshots\suspicious_0002.jpg
2026-09-11,14:59:29,1,1,person,SUSPICIOUS_ACTIVITY,ERRATIC MOVEMENT | RAPID MOVEMENT,1.0000,231,333,c:\Users\sharm\CCTV-YOLO\IBVAP\backend\logs\snapshots\suspicious_0003.jpg
2026-09-11,14:59:30,1,1,person,INTRUSION,CROSSED_RESTRICTED_ZONE,0.8818,196,238,c:\Users\sharm\CCTV-YOLO\IBVAP\backend\logs\snapshots\intrusion_0055.jpg
2026-09-11,14:59:30,1,1,person,INTRUSION,CROSSED_RESTRICTED_ZONE,0.8579,196,238,c:\Users\sharm\CCTV-YOLO\IBVAP\backend\logs\snapshots\intrusion_0056.jpg
2026-09-11,14:59:30,1,1,person,INTRUSION,CROSSED_RESTRICTED_ZONE,0.7881,196,238,c:\Users\sharm\CCTV-YOLO\IBVAP\backend\logs\snapshots\intrusion_0057.jpg
2026-09-11,14:59:30,1,1,person,INTRUSION,CROSSED_RESTRICTED_ZONE,0.8374,196,238,c:\Users\sharm\CCTV-YOLO\IBVAP\backend\logs\snapshots\intrusion_0058.jpg
2026-09-11,14:59:30,1,1,person,INTRUSION,CROSSED_RESTRICTED_ZONE,0.8447,196,238,c:\Users\sharm\CCTV-YOLO\IBVAP\backend\logs\snapshots\intrusion_0059.jpg
2026-09-11,14:59:30,1,1,person,INTRUSION,CROSSED_RESTRICTED_ZONE,0.8521,196,238,c:\Users\sharm\CCTV-YOLO\IBVAP\backend\logs\snapshots\intrusion_0060.jpg
2026-09-11,14:59:30,1,1,person,INTRUSION,CROSSED_RESTRICTED_ZONE,0.8896,196,238,c:\Users\sharm\CCTV-YOLO\IBVAP\backend\logs\snapshots\intrusion_0061.jpg
2026-09-11,14:59:31,1,1,person,INTRUSION,CROSSED_RESTRICTED_ZONE,0.8862,196,238,c:\Users\sharm\CCTV-YOLO\IBVAP\backend\logs\snapshots\intrusion_0062.jpg
2026-09-11,14:59:31,1,1,person,INTRUSION,CROSSED_RESTRICTED_ZONE,0.8774,195,238,c:\Users\sharm\CCTV-YOLO\IBVAP\backend\logs\snapshots\intrusion_0063.jpg
2026-09-11,14:59:31,1,1,person,INTRUSION,CROSSED_RESTRICTED_ZONE,0.8633,195,238,c:\Users\sharm\CCTV-YOLO\IBVAP\backend\logs\snapshots\intrusion_0064.jpg
2026-09-11,14:59:31,1,1,person,INTRUSION,CROSSED_RESTRICTED_ZONE,0.8457,194,238,c:\Users\sharm\CCTV-YOLO\IBVAP\backend\logs\snapshots\intrusion_0065.jpg
2026-09-11,14:59:31,1,1,person,INTRUSION,CROSSED_RESTRICTED_ZONE,0.8579,194,239,c:\Users\sharm\CCTV-YOLO\IBVAP\backend\logs\snapshots\intrusion_0066.jpg
2026-09-11,14:59:31,1,1,person,INTRUSION,CROSSED_RESTRICTED_ZONE,0.8521,194,239,c:\Users\sharm\CCTV-YOLO\IBVAP\backend\logs\snapshots\intrusion_0067.jpg
2026-09-11,14:59:31,1,1,person,INTRUSION,CROSSED_RESTRICTED_ZONE,0.8345,194,239,c:\Users\sharm\CCTV-YOLO\IBVAP\backend\logs\snapshots\intrusion_0068.jpg
2026-09-11,14:59:31,1,1,person,INTRUSION,CROSSED_RESTRICTED_ZONE,0.8008,194,238,c:\Users\sharm\CCTV-YOLO\IBVAP\backend\logs\snapshots\intrusion_0069.jpg
2026-09-11,14:59:31,1,1,person,INTRUSION,CROSSED_RESTRICTED_ZONE,0.7007,194,238,c:\Users\sharm\CCTV-YOLO\IBVAP\backend\logs\snapshots\intrusion_0070.jpg
2026-09-11,14:59:31,1,1,person,INTRUSION,CROSSED_RESTRICTED_ZONE,0.1192,194,238,c:\Users\sharm\CCTV-YOLO\IBVAP\backend\logs\snapshots\intrusion_0071.jpg
2026-09-11,14:59:33,93,6,person,INTRUSION,CROSSED_RESTRICTED_ZONE,0.3311,368,303,c:\Users\sharm\CCTV-YOLO\IBVAP\backend\logs\snapshots\intrusion_0072.jpg
2026-09-11,14:59:33,93,6,person,INTRUSION,CROSSED_RESTRICTED_ZONE,0.3523,369,300,c:\Users\sharm\CCTV-YOLO\IBVAP\backend\logs\snapshots\intrusion_0073.jpg
2026-09-11,14:59:33,100,6,person,SUSPICIOUS_ACTIVITY,RAPID MOVEMENT,0.4167,368,297,c:\Users\sharm\CCTV-YOLO\IBVAP\backend\logs\snapshots\suspicious_0004.jpg
2026-09-11,14:59:33,93,6,person,INTRUSION,CROSSED_RESTRICTED_ZONE,0.2974,368,297,c:\Users\sharm\CCTV-YOLO\IBVAP\backend\logs\snapshots\intrusion_0074.jpg
2026-09-11,14:59:33,93,6,person,INTRUSION,CROSSED_RESTRICTED_ZONE,0.3201,369,293,c:\Users\sharm\CCTV-YOLO\IBVAP\backend\logs\snapshots\intrusion_0075.jpg
2026-09-11,14:59:33,93,6,person,INTRUSION,CROSSED_RESTRICTED_ZONE,0.3040,368,289,c:\Users\sharm\CCTV-YOLO\IBVAP\backend\logs\snapshots\intrusion_0076.jpg
2026-09-11,14:59:33,93,6,person,INTRUSION,CROSSED_RESTRICTED_ZONE,0.2546,367,285,c:\Users\sharm\CCTV-YOLO\IBVAP\backend\logs\snapshots\intrusion_0077.jpg
2026-09-11,14:59:33,93,6,person,INTRUSION,CROSSED_RESTRICTED_ZONE,0.2510,368,282,c:\Users\sharm\CCTV-YOLO\IBVAP\backend\logs\snapshots\intrusion_0078.jpg
2026-09-11,14:59:33,93,6,person,INTRUSION,CROSSED_RESTRICTED_ZONE,0.2583,368,280,c:\Users\sharm\CCTV-YOLO\IBVAP\backend\logs\snapshots\intrusion_0079.jpg
2026-09-11,14:59:33,93,6,person,INTRUSION,CROSSED_RESTRICTED_ZONE,0.2554,369,279,c:\Users\sharm\CCTV-YOLO\IBVAP\backend\logs\snapshots\intrusion_0080.jpg
2026-09-11,14:59:34,93,6,person,INTRUSION,CROSSED_RESTRICTED_ZONE,0.2429,370,277,c:\Users\sharm\CCTV-YOLO\IBVAP\backend\logs\snapshots\intrusion_0081.jpg
2026-09-11,14:59:34,93,6,person,INTRUSION,CROSSED_RESTRICTED_ZONE,0.2274,370,277,c:\Users\sharm\CCTV-YOLO\IBVAP\backend\logs\snapshots\intrusion_0082.jpg
2026-09-11,14:59:34,93,6,person,INTRUSION,CROSSED_RESTRICTED_ZONE,0.2451,371,277,c:\Users\sharm\CCTV-YOLO\IBVAP\backend\logs\snapshots\intrusion_0083.jpg
2026-09-11,14:59:34,93,6,person,INTRUSION,CROSSED_RESTRICTED_ZONE,0.2173,371,278,c:\Users\sharm\CCTV-YOLO\IBVAP\backend\logs\snapshots\intrusion_0084.jpg
2026-09-11,14:59:34,93,6,person,INTRUSION,CROSSED_RESTRICTED_ZONE,0.2069,372,277,c:\Users\sharm\CCTV-YOLO\IBVAP\backend\logs\snapshots\intrusion_0085.jpg
2026-09-11,14:59:34,93,6,person,INTRUSION,CROSSED_RESTRICTED_ZONE,0.2089,371,277,c:\Users\sharm\CCTV-YOLO\IBVAP\backend\logs\snapshots\intrusion_0086.jpg
2026-09-11,14:59:34,93,6,person,INTRUSION,CROSSED_RESTRICTED_ZONE,0.2220,371,277,c:\Users\sharm\CCTV-YOLO\IBVAP\backend\logs\snapshots\intrusion_0087.jpg
2026-09-11,14:59:34,93,6,person,INTRUSION,CROSSED_RESTRICTED_ZONE,0.2161,370,277,c:\Users\sharm\CCTV-YOLO\IBVAP\backend\logs\snapshots\intrusion_0088.jpg
2026-09-11,14:59:34,93,6,person,INTRUSION,CROSSED_RESTRICTED_ZONE,0.2024,370,278,c:\Users\sharm\CCTV-YOLO\IBVAP\backend\logs\snapshots\intrusion_0089.jpg
2026-09-11,14:59:34,93,6,person,INTRUSION,CROSSED_RESTRICTED_ZONE,0.2161,369,278,c:\Users\sharm\CCTV-YOLO\IBVAP\backend\logs\snapshots\intrusion_0090.jpg
2026-09-11,14:59:34,93,6,person,INTRUSION,CROSSED_RESTRICTED_ZONE,0.2108,368,279,c:\Users\sharm\CCTV-YOLO\IBVAP\backend\logs\snapshots\intrusion_0091.jpg
2026-09-11,14:59:34,93,6,person,INTRUSION,CROSSED_RESTRICTED_ZONE,0.1859,369,279,c:\Users\sharm\CCTV-YOLO\IBVAP\backend\logs\snapshots\intrusion_0092.jpg
2026-09-11,14:59:34,93,6,person,INTRUSION,CROSSED_RESTRICTED_ZONE,0.1650,368,278,c:\Users\sharm\CCTV-YOLO\IBVAP\backend\logs\snapshots\intrusion_0093.jpg
2026-09-11,14:59:34,93,6,person,INTRUSION,CROSSED_RESTRICTED_ZONE,0.1666,366,277,c:\Users\sharm\CCTV-YOLO\IBVAP\backend\logs\snapshots\intrusion_0094.jpg
2026-09-11,14:59:34,93,6,person,INTRUSION,CROSSED_RESTRICTED_ZONE,0.1339,363,278,c:\Users\sharm\CCTV-YOLO\IBVAP\backend\logs\snapshots\intrusion_0095.jpg
2026-09-11,14:59:34,93,6,person,INTRUSION,CROSSED_RESTRICTED_ZONE,0.1316,360,278,c:\Users\sharm\CCTV-YOLO\IBVAP\backend\logs\snapshots\intrusion_0096.jpg
2026-09-11,14:59:35,93,6,person,INTRUSION,CROSSED_RESTRICTED_ZONE,0.1172,357,281,c:\Users\sharm\CCTV-YOLO\IBVAP\backend\logs\snapshots\intrusion_0097.jpg
2026-09-11,14:59:35,93,6,person,INTRUSION,CROSSED_RESTRICTED_ZONE,0.1409,353,282,c:\Users\sharm\CCTV-YOLO\IBVAP\backend\logs\snapshots\intrusion_0098.jpg
2026-09-11,14:59:35,93,6,person,INTRUSION,CROSSED_RESTRICTED_ZONE,0.1442,351,283,c:\Users\sharm\CCTV-YOLO\IBVAP\backend\logs\snapshots\intrusion_0099.jpg
2026-09-11,14:59:39,108,4,person,SUSPICIOUS_ACTIVITY,ERRATIC MOVEMENT | LOITERING | RAPID MOVEMENT,1.0000,185,234,c:\Users\sharm\CCTV-YOLO\IBVAP\backend\logs\snapshots\suspicious_0005.jpg
2026-09-11,14:59:42,173,1,person,SUSPICIOUS_ACTIVITY,ERRATIC MOVEMENT | RAPID MOVEMENT,1.0000,268,238,c:\Users\sharm\CCTV-YOLO\IBVAP\backend\logs\snapshots\suspicious_0006.jpg
2026-09-11,14:59:43,100,6,person,SUSPICIOUS_ACTIVITY,ERRATIC MOVEMENT,1.0000,192,407,c:\Users\sharm\CCTV-YOLO\IBVAP\backend\logs\snapshots\suspicious_0007.jpg
2026-09-11,14:59:44,210,9,person,SUSPICIOUS_ACTIVITY,RAPID MOVEMENT,0.5556,697,198,c:\Users\sharm\CCTV-YOLO\IBVAP\backend\logs\snapshots\suspicious_0008.jpg
2026-09-11,14:59:49,225,4,person,SUSPICIOUS_ACTIVITY,ERRATIC MOVEMENT | LOITERING,1.0000,200,244,c:\Users\sharm\CCTV-YOLO\IBVAP\backend\logs\snapshots\suspicious_0009.jpg
2026-09-11,14:59:49,169,8,person,SUSPICIOUS_ACTIVITY,LOITERING,0.4167,14,385,c:\Users\sharm\CCTV-YOLO\IBVAP\backend\logs\snapshots\suspicious_0010.jpg
2026-09-11,15:18:36,4,1,person,SUSPICIOUS_ACTIVITY,RAPID MOVEMENT,0.8333,198,238,c:\Users\sharm\CCTV-YOLO\IBVAP\backend\logs\snapshots\suspicious_0001.jpg
2026-09-11,15:18:37,1,1,person,INTRUSION,CROSSED_RESTRICTED_ZONE,0.8130,162,239,c:\Users\sharm\CCTV-YOLO\IBVAP\backend\logs\snapshots\intrusion_0001.jpg
2026-09-11,15:18:37,1,1,person,INTRUSION,CROSSED_RESTRICTED_ZONE,0.8154,162,239,c:\Users\sharm\CCTV-YOLO\IBVAP\backend\logs\snapshots\intrusion_0002.jpg
2026-09-11,15:18:38,1,1,person,INTRUSION,CROSSED_RESTRICTED_ZONE,0.2705,162,239,c:\Users\sharm\CCTV-YOLO\IBVAP\backend\logs\snapshots\intrusion_0003.jpg
2026-09-11,15:18:38,1,1,person,INTRUSION,CROSSED_RESTRICTED_ZONE,0.8760,162,239,c:\Users\sharm\CCTV-YOLO\IBVAP\backend\logs\snapshots\intrusion_0004.jpg
2026-09-11,15:18:38,1,1,person,INTRUSION,CROSSED_RESTRICTED_ZONE,0.8560,162,239,c:\Users\sharm\CCTV-YOLO\IBVAP\backend\logs\snapshots\intrusion_0005.jpg
2026-09-11,15:18:38,1,1,person,INTRUSION,CROSSED_RESTRICTED_ZONE,0.7402,162,239,c:\Users\sharm\CCTV-YOLO\IBVAP\backend\logs\snapshots\intrusion_0006.jpg
2026-09-11,15:18:38,1,1,person,INTRUSION,CROSSED_RESTRICTED_ZONE,0.8696,163,238,c:\Users\sharm\CCTV-YOLO\IBVAP\backend\logs\snapshots\intrusion_0007.jpg
2026-09-11,15:18:38,1,1,person,INTRUSION,CROSSED_RESTRICTED_ZONE,0.8652,163,238,c:\Users\sharm\CCTV-YOLO\IBVAP\backend\logs\snapshots\intrusion_0008.jpg
2026-09-11,15:18:38,1,1,person,INTRUSION,CROSSED_RESTRICTED_ZONE,0.8447,163,238,c:\Users\sharm\CCTV-YOLO\IBVAP\backend\logs\snapshots\intrusion_0009.jpg
2026-09-11,15:18:38,1,1,person,INTRUSION,CROSSED_RESTRICTED_ZONE,0.8438,163,238,c:\Users\sharm\CCTV-YOLO\IBVAP\backend\logs\snapshots\intrusion_0010.jpg
2026-09-11,15:18:38,1,1,person,INTRUSION,CROSSED_RESTRICTED_ZONE,0.8438,163,238,c:\Users\sharm\CCTV-YOLO\IBVAP\backend\logs\snapshots\intrusion_0011.jpg
2026-09-11,15:18:38,1,1,person,INTRUSION,CROSSED_RESTRICTED_ZONE,0.8550,163,238,c:\Users\sharm\CCTV-YOLO\IBVAP\backend\logs\snapshots\intrusion_0012.jpg
2026-09-11,15:18:38,1,1,person,INTRUSION,CROSSED_RESTRICTED_ZONE,0.8560,163,237,c:\Users\sharm\CCTV-YOLO\IBVAP\backend\logs\snapshots\intrusion_0013.jpg
2026-09-11,15:18:38,1,1,person,INTRUSION,CROSSED_RESTRICTED_ZONE,0.8682,163,237,c:\Users\sharm\CCTV-YOLO\IBVAP\backend\logs\snapshots\intrusion_0014.jpg
2026-09-11,15:18:38,1,1,person,INTRUSION,CROSSED_RESTRICTED_ZONE,0.8765,163,237,c:\Users\sharm\CCTV-YOLO\IBVAP\backend\logs\snapshots\intrusion_0015.jpg
2026-09-11,15:18:38,1,1,person,INTRUSION,CROSSED_RESTRICTED_ZONE,0.8882,163,237,c:\Users\sharm\CCTV-YOLO\IBVAP\backend\logs\snapshots\intrusion_0016.jpg
2026-09-11,15:18:38,1,1,person,INTRUSION,CROSSED_RESTRICTED_ZONE,0.8848,163,236,c:\Users\sharm\CCTV-YOLO\IBVAP\backend\logs\snapshots\intrusion_0017.jpg
2026-09-11,15:18:38,1,1,person,INTRUSION,CROSSED_RESTRICTED_ZONE,0.8862,163,236,c:\Users\sharm\CCTV-YOLO\IBVAP\backend\logs\snapshots\intrusion_0018.jpg
2026-09-11,15:18:39,1,1,person,INTRUSION,CROSSED_RESTRICTED_ZONE,0.8843,163,236,c:\Users\sharm\CCTV-YOLO\IBVAP\backend\logs\snapshots\intrusion_0019.jpg
2026-09-11,15:18:39,1,1,person,INTRUSION,CROSSED_RESTRICTED_ZONE,0.8823,163,236,c:\Users\sharm\CCTV-YOLO\IBVAP\backend\logs\snapshots\intrusion_0020.jpg
2026-09-11,15:18:39,1,1,person,INTRUSION,CROSSED_RESTRICTED_ZONE,0.8760,163,236,c:\Users\sharm\CCTV-YOLO\IBVAP\backend\logs\snapshots\intrusion_0021.jpg
2026-09-11,15:18:39,1,1,person,INTRUSION,CROSSED_RESTRICTED_ZONE,0.8560,163,235,c:\Users\sharm\CCTV-YOLO\IBVAP\backend\logs\snapshots\intrusion_0022.jpg
2026-09-11,15:18:39,1,1,person,INTRUSION,CROSSED_RESTRICTED_ZONE,0.8599,163,235,c:\Users\sharm\CCTV-YOLO\IBVAP\backend\logs\snapshots\intrusion_0023.jpg
2026-09-11,15:18:39,1,1,person,INTRUSION,CROSSED_RESTRICTED_ZONE,0.8579,163,235,c:\Users\sharm\CCTV-YOLO\IBVAP\backend\logs\snapshots\intrusion_0024.jpg
2026-09-11,15:18:39,1,1,person,INTRUSION,CROSSED_RESTRICTED_ZONE,0.8232,163,235,c:\Users\sharm\CCTV-YOLO\IBVAP\backend\logs\snapshots\intrusion_0025.jpg
2026-09-11,15:18:39,1,1,person,INTRUSION,CROSSED_RESTRICTED_ZONE,0.8706,163,235,c:\Users\sharm\CCTV-YOLO\IBVAP\backend\logs\snapshots\intrusion_0026.jpg
2026-09-11,15:18:39,1,1,person,INTRUSION,CROSSED_RESTRICTED_ZONE,0.8696,163,235,c:\Users\sharm\CCTV-YOLO\IBVAP\backend\logs\snapshots\intrusion_0027.jpg
2026-09-11,15:18:39,1,1,person,INTRUSION,CROSSED_RESTRICTED_ZONE,0.8843,163,235,c:\Users\sharm\CCTV-YOLO\IBVAP\backend\logs\snapshots\intrusion_0028.jpg
2026-09-11,15:18:39,1,1,person,INTRUSION,CROSSED_RESTRICTED_ZONE,0.8843,164,235,c:\Users\sharm\CCTV-YOLO\IBVAP\backend\logs\snapshots\intrusion_0029.jpg
2026-09-11,15:18:39,1,1,person,INTRUSION,CROSSED_RESTRICTED_ZONE,0.8872,164,234,c:\Users\sharm\CCTV-YOLO\IBVAP\backend\logs\snapshots\intrusion_0030.jpg
2026-09-11,15:18:39,1,1,person,INTRUSION,CROSSED_RESTRICTED_ZONE,0.8931,164,234,c:\Users\sharm\CCTV-YOLO\IBVAP\backend\logs\snapshots\intrusion_0031.jpg
2026-09-11,15:18:39,1,1,person,INTRUSION,CROSSED_RESTRICTED_ZONE,0.8882,164,234,c:\Users\sharm\CCTV-YOLO\IBVAP\backend\logs\snapshots\intrusion_0032.jpg
2026-09-11,15:18:39,1,1,person,INTRUSION,CROSSED_RESTRICTED_ZONE,0.8882,164,233,c:\Users\sharm\CCTV-YOLO\IBVAP\backend\logs\snapshots\intrusion_0033.jpg
2026-09-11,15:18:39,1,1,person,INTRUSION,CROSSED_RESTRICTED_ZONE,0.6094,165,233,c:\Users\sharm\CCTV-YOLO\IBVAP\backend\logs\snapshots\intrusion_0034.jpg
2026-09-11,15:18:40,1,1,person,INTRUSION,CROSSED_RESTRICTED_ZONE,0.8823,165,233,c:\Users\sharm\CCTV-YOLO\IBVAP\backend\logs\snapshots\intrusion_0035.jpg
2026-09-11,15:18:40,1,1,person,INTRUSION,CROSSED_RESTRICTED_ZONE,0.8823,165,233,c:\Users\sharm\CCTV-YOLO\IBVAP\backend\logs\snapshots\intrusion_0036.jpg
2026-09-11,15:18:40,1,1,person,INTRUSION,CROSSED_RESTRICTED_ZONE,0.8818,165,233,c:\Users\sharm\CCTV-YOLO\IBVAP\backend\logs\snapshots\intrusion_0037.jpg
2026-09-11,15:18:40,1,1,person,INTRUSION,CROSSED_RESTRICTED_ZONE,0.8843,165,233,c:\Users\sharm\CCTV-YOLO\IBVAP\backend\logs\snapshots\intrusion_0038.jpg
2026-09-11,15:18:40,1,1,person,INTRUSION,CROSSED_RESTRICTED_ZONE,0.8872,165,233,c:\Users\sharm\CCTV-YOLO\IBVAP\backend\logs\snapshots\intrusion_0039.jpg
2026-09-11,15:18:40,1,1,person,INTRUSION,CROSSED_RESTRICTED_ZONE,0.8931,165,233,c:\Users\sharm\CCTV-YOLO\IBVAP\backend\logs\snapshots\intrusion_0040.jpg
2026-09-11,15:18:40,1,1,person,INTRUSION,CROSSED_RESTRICTED_ZONE,0.8931,165,233,c:\Users\sharm\CCTV-YOLO\IBVAP\backend\logs\snapshots\intrusion_0041.jpg
2026-09-11,15:18:40,1,1,person,INTRUSION,CROSSED_RESTRICTED_ZONE,0.8911,165,233,c:\Users\sharm\CCTV-YOLO\IBVAP\backend\logs\snapshots\intrusion_0042.jpg
2026-09-11,15:18:40,1,1,person,INTRUSION,CROSSED_RESTRICTED_ZONE,0.8975,166,233,c:\Users\sharm\CCTV-YOLO\IBVAP\backend\logs\snapshots\intrusion_0043.jpg
2026-09-11,15:18:40,1,1,person,INTRUSION,CROSSED_RESTRICTED_ZONE,0.8911,166,233,c:\Users\sharm\CCTV-YOLO\IBVAP\backend\logs\snapshots\intrusion_0044.jpg
2026-09-11,15:18:40,1,1,person,INTRUSION,CROSSED_RESTRICTED_ZONE,0.8789,165,233,c:\Users\sharm\CCTV-YOLO\IBVAP\backend\logs\snapshots\intrusion_0045.jpg
2026-09-11,15:18:40,1,1,person,INTRUSION,CROSSED_RESTRICTED_ZONE,0.7534,165,232,c:\Users\sharm\CCTV-YOLO\IBVAP\backend\logs\snapshots\intrusion_0046.jpg
2026-09-11,15:18:40,1,1,person,INTRUSION,CROSSED_RESTRICTED_ZONE,0.7969,165,233,c:\Users\sharm\CCTV-YOLO\IBVAP\backend\logs\snapshots\intrusion_0047.jpg
2026-09-11,15:18:40,1,1,person,INTRUSION,CROSSED_RESTRICTED_ZONE,0.8472,165,233,c:\Users\sharm\CCTV-YOLO\IBVAP\backend\logs\snapshots\intrusion_0048.jpg
2026-09-11,15:18:40,1,1,person,INTRUSION,CROSSED_RESTRICTED_ZONE,0.8418,165,232,c:\Users\sharm\CCTV-YOLO\IBVAP\backend\logs\snapshots\intrusion_0049.jpg
2026-09-11,15:18:40,1,1,person,INTRUSION,CROSSED_RESTRICTED_ZONE,0.8491,165,232,c:\Users\sharm\CCTV-YOLO\IBVAP\backend\logs\snapshots\intrusion_0050.jpg
2026-09-11,15:18:41,1,1,person,INTRUSION,CROSSED_RESTRICTED_ZONE,0.8501,165,232,c:\Users\sharm\CCTV-YOLO\IBVAP\backend\logs\snapshots\intrusion_0051.jpg
2026-09-11,15:18:41,1,1,person,INTRUSION,CROSSED_RESTRICTED_ZONE,0.8428,165,232,c:\Users\sharm\CCTV-YOLO\IBVAP\backend\logs\snapshots\intrusion_0052.jpg
2026-09-11,15:18:41,1,1,person,INTRUSION,CROSSED_RESTRICTED_ZONE,0.8389,166,232,c:\Users\sharm\CCTV-YOLO\IBVAP\backend\logs\snapshots\intrusion_0053.jpg
2026-09-11,15:18:41,1,1,person,INTRUSION,CROSSED_RESTRICTED_ZONE,0.8682,166,232,c:\Users\sharm\CCTV-YOLO\IBVAP\backend\logs\snapshots\intrusion_0054.jpg
2026-09-11,15:18:41,1,1,person,INTRUSION,CROSSED_RESTRICTED_ZONE,0.8799,166,232,c:\Users\sharm\CCTV-YOLO\IBVAP\backend\logs\snapshots\intrusion_0055.jpg
2026-09-11,15:18:41,1,1,person,INTRUSION,CROSSED_RESTRICTED_ZONE,0.8765,166,232,c:\Users\sharm\CCTV-YOLO\IBVAP\backend\logs\snapshots\intrusion_0056.jpg
2026-09-11,15:18:41,1,1,person,INTRUSION,CROSSED_RESTRICTED_ZONE,0.8730,166,232,c:\Users\sharm\CCTV-YOLO\IBVAP\backend\logs\snapshots\intrusion_0057.jpg
2026-09-11,15:18:41,1,1,person,INTRUSION,CROSSED_RESTRICTED_ZONE,0.6514,166,232,c:\Users\sharm\CCTV-YOLO\IBVAP\backend\logs\snapshots\intrusion_0058.jpg
2026-09-11,15:18:41,1,1,person,INTRUSION,CROSSED_RESTRICTED_ZONE,0.5352,166,232,c:\Users\sharm\CCTV-YOLO\IBVAP\backend\logs\snapshots\intrusion_0059.jpg
2026-09-11,15:18:41,1,1,person,INTRUSION,CROSSED_RESTRICTED_ZONE,0.1919,166,232,c:\Users\sharm\CCTV-YOLO\IBVAP\backend\logs\snapshots\intrusion_0060.jpg
2026-09-11,15:18:41,1,1,person,INTRUSION,CROSSED_RESTRICTED_ZONE,0.8481,166,232,c:\Users\sharm\CCTV-YOLO\IBVAP\backend\logs\snapshots\intrusion_0061.jpg
2026-09-11,15:18:41,1,1,person,INTRUSION,CROSSED_RESTRICTED_ZONE,0.8740,166,231,c:\Users\sharm\CCTV-YOLO\IBVAP\backend\logs\snapshots\intrusion_0062.jpg
2026-09-11,15:18:41,1,1,person,INTRUSION,CROSSED_RESTRICTED_ZONE,0.7852,167,232,c:\Users\sharm\CCTV-YOLO\IBVAP\backend\logs\snapshots\intrusion_0063.jpg
2026-09-11,15:18:41,1,1,person,INTRUSION,CROSSED_RESTRICTED_ZONE,0.7905,167,232,c:\Users\sharm\CCTV-YOLO\IBVAP\backend\logs\snapshots\intrusion_0064.jpg
2026-09-11,15:18:41,1,1,person,INTRUSION,CROSSED_RESTRICTED_ZONE,0.5718,167,232,c:\Users\sharm\CCTV-YOLO\IBVAP\backend\logs\snapshots\intrusion_0065.jpg
2026-09-11,15:18:41,1,1,person,INTRUSION,CROSSED_RESTRICTED_ZONE,0.4321,167,232,c:\Users\sharm\CCTV-YOLO\IBVAP\backend\logs\snapshots\intrusion_0066.jpg
2026-09-11,15:18:42,1,1,person,INTRUSION,CROSSED_RESTRICTED_ZONE,0.7891,166,232,c:\Users\sharm\CCTV-YOLO\IBVAP\backend\logs\snapshots\intrusion_0067.jpg
2026-09-11,15:18:42,1,1,person,INTRUSION,CROSSED_RESTRICTED_ZONE,0.7476,166,232,c:\Users\sharm\CCTV-YOLO\IBVAP\backend\logs\snapshots\intrusion_0068.jpg
2026-09-11,15:18:42,1,1,person,INTRUSION,CROSSED_RESTRICTED_ZONE,0.8760,166,232,c:\Users\sharm\CCTV-YOLO\IBVAP\backend\logs\snapshots\intrusion_0069.jpg
2026-09-11,15:18:46,1,1,person,SUSPICIOUS_ACTIVITY,ERRATIC MOVEMENT | RAPID MOVEMENT,1.0000,200,332,c:\Users\sharm\CCTV-YOLO\IBVAP\backend\logs\snapshots\suspicious_0002.jpg
2026-09-11,15:18:46,67,4,person,SUSPICIOUS_ACTIVITY,RAPID MOVEMENT,0.4167,174,226,c:\Users\sharm\CCTV-YOLO\IBVAP\backend\logs\snapshots\suspicious_0003.jpg
2026-09-11,15:18:47,1,1,person,INTRUSION,CROSSED_RESTRICTED_ZONE,0.4141,195,240,c:\Users\sharm\CCTV-YOLO\IBVAP\backend\logs\snapshots\intrusion_0070.jpg
2026-09-11,15:18:47,1,1,person,INTRUSION,CROSSED_RESTRICTED_ZONE,0.8008,195,240,c:\Users\sharm\CCTV-YOLO\IBVAP\backend\logs\snapshots\intrusion_0071.jpg
2026-09-11,15:18:47,1,1,person,INTRUSION,CROSSED_RESTRICTED_ZONE,0.8569,196,239,c:\Users\sharm\CCTV-YOLO\IBVAP\backend\logs\snapshots\intrusion_0072.jpg
2026-09-11,15:18:47,1,1,person,INTRUSION,CROSSED_RESTRICTED_ZONE,0.8198,196,239,c:\Users\sharm\CCTV-YOLO\IBVAP\backend\logs\snapshots\intrusion_0073.jpg
2026-09-11,15:18:47,1,1,person,INTRUSION,CROSSED_RESTRICTED_ZONE,0.8008,195,239,c:\Users\sharm\CCTV-YOLO\IBVAP\backend\logs\snapshots\intrusion_0074.jpg
2026-09-11,15:18:47,1,1,person,INTRUSION,CROSSED_RESTRICTED_ZONE,0.8926,196,238,c:\Users\sharm\CCTV-YOLO\IBVAP\backend\logs\snapshots\intrusion_0075.jpg
2026-09-11,15:18:47,1,1,person,INTRUSION,CROSSED_RESTRICTED_ZONE,0.8818,196,238,c:\Users\sharm\CCTV-YOLO\IBVAP\backend\logs\snapshots\intrusion_0076.jpg
2026-09-11,15:18:47,1,1,person,INTRUSION,CROSSED_RESTRICTED_ZONE,0.8579,196,238,c:\Users\sharm\CCTV-YOLO\IBVAP\backend\logs\snapshots\intrusion_0077.jpg
2026-09-11,15:18:47,1,1,person,INTRUSION,CROSSED_RESTRICTED_ZONE,0.7881,196,238,c:\Users\sharm\CCTV-YOLO\IBVAP\backend\logs\snapshots\intrusion_0078.jpg
2026-09-11,15:18:47,1,1,person,INTRUSION,CROSSED_RESTRICTED_ZONE,0.8374,196,238,c:\Users\sharm\CCTV-YOLO\IBVAP\backend\logs\snapshots\intrusion_0079.jpg
2026-09-11,15:18:47,1,1,person,INTRUSION,CROSSED_RESTRICTED_ZONE,0.8447,196,238,c:\Users\sharm\CCTV-YOLO\IBVAP\backend\logs\snapshots\intrusion_0080.jpg
2026-09-11,15:18:47,1,1,person,INTRUSION,CROSSED_RESTRICTED_ZONE,0.8521,196,238,c:\Users\sharm\CCTV-YOLO\IBVAP\backend\logs\snapshots\intrusion_0081.jpg
2026-09-11,15:18:47,1,1,person,INTRUSION,CROSSED_RESTRICTED_ZONE,0.8896,196,238,c:\Users\sharm\CCTV-YOLO\IBVAP\backend\logs\snapshots\intrusion_0082.jpg
2026-09-11,15:18:47,1,1,person,INTRUSION,CROSSED_RESTRICTED_ZONE,0.8862,196,238,c:\Users\sharm\CCTV-YOLO\IBVAP\backend\logs\snapshots\intrusion_0083.jpg
2026-09-11,15:18:48,1,1,person,INTRUSION,CROSSED_RESTRICTED_ZONE,0.8774,195,238,c:\Users\sharm\CCTV-YOLO\IBVAP\backend\logs\snapshots\intrusion_0084.jpg
2026-09-11,15:18:48,1,1,person,INTRUSION,CROSSED_RESTRICTED_ZONE,0.8633,195,238,c:\Users\sharm\CCTV-YOLO\IBVAP\backend\logs\snapshots\intrusion_0085.jpg
2026-09-11,15:18:48,1,1,person,INTRUSION,CROSSED_RESTRICTED_ZONE,0.8457,194,238,c:\Users\sharm\CCTV-YOLO\IBVAP\backend\logs\snapshots\intrusion_0086.jpg
2026-09-11,15:18:48,1,1,person,INTRUSION,CROSSED_RESTRICTED_ZONE,0.8589,194,239,c:\Users\sharm\CCTV-YOLO\IBVAP\backend\logs\snapshots\intrusion_0087.jpg
2026-09-11,15:18:48,1,1,person,INTRUSION,CROSSED_RESTRICTED_ZONE,0.8521,194,239,c:\Users\sharm\CCTV-YOLO\IBVAP\backend\logs\snapshots\intrusion_0088.jpg
2026-09-11,15:18:48,1,1,person,INTRUSION,CROSSED_RESTRICTED_ZONE,0.8345,194,239,c:\Users\sharm\CCTV-YOLO\IBVAP\backend\logs\snapshots\intrusion_0089.jpg
2026-09-11,15:18:48,1,1,person,INTRUSION,CROSSED_RESTRICTED_ZONE,0.8018,194,238,c:\Users\sharm\CCTV-YOLO\IBVAP\backend\logs\snapshots\intrusion_0090.jpg
2026-09-11,15:18:48,1,1,person,INTRUSION,CROSSED_RESTRICTED_ZONE,0.7026,194,238,c:\Users\sharm\CCTV-YOLO\IBVAP\backend\logs\snapshots\intrusion_0091.jpg
2026-09-11,15:18:48,1,1,person,INTRUSION,CROSSED_RESTRICTED_ZONE,0.1192,194,238,c:\Users\sharm\CCTV-YOLO\IBVAP\backend\logs\snapshots\intrusion_0092.jpg
2026-09-11,15:18:50,91,6,person,INTRUSION,CROSSED_RESTRICTED_ZONE,0.3320,368,303,c:\Users\sharm\CCTV-YOLO\IBVAP\backend\logs\snapshots\intrusion_0093.jpg
2026-09-11,15:18:50,91,6,person,INTRUSION,CROSSED_RESTRICTED_ZONE,0.3513,369,300,c:\Users\sharm\CCTV-YOLO\IBVAP\backend\logs\snapshots\intrusion_0094.jpg
2026-09-11,15:18:50,101,6,person,SUSPICIOUS_ACTIVITY,RAPID MOVEMENT,0.4167,368,297,c:\Users\sharm\CCTV-YOLO\IBVAP\backend\logs\snapshots\suspicious_0004.jpg
2026-09-11,15:18:50,91,6,person,INTRUSION,CROSSED_RESTRICTED_ZONE,0.2974,368,297,c:\Users\sharm\CCTV-YOLO\IBVAP\backend\logs\snapshots\intrusion_0095.jpg
2026-09-11,15:18:50,91,6,person,INTRUSION,CROSSED_RESTRICTED_ZONE,0.3191,369,293,c:\Users\sharm\CCTV-YOLO\IBVAP\backend\logs\snapshots\intrusion_0096.jpg
2026-09-11,15:18:50,91,6,person,INTRUSION,CROSSED_RESTRICTED_ZONE,0.3032,368,289,c:\Users\sharm\CCTV-YOLO\IBVAP\backend\logs\snapshots\intrusion_0097.jpg
2026-09-11,15:18:50,91,6,person,INTRUSION,CROSSED_RESTRICTED_ZONE,0.2546,367,285,c:\Users\sharm\CCTV-YOLO\IBVAP\backend\logs\snapshots\intrusion_0098.jpg
2026-09-11,15:18:50,91,6,person,INTRUSION,CROSSED_RESTRICTED_ZONE,0.2502,368,282,c:\Users\sharm\CCTV-YOLO\IBVAP\backend\logs\snapshots\intrusion_0099.jpg
2026-09-11,15:18:50,91,6,person,INTRUSION,CROSSED_RESTRICTED_ZONE,0.2583,368,280,c:\Users\sharm\CCTV-YOLO\IBVAP\backend\logs\snapshots\intrusion_0100.jpg
2026-09-11,15:18:50,91,6,person,INTRUSION,CROSSED_RESTRICTED_ZONE,0.2568,369,279,c:\Users\sharm\CCTV-YOLO\IBVAP\backend\logs\snapshots\intrusion_0101.jpg
2026-09-11,15:18:50,91,6,person,INTRUSION,CROSSED_RESTRICTED_ZONE,0.2429,370,277,c:\Users\sharm\CCTV-YOLO\IBVAP\backend\logs\snapshots\intrusion_0102.jpg
2026-09-11,15:18:51,91,6,person,INTRUSION,CROSSED_RESTRICTED_ZONE,0.2274,370,277,c:\Users\sharm\CCTV-YOLO\IBVAP\backend\logs\snapshots\intrusion_0103.jpg
2026-09-11,15:18:51,91,6,person,INTRUSION,CROSSED_RESTRICTED_ZONE,0.2444,371,277,c:\Users\sharm\CCTV-YOLO\IBVAP\backend\logs\snapshots\intrusion_0104.jpg
2026-09-11,15:18:51,91,6,person,INTRUSION,CROSSED_RESTRICTED_ZONE,0.2153,371,278,c:\Users\sharm\CCTV-YOLO\IBVAP\backend\logs\snapshots\intrusion_0105.jpg
2026-09-11,15:18:51,91,6,person,INTRUSION,CROSSED_RESTRICTED_ZONE,0.2089,372,277,c:\Users\sharm\CCTV-YOLO\IBVAP\backend\logs\snapshots\intrusion_0106.jpg
2026-09-11,15:18:51,91,6,person,INTRUSION,CROSSED_RESTRICTED_ZONE,0.2095,371,277,c:\Users\sharm\CCTV-YOLO\IBVAP\backend\logs\snapshots\intrusion_0107.jpg
2026-09-11,15:18:51,91,6,person,INTRUSION,CROSSED_RESTRICTED_ZONE,0.2220,371,277,c:\Users\sharm\CCTV-YOLO\IBVAP\backend\logs\snapshots\intrusion_0108.jpg
2026-09-11,15:18:51,91,6,person,INTRUSION,CROSSED_RESTRICTED_ZONE,0.2167,370,277,c:\Users\sharm\CCTV-YOLO\IBVAP\backend\logs\snapshots\intrusion_0109.jpg
2026-09-11,15:18:51,91,6,person,INTRUSION,CROSSED_RESTRICTED_ZONE,0.2024,370,278,c:\Users\sharm\CCTV-YOLO\IBVAP\backend\logs\snapshots\intrusion_0110.jpg
2026-09-11,15:18:51,91,6,person,INTRUSION,CROSSED_RESTRICTED_ZONE,0.2153,369,278,c:\Users\sharm\CCTV-YOLO\IBVAP\backend\logs\snapshots\intrusion_0111.jpg
2026-09-11,15:18:51,91,6,person,INTRUSION,CROSSED_RESTRICTED_ZONE,0.2108,369,278,c:\Users\sharm\CCTV-YOLO\IBVAP\backend\logs\snapshots\intrusion_0112.jpg
2026-09-11,15:18:51,91,6,person,INTRUSION,CROSSED_RESTRICTED_ZONE,0.1853,369,278,c:\Users\sharm\CCTV-YOLO\IBVAP\backend\logs\snapshots\intrusion_0113.jpg
2026-09-11,15:18:51,91,6,person,INTRUSION,CROSSED_RESTRICTED_ZONE,0.1639,368,278,c:\Users\sharm\CCTV-YOLO\IBVAP\backend\logs\snapshots\intrusion_0114.jpg
2026-09-11,15:18:51,91,6,person,INTRUSION,CROSSED_RESTRICTED_ZONE,0.1661,366,277,c:\Users\sharm\CCTV-YOLO\IBVAP\backend\logs\snapshots\intrusion_0115.jpg
2026-09-11,15:18:51,91,6,person,INTRUSION,CROSSED_RESTRICTED_ZONE,0.1339,363,278,c:\Users\sharm\CCTV-YOLO\IBVAP\backend\logs\snapshots\intrusion_0116.jpg
2026-09-11,15:18:51,91,6,person,INTRUSION,CROSSED_RESTRICTED_ZONE,0.1312,360,278,c:\Users\sharm\CCTV-YOLO\IBVAP\backend\logs\snapshots\intrusion_0117.jpg
2026-09-11,15:18:52,91,6,person,INTRUSION,CROSSED_RESTRICTED_ZONE,0.1172,357,281,c:\Users\sharm\CCTV-YOLO\IBVAP\backend\logs\snapshots\intrusion_0118.jpg
2026-09-11,15:18:52,91,6,person,INTRUSION,CROSSED_RESTRICTED_ZONE,0.1417,353,282,c:\Users\sharm\CCTV-YOLO\IBVAP\backend\logs\snapshots\intrusion_0119.jpg
2026-09-11,15:18:52,91,6,person,INTRUSION,CROSSED_RESTRICTED_ZONE,0.1442,351,283,c:\Users\sharm\CCTV-YOLO\IBVAP\backend\logs\snapshots\intrusion_0120.jpg
2026-09-11,15:18:56,4,1,person,SUSPICIOUS_ACTIVITY,ERRATIC MOVEMENT,1.0000,221,240,c:\Users\sharm\CCTV-YOLO\IBVAP\backend\logs\snapshots\suspicious_0005.jpg
2026-09-11,15:18:56,109,4,person,SUSPICIOUS_ACTIVITY,ERRATIC MOVEMENT | LOITERING | RAPID MOVEMENT,1.0000,186,234,c:\Users\sharm\CCTV-YOLO\IBVAP\backend\logs\snapshots\suspicious_0006.jpg
2026-09-11,15:19:00,101,6,person,SUSPICIOUS_ACTIVITY,ERRATIC MOVEMENT,1.0000,192,407,c:\Users\sharm\CCTV-YOLO\IBVAP\backend\logs\snapshots\suspicious_0007.jpg
2026-09-11,15:19:01,207,9,person,SUSPICIOUS_ACTIVITY,RAPID MOVEMENT,0.5556,697,198,c:\Users\sharm\CCTV-YOLO\IBVAP\backend\logs\snapshots\suspicious_0008.jpg
2026-09-11,15:19:04,101,6,person,INTRUSION,CROSSED_RESTRICTED_ZONE,0.9131,248,336,c:\Users\sharm\CCTV-YOLO\IBVAP\backend\logs\snapshots\intrusion_0121.jpg
2026-09-11,15:19:06,230,1,person,SUSPICIOUS_ACTIVITY,ERRATIC MOVEMENT | RAPID MOVEMENT,1.0000,231,243,c:\Users\sharm\CCTV-YOLO\IBVAP\backend\logs\snapshots\suspicious_0009.jpg
2026-09-11,15:19:06,222,4,person,SUSPICIOUS_ACTIVITY,ERRATIC MOVEMENT | LOITERING,1.0000,203,242,c:\Users\sharm\CCTV-YOLO\IBVAP\backend\logs\snapshots\suspicious_0010.jpg
2026-09-11,15:19:06,167,8,person,SUSPICIOUS_ACTIVITY,LOITERING,0.4167,14,385,c:\Users\sharm\CCTV-YOLO\IBVAP\backend\logs\snapshots\suspicious_0011.jpg
2026-09-11,15:27:12,4,1,person,SUSPICIOUS_ACTIVITY,RAPID MOVEMENT,0.8333,198,238,c:\Users\sharm\CCTV-YOLO\IBVAP\backend\logs\snapshots\suspicious_0001.jpg
2026-09-11,15:27:13,1,1,person,INTRUSION,CROSSED_RESTRICTED_ZONE,0.9067,162,239,c:\Users\sharm\CCTV-YOLO\IBVAP\backend\logs\snapshots\intrusion_0001.jpg
2026-09-11,15:27:14,1,1,person,INTRUSION,CROSSED_RESTRICTED_ZONE,0.8130,162,239,c:\Users\sharm\CCTV-YOLO\IBVAP\backend\logs\snapshots\intrusion_0002.jpg
2026-09-11,15:27:14,1,1,person,INTRUSION,CROSSED_RESTRICTED_ZONE,0.8154,162,239,c:\Users\sharm\CCTV-YOLO\IBVAP\backend\logs\snapshots\intrusion_0003.jpg
2026-09-11,15:27:14,1,1,person,INTRUSION,CROSSED_RESTRICTED_ZONE,0.2720,162,239,c:\Users\sharm\CCTV-YOLO\IBVAP\backend\logs\snapshots\intrusion_0004.jpg
2026-09-11,15:27:14,1,1,person,INTRUSION,CROSSED_RESTRICTED_ZONE,0.8760,162,239,c:\Users\sharm\CCTV-YOLO\IBVAP\backend\logs\snapshots\intrusion_0005.jpg
2026-09-11,15:27:14,1,1,person,INTRUSION,CROSSED_RESTRICTED_ZONE,0.8550,162,239,c:\Users\sharm\CCTV-YOLO\IBVAP\backend\logs\snapshots\intrusion_0006.jpg
2026-09-11,15:27:14,1,1,person,INTRUSION,CROSSED_RESTRICTED_ZONE,0.7402,162,239,c:\Users\sharm\CCTV-YOLO\IBVAP\backend\logs\snapshots\intrusion_0007.jpg
2026-09-11,15:27:14,1,1,person,INTRUSION,CROSSED_RESTRICTED_ZONE,0.8696,163,238,c:\Users\sharm\CCTV-YOLO\IBVAP\backend\logs\snapshots\intrusion_0008.jpg
2026-09-11,15:27:14,1,1,person,INTRUSION,CROSSED_RESTRICTED_ZONE,0.8652,163,238,c:\Users\sharm\CCTV-YOLO\IBVAP\backend\logs\snapshots\intrusion_0009.jpg
2026-09-11,15:27:14,1,1,person,INTRUSION,CROSSED_RESTRICTED_ZONE,0.8438,163,238,c:\Users\sharm\CCTV-YOLO\IBVAP\backend\logs\snapshots\intrusion_0010.jpg
2026-09-11,15:27:14,1,1,person,INTRUSION,CROSSED_RESTRICTED_ZONE,0.8438,163,238,c:\Users\sharm\CCTV-YOLO\IBVAP\backend\logs\snapshots\intrusion_0011.jpg
2026-09-11,15:27:14,1,1,person,INTRUSION,CROSSED_RESTRICTED_ZONE,0.8428,163,238,c:\Users\sharm\CCTV-YOLO\IBVAP\backend\logs\snapshots\intrusion_0012.jpg
2026-09-11,15:27:14,1,1,person,INTRUSION,CROSSED_RESTRICTED_ZONE,0.8550,163,238,c:\Users\sharm\CCTV-YOLO\IBVAP\backend\logs\snapshots\intrusion_0013.jpg
2026-09-11,15:27:14,1,1,person,INTRUSION,CROSSED_RESTRICTED_ZONE,0.8560,163,237,c:\Users\sharm\CCTV-YOLO\IBVAP\backend\logs\snapshots\intrusion_0014.jpg
2026-09-11,15:27:14,1,1,person,INTRUSION,CROSSED_RESTRICTED_ZONE,0.8682,163,237,c:\Users\sharm\CCTV-YOLO\IBVAP\backend\logs\snapshots\intrusion_0015.jpg
2026-09-11,15:27:14,1,1,person,INTRUSION,CROSSED_RESTRICTED_ZONE,0.8765,163,237,c:\Users\sharm\CCTV-YOLO\IBVAP\backend\logs\snapshots\intrusion_0016.jpg
2026-09-11,15:27:14,1,1,person,INTRUSION,CROSSED_RESTRICTED_ZONE,0.8882,163,237,c:\Users\sharm\CCTV-YOLO\IBVAP\backend\logs\snapshots\intrusion_0017.jpg
2026-09-11,15:27:15,1,1,person,INTRUSION,CROSSED_RESTRICTED_ZONE,0.8848,163,236,c:\Users\sharm\CCTV-YOLO\IBVAP\backend\logs\snapshots\intrusion_0018.jpg
2026-09-11,15:27:15,1,1,person,INTRUSION,CROSSED_RESTRICTED_ZONE,0.8862,163,236,c:\Users\sharm\CCTV-YOLO\IBVAP\backend\logs\snapshots\intrusion_0019.jpg
2026-09-11,15:27:15,1,1,person,INTRUSION,CROSSED_RESTRICTED_ZONE,0.8843,163,236,c:\Users\sharm\CCTV-YOLO\IBVAP\backend\logs\snapshots\intrusion_0020.jpg
2026-09-11,15:27:15,1,1,person,INTRUSION,CROSSED_RESTRICTED_ZONE,0.8823,163,236,c:\Users\sharm\CCTV-YOLO\IBVAP\backend\logs\snapshots\intrusion_0021.jpg
2026-09-11,15:27:15,1,1,person,INTRUSION,CROSSED_RESTRICTED_ZONE,0.8760,163,236,c:\Users\sharm\CCTV-YOLO\IBVAP\backend\logs\snapshots\intrusion_0022.jpg
2026-09-11,15:27:15,1,1,person,INTRUSION,CROSSED_RESTRICTED_ZONE,0.8560,163,235,c:\Users\sharm\CCTV-YOLO\IBVAP\backend\logs\snapshots\intrusion_0023.jpg
2026-09-11,15:27:15,1,1,person,INTRUSION,CROSSED_RESTRICTED_ZONE,0.8589,163,235,c:\Users\sharm\CCTV-YOLO\IBVAP\backend\logs\snapshots\intrusion_0024.jpg
2026-09-11,15:27:15,1,1,person,INTRUSION,CROSSED_RESTRICTED_ZONE,0.8579,163,235,c:\Users\sharm\CCTV-YOLO\IBVAP\backend\logs\snapshots\intrusion_0025.jpg
2026-09-11,15:27:15,1,1,person,INTRUSION,CROSSED_RESTRICTED_ZONE,0.8232,163,235,c:\Users\sharm\CCTV-YOLO\IBVAP\backend\logs\snapshots\intrusion_0026.jpg
2026-09-11,15:27:15,1,1,person,INTRUSION,CROSSED_RESTRICTED_ZONE,0.8706,163,235,c:\Users\sharm\CCTV-YOLO\IBVAP\backend\logs\snapshots\intrusion_0027.jpg
2026-09-11,15:27:15,1,1,person,INTRUSION,CROSSED_RESTRICTED_ZONE,0.8696,163,235,c:\Users\sharm\CCTV-YOLO\IBVAP\backend\logs\snapshots\intrusion_0028.jpg
2026-09-11,15:27:15,1,1,person,INTRUSION,CROSSED_RESTRICTED_ZONE,0.8843,163,235,c:\Users\sharm\CCTV-YOLO\IBVAP\backend\logs\snapshots\intrusion_0029.jpg
2026-09-11,15:27:15,1,1,person,INTRUSION,CROSSED_RESTRICTED_ZONE,0.8848,164,235,c:\Users\sharm\CCTV-YOLO\IBVAP\backend\logs\snapshots\intrusion_0030.jpg
2026-09-11,15:27:15,1,1,person,INTRUSION,CROSSED_RESTRICTED_ZONE,0.8872,164,234,c:\Users\sharm\CCTV-YOLO\IBVAP\backend\logs\snapshots\intrusion_0031.jpg
2026-09-11,15:27:15,1,1,person,INTRUSION,CROSSED_RESTRICTED_ZONE,0.8931,164,234,c:\Users\sharm\CCTV-YOLO\IBVAP\backend\logs\snapshots\intrusion_0032.jpg
2026-09-11,15:27:15,1,1,person,INTRUSION,CROSSED_RESTRICTED_ZONE,0.8882,164,234,c:\Users\sharm\CCTV-YOLO\IBVAP\backend\logs\snapshots\intrusion_0033.jpg
2026-09-11,15:27:16,1,1,person,INTRUSION,CROSSED_RESTRICTED_ZONE,0.8882,164,233,c:\Users\sharm\CCTV-YOLO\IBVAP\backend\logs\snapshots\intrusion_0034.jpg
2026-09-11,15:27:16,1,1,person,INTRUSION,CROSSED_RESTRICTED_ZONE,0.6689,165,233,c:\Users\sharm\CCTV-YOLO\IBVAP\backend\logs\snapshots\intrusion_0035.jpg
2026-09-11,15:27:16,1,1,person,INTRUSION,CROSSED_RESTRICTED_ZONE,0.8823,165,233,c:\Users\sharm\CCTV-YOLO\IBVAP\backend\logs\snapshots\intrusion_0036.jpg
2026-09-11,15:27:16,1,1,person,INTRUSION,CROSSED_RESTRICTED_ZONE,0.8823,165,233,c:\Users\sharm\CCTV-YOLO\IBVAP\backend\logs\snapshots\intrusion_0037.jpg
2026-09-11,15:27:16,1,1,person,INTRUSION,CROSSED_RESTRICTED_ZONE,0.8823,165,233,c:\Users\sharm\CCTV-YOLO\IBVAP\backend\logs\snapshots\intrusion_0038.jpg
2026-09-11,15:27:16,1,1,person,INTRUSION,CROSSED_RESTRICTED_ZONE,0.8843,165,233,c:\Users\sharm\CCTV-YOLO\IBVAP\backend\logs\snapshots\intrusion_0039.jpg
2026-09-11,15:27:16,1,1,person,INTRUSION,CROSSED_RESTRICTED_ZONE,0.8872,165,233,c:\Users\sharm\CCTV-YOLO\IBVAP\backend\logs\snapshots\intrusion_0040.jpg
2026-09-11,15:27:16,1,1,person,INTRUSION,CROSSED_RESTRICTED_ZONE,0.8926,165,233,c:\Users\sharm\CCTV-YOLO\IBVAP\backend\logs\snapshots\intrusion_0041.jpg
2026-09-11,15:27:16,1,1,person,INTRUSION,CROSSED_RESTRICTED_ZONE,0.8931,165,233,c:\Users\sharm\CCTV-YOLO\IBVAP\backend\logs\snapshots\intrusion_0042.jpg
2026-09-11,15:27:16,1,1,person,INTRUSION,CROSSED_RESTRICTED_ZONE,0.8911,165,233,c:\Users\sharm\CCTV-YOLO\IBVAP\backend\logs\snapshots\intrusion_0043.jpg
2026-09-11,15:27:16,1,1,person,INTRUSION,CROSSED_RESTRICTED_ZONE,0.8975,166,233,c:\Users\sharm\CCTV-YOLO\IBVAP\backend\logs\snapshots\intrusion_0044.jpg
2026-09-11,15:27:16,1,1,person,INTRUSION,CROSSED_RESTRICTED_ZONE,0.8911,166,233,c:\Users\sharm\CCTV-YOLO\IBVAP\backend\logs\snapshots\intrusion_0045.jpg
2026-09-11,15:27:16,1,1,person,INTRUSION,CROSSED_RESTRICTED_ZONE,0.8784,165,233,c:\Users\sharm\CCTV-YOLO\IBVAP\backend\logs\snapshots\intrusion_0046.jpg
2026-09-11,15:27:16,1,1,person,INTRUSION,CROSSED_RESTRICTED_ZONE,0.7549,165,232,c:\Users\sharm\CCTV-YOLO\IBVAP\backend\logs\snapshots\intrusion_0047.jpg
2026-09-11,15:27:16,1,1,person,INTRUSION,CROSSED_RESTRICTED_ZONE,0.7983,165,233,c:\Users\sharm\CCTV-YOLO\IBVAP\backend\logs\snapshots\intrusion_0048.jpg
2026-09-11,15:27:16,1,1,person,INTRUSION,CROSSED_RESTRICTED_ZONE,0.8457,165,233,c:\Users\sharm\CCTV-YOLO\IBVAP\backend\logs\snapshots\intrusion_0049.jpg
2026-09-11,15:27:17,1,1,person,INTRUSION,CROSSED_RESTRICTED_ZONE,0.8418,165,232,c:\Users\sharm\CCTV-YOLO\IBVAP\backend\logs\snapshots\intrusion_0050.jpg
2026-09-11,15:27:17,1,1,person,INTRUSION,CROSSED_RESTRICTED_ZONE,0.8491,165,232,c:\Users\sharm\CCTV-YOLO\IBVAP\backend\logs\snapshots\intrusion_0051.jpg
2026-09-11,15:27:17,1,1,person,INTRUSION,CROSSED_RESTRICTED_ZONE,0.8501,165,232,c:\Users\sharm\CCTV-YOLO\IBVAP\backend\logs\snapshots\intrusion_0052.jpg
2026-09-11,15:27:17,1,1,person,INTRUSION,CROSSED_RESTRICTED_ZONE,0.8428,165,232,c:\Users\sharm\CCTV-YOLO\IBVAP\backend\logs\snapshots\intrusion_0053.jpg
2026-09-11,15:27:17,1,1,person,INTRUSION,CROSSED_RESTRICTED_ZONE,0.8389,166,232,c:\Users\sharm\CCTV-YOLO\IBVAP\backend\logs\snapshots\intrusion_0054.jpg
2026-09-11,15:27:17,1,1,person,INTRUSION,CROSSED_RESTRICTED_ZONE,0.8687,165,232,c:\Users\sharm\CCTV-YOLO\IBVAP\backend\logs\snapshots\intrusion_0055.jpg
2026-09-11,15:27:17,1,1,person,INTRUSION,CROSSED_RESTRICTED_ZONE,0.8799,166,232,c:\Users\sharm\CCTV-YOLO\IBVAP\backend\logs\snapshots\intrusion_0056.jpg
2026-09-11,15:27:17,1,1,person,INTRUSION,CROSSED_RESTRICTED_ZONE,0.8765,166,232,c:\Users\sharm\CCTV-YOLO\IBVAP\backend\logs\snapshots\intrusion_0057.jpg
2026-09-11,15:27:17,1,1,person,INTRUSION,CROSSED_RESTRICTED_ZONE,0.8730,166,232,c:\Users\sharm\CCTV-YOLO\IBVAP\backend\logs\snapshots\intrusion_0058.jpg
2026-09-11,15:27:17,1,1,person,INTRUSION,CROSSED_RESTRICTED_ZONE,0.6514,166,232,c:\Users\sharm\CCTV-YOLO\IBVAP\backend\logs\snapshots\intrusion_0059.jpg
2026-09-11,15:27:17,1,1,person,INTRUSION,CROSSED_RESTRICTED_ZONE,0.5332,166,232,c:\Users\sharm\CCTV-YOLO\IBVAP\backend\logs\snapshots\intrusion_0060.jpg
2026-09-11,15:27:17,1,1,person,INTRUSION,CROSSED_RESTRICTED_ZONE,0.2075,166,232,c:\Users\sharm\CCTV-YOLO\IBVAP\backend\logs\snapshots\intrusion_0061.jpg
2026-09-11,15:27:17,1,1,person,INTRUSION,CROSSED_RESTRICTED_ZONE,0.8481,166,232,c:\Users\sharm\CCTV-YOLO\IBVAP\backend\logs\snapshots\intrusion_0062.jpg
2026-09-11,15:27:17,1,1,person,INTRUSION,CROSSED_RESTRICTED_ZONE,0.8750,166,232,c:\Users\sharm\CCTV-YOLO\IBVAP\backend\logs\snapshots\intrusion_0063.jpg
2026-09-11,15:27:17,1,1,person,INTRUSION,CROSSED_RESTRICTED_ZONE,0.7842,167,232,c:\Users\sharm\CCTV-YOLO\IBVAP\backend\logs\snapshots\intrusion_0064.jpg
2026-09-11,15:27:17,1,1,person,INTRUSION,CROSSED_RESTRICTED_ZONE,0.7905,167,232,c:\Users\sharm\CCTV-YOLO\IBVAP\backend\logs\snapshots\intrusion_0065.jpg
2026-09-11,15:27:18,1,1,person,INTRUSION,CROSSED_RESTRICTED_ZONE,0.5718,167,232,c:\Users\sharm\CCTV-YOLO\IBVAP\backend\logs\snapshots\intrusion_0066.jpg
2026-09-11,15:27:18,1,1,person,INTRUSION,CROSSED_RESTRICTED_ZONE,0.4358,167,232,c:\Users\sharm\CCTV-YOLO\IBVAP\backend\logs\snapshots\intrusion_0067.jpg
2026-09-11,15:27:18,1,1,person,INTRUSION,CROSSED_RESTRICTED_ZONE,0.7891,166,232,c:\Users\sharm\CCTV-YOLO\IBVAP\backend\logs\snapshots\intrusion_0068.jpg
2026-09-11,15:27:18,1,1,person,INTRUSION,CROSSED_RESTRICTED_ZONE,0.7461,166,232,c:\Users\sharm\CCTV-YOLO\IBVAP\backend\logs\snapshots\intrusion_0069.jpg
2026-09-11,15:27:18,1,1,person,INTRUSION,CROSSED_RESTRICTED_ZONE,0.8750,166,232,c:\Users\sharm\CCTV-YOLO\IBVAP\backend\logs\snapshots\intrusion_0070.jpg
2026-09-11,15:27:22,68,4,person,SUSPICIOUS_ACTIVITY,RAPID MOVEMENT,0.4167,174,226,c:\Users\sharm\CCTV-YOLO\IBVAP\backend\logs\snapshots\suspicious_0002.jpg
2026-09-11,15:27:22,1,1,person,SUSPICIOUS_ACTIVITY,ERRATIC MOVEMENT | RAPID MOVEMENT,1.0000,209,333,c:\Users\sharm\CCTV-YOLO\IBVAP\backend\logs\snapshots\suspicious_0003.jpg
2026-09-11,15:27:23,1,1,person,INTRUSION,CROSSED_RESTRICTED_ZONE,0.4167,195,240,c:\Users\sharm\CCTV-YOLO\IBVAP\backend\logs\snapshots\intrusion_0071.jpg
2026-09-11,15:27:23,1,1,person,INTRUSION,CROSSED_RESTRICTED_ZONE,0.8018,195,240,c:\Users\sharm\CCTV-YOLO\IBVAP\backend\logs\snapshots\intrusion_0072.jpg
2026-09-11,15:27:23,1,1,person,INTRUSION,CROSSED_RESTRICTED_ZONE,0.8569,196,239,c:\Users\sharm\CCTV-YOLO\IBVAP\backend\logs\snapshots\intrusion_0073.jpg
2026-09-11,15:27:23,1,1,person,INTRUSION,CROSSED_RESTRICTED_ZONE,0.8208,196,239,c:\Users\sharm\CCTV-YOLO\IBVAP\backend\logs\snapshots\intrusion_0074.jpg
2026-09-11,15:27:23,1,1,person,INTRUSION,CROSSED_RESTRICTED_ZONE,0.8018,195,239,c:\Users\sharm\CCTV-YOLO\IBVAP\backend\logs\snapshots\intrusion_0075.jpg
2026-09-11,15:27:23,1,1,person,INTRUSION,CROSSED_RESTRICTED_ZONE,0.8926,196,238,c:\Users\sharm\CCTV-YOLO\IBVAP\backend\logs\snapshots\intrusion_0076.jpg
2026-09-11,15:27:23,1,1,person,INTRUSION,CROSSED_RESTRICTED_ZONE,0.8818,196,238,c:\Users\sharm\CCTV-YOLO\IBVAP\backend\logs\snapshots\intrusion_0077.jpg
2026-09-11,15:27:23,1,1,person,INTRUSION,CROSSED_RESTRICTED_ZONE,0.8579,196,238,c:\Users\sharm\CCTV-YOLO\IBVAP\backend\logs\snapshots\intrusion_0078.jpg
2026-09-11,15:27:23,1,1,person,INTRUSION,CROSSED_RESTRICTED_ZONE,0.7881,196,238,c:\Users\sharm\CCTV-YOLO\IBVAP\backend\logs\snapshots\intrusion_0079.jpg
2026-09-11,15:27:23,1,1,person,INTRUSION,CROSSED_RESTRICTED_ZONE,0.8374,196,238,c:\Users\sharm\CCTV-YOLO\IBVAP\backend\logs\snapshots\intrusion_0080.jpg
2026-09-11,15:27:23,1,1,person,INTRUSION,CROSSED_RESTRICTED_ZONE,0.8447,196,238,c:\Users\sharm\CCTV-YOLO\IBVAP\backend\logs\snapshots\intrusion_0081.jpg
2026-09-11,15:27:23,1,1,person,INTRUSION,CROSSED_RESTRICTED_ZONE,0.8530,196,238,c:\Users\sharm\CCTV-YOLO\IBVAP\backend\logs\snapshots\intrusion_0082.jpg
2026-09-11,15:27:23,1,1,person,INTRUSION,CROSSED_RESTRICTED_ZONE,0.8896,196,238,c:\Users\sharm\CCTV-YOLO\IBVAP\backend\logs\snapshots\intrusion_0083.jpg
2026-09-11,15:27:23,1,1,person,INTRUSION,CROSSED_RESTRICTED_ZONE,0.8862,196,238,c:\Users\sharm\CCTV-YOLO\IBVAP\backend\logs\snapshots\intrusion_0084.jpg
2026-09-11,15:27:24,1,1,person,INTRUSION,CROSSED_RESTRICTED_ZONE,0.8774,195,238,c:\Users\sharm\CCTV-YOLO\IBVAP\backend\logs\snapshots\intrusion_0085.jpg
2026-09-11,15:27:24,1,1,person,INTRUSION,CROSSED_RESTRICTED_ZONE,0.8633,195,238,c:\Users\sharm\CCTV-YOLO\IBVAP\backend\logs\snapshots\intrusion_0086.jpg
2026-09-11,15:27:24,1,1,person,INTRUSION,CROSSED_RESTRICTED_ZONE,0.8457,194,238,c:\Users\sharm\CCTV-YOLO\IBVAP\backend\logs\snapshots\intrusion_0087.jpg
2026-09-11,15:27:24,1,1,person,INTRUSION,CROSSED_RESTRICTED_ZONE,0.8589,194,239,c:\Users\sharm\CCTV-YOLO\IBVAP\backend\logs\snapshots\intrusion_0088.jpg
2026-09-11,15:27:24,1,1,person,INTRUSION,CROSSED_RESTRICTED_ZONE,0.8521,195,239,c:\Users\sharm\CCTV-YOLO\IBVAP\backend\logs\snapshots\intrusion_0089.jpg
2026-09-11,15:27:24,1,1,person,INTRUSION,CROSSED_RESTRICTED_ZONE,0.8345,194,239,c:\Users\sharm\CCTV-YOLO\IBVAP\backend\logs\snapshots\intrusion_0090.jpg
2026-09-11,15:27:24,1,1,person,INTRUSION,CROSSED_RESTRICTED_ZONE,0.8008,194,239,c:\Users\sharm\CCTV-YOLO\IBVAP\backend\logs\snapshots\intrusion_0091.jpg
2026-09-11,15:27:24,1,1,person,INTRUSION,CROSSED_RESTRICTED_ZONE,0.7007,194,238,c:\Users\sharm\CCTV-YOLO\IBVAP\backend\logs\snapshots\intrusion_0092.jpg
2026-09-11,15:27:24,1,1,person,INTRUSION,CROSSED_RESTRICTED_ZONE,0.1192,194,238,c:\Users\sharm\CCTV-YOLO\IBVAP\backend\logs\snapshots\intrusion_0093.jpg
2026-09-11,15:27:26,92,6,person,INTRUSION,CROSSED_RESTRICTED_ZONE,0.3320,368,303,c:\Users\sharm\CCTV-YOLO\IBVAP\backend\logs\snapshots\intrusion_0094.jpg
2026-09-11,15:27:26,92,6,person,INTRUSION,CROSSED_RESTRICTED_ZONE,0.3523,369,300,c:\Users\sharm\CCTV-YOLO\IBVAP\backend\logs\snapshots\intrusion_0095.jpg
2026-09-11,15:27:26,100,6,person,SUSPICIOUS_ACTIVITY,RAPID MOVEMENT,0.4167,368,297,c:\Users\sharm\CCTV-YOLO\IBVAP\backend\logs\snapshots\suspicious_0004.jpg
2026-09-11,15:27:26,92,6,person,INTRUSION,CROSSED_RESTRICTED_ZONE,0.2974,368,297,c:\Users\sharm\CCTV-YOLO\IBVAP\backend\logs\snapshots\intrusion_0096.jpg
2026-09-11,15:27:26,92,6,person,INTRUSION,CROSSED_RESTRICTED_ZONE,0.3191,369,293,c:\Users\sharm\CCTV-YOLO\IBVAP\backend\logs\snapshots\intrusion_0097.jpg
2026-09-11,15:27:26,92,6,person,INTRUSION,CROSSED_RESTRICTED_ZONE,0.3040,368,289,c:\Users\sharm\CCTV-YOLO\IBVAP\backend\logs\snapshots\intrusion_0098.jpg
2026-09-11,15:27:26,92,6,person,INTRUSION,CROSSED_RESTRICTED_ZONE,0.2539,367,285,c:\Users\sharm\CCTV-YOLO\IBVAP\backend\logs\snapshots\intrusion_0099.jpg
2026-09-11,15:27:26,92,6,person,INTRUSION,CROSSED_RESTRICTED_ZONE,0.2510,368,282,c:\Users\sharm\CCTV-YOLO\IBVAP\backend\logs\snapshots\intrusion_0100.jpg
2026-09-11,15:27:26,92,6,person,INTRUSION,CROSSED_RESTRICTED_ZONE,0.2576,368,280,c:\Users\sharm\CCTV-YOLO\IBVAP\backend\logs\snapshots\intrusion_0101.jpg
2026-09-11,15:27:26,92,6,person,INTRUSION,CROSSED_RESTRICTED_ZONE,0.2561,369,279,c:\Users\sharm\CCTV-YOLO\IBVAP\backend\logs\snapshots\intrusion_0102.jpg
2026-09-11,15:27:27,92,6,person,INTRUSION,CROSSED_RESTRICTED_ZONE,0.2437,370,277,c:\Users\sharm\CCTV-YOLO\IBVAP\backend\logs\snapshots\intrusion_0103.jpg
2026-09-11,15:27:27,92,6,person,INTRUSION,CROSSED_RESTRICTED_ZONE,0.2274,370,277,c:\Users\sharm\CCTV-YOLO\IBVAP\backend\logs\snapshots\intrusion_0104.jpg
2026-09-11,15:27:27,92,6,person,INTRUSION,CROSSED_RESTRICTED_ZONE,0.2458,371,277,c:\Users\sharm\CCTV-YOLO\IBVAP\backend\logs\snapshots\intrusion_0105.jpg
2026-09-11,15:27:27,92,6,person,INTRUSION,CROSSED_RESTRICTED_ZONE,0.2167,371,278,c:\Users\sharm\CCTV-YOLO\IBVAP\backend\logs\snapshots\intrusion_0106.jpg
2026-09-11,15:27:27,92,6,person,INTRUSION,CROSSED_RESTRICTED_ZONE,0.2081,372,277,c:\Users\sharm\CCTV-YOLO\IBVAP\backend\logs\snapshots\intrusion_0107.jpg
2026-09-11,15:27:27,92,6,person,INTRUSION,CROSSED_RESTRICTED_ZONE,0.2095,371,277,c:\Users\sharm\CCTV-YOLO\IBVAP\backend\logs\snapshots\intrusion_0108.jpg
2026-09-11,15:27:27,92,6,person,INTRUSION,CROSSED_RESTRICTED_ZONE,0.2220,371,277,c:\Users\sharm\CCTV-YOLO\IBVAP\backend\logs\snapshots\intrusion_0109.jpg
2026-09-11,15:27:27,92,6,person,INTRUSION,CROSSED_RESTRICTED_ZONE,0.2167,370,277,c:\Users\sharm\CCTV-YOLO\IBVAP\backend\logs\snapshots\intrusion_0110.jpg
2026-09-11,15:27:27,92,6,person,INTRUSION,CROSSED_RESTRICTED_ZONE,0.2024,370,278,c:\Users\sharm\CCTV-YOLO\IBVAP\backend\logs\snapshots\intrusion_0111.jpg
2026-09-11,15:27:27,92,6,person,INTRUSION,CROSSED_RESTRICTED_ZONE,0.2161,369,278,c:\Users\sharm\CCTV-YOLO\IBVAP\backend\logs\snapshots\intrusion_0112.jpg
2026-09-11,15:27:27,92,6,person,INTRUSION,CROSSED_RESTRICTED_ZONE,0.2108,368,279,c:\Users\sharm\CCTV-YOLO\IBVAP\backend\logs\snapshots\intrusion_0113.jpg
2026-09-11,15:27:27,92,6,person,INTRUSION,CROSSED_RESTRICTED_ZONE,0.1853,369,279,c:\Users\sharm\CCTV-YOLO\IBVAP\backend\logs\snapshots\intrusion_0114.jpg
2026-09-11,15:27:27,92,6,person,INTRUSION,CROSSED_RESTRICTED_ZONE,0.1639,368,278,c:\Users\sharm\CCTV-YOLO\IBVAP\backend\logs\snapshots\intrusion_0115.jpg
2026-09-11,15:27:27,92,6,person,INTRUSION,CROSSED_RESTRICTED_ZONE,0.1656,366,277,c:\Users\sharm\CCTV-YOLO\IBVAP\backend\logs\snapshots\intrusion_0116.jpg
2026-09-11,15:27:27,92,6,person,INTRUSION,CROSSED_RESTRICTED_ZONE,0.1339,363,278,c:\Users\sharm\CCTV-YOLO\IBVAP\backend\logs\snapshots\intrusion_0117.jpg
2026-09-11,15:27:28,92,6,person,INTRUSION,CROSSED_RESTRICTED_ZONE,0.1312,360,278,c:\Users\sharm\CCTV-YOLO\IBVAP\backend\logs\snapshots\intrusion_0118.jpg
2026-09-11,15:27:28,92,6,person,INTRUSION,CROSSED_RESTRICTED_ZONE,0.1168,357,281,c:\Users\sharm\CCTV-YOLO\IBVAP\backend\logs\snapshots\intrusion_0119.jpg
2026-09-11,15:27:28,92,6,person,INTRUSION,CROSSED_RESTRICTED_ZONE,0.1417,353,282,c:\Users\sharm\CCTV-YOLO\IBVAP\backend\logs\snapshots\intrusion_0120.jpg
2026-09-11,15:27:28,92,6,person,INTRUSION,CROSSED_RESTRICTED_ZONE,0.1432,351,283,c:\Users\sharm\CCTV-YOLO\IBVAP\backend\logs\snapshots\intrusion_0121.jpg
2026-09-11,15:27:32,108,4,person,SUSPICIOUS_ACTIVITY,ERRATIC MOVEMENT | LOITERING | RAPID MOVEMENT,1.0000,186,233,c:\Users\sharm\CCTV-YOLO\IBVAP\backend\logs\snapshots\suspicious_0005.jpg
2026-09-11,15:27:32,4,1,person,SUSPICIOUS_ACTIVITY,ERRATIC MOVEMENT | RAPID MOVEMENT,1.0000,228,240,c:\Users\sharm\CCTV-YOLO\IBVAP\backend\logs\snapshots\suspicious_0006.jpg
2026-09-11,15:27:36,100,6,person,SUSPICIOUS_ACTIVITY,ERRATIC MOVEMENT,1.0000,192,407,c:\Users\sharm\CCTV-YOLO\IBVAP\backend\logs\snapshots\suspicious_0007.jpg
2026-09-11,15:27:37,206,9,person,SUSPICIOUS_ACTIVITY,RAPID MOVEMENT,0.5556,697,198,c:\Users\sharm\CCTV-YOLO\IBVAP\backend\logs\snapshots\suspicious_0008.jpg
2026-09-11,15:27:40,100,6,person,INTRUSION,CROSSED_RESTRICTED_ZONE,0.9106,242,335,c:\Users\sharm\CCTV-YOLO\IBVAP\backend\logs\snapshots\intrusion_0122.jpg
2026-09-11,15:27:42,222,4,person,SUSPICIOUS_ACTIVITY,ERRATIC MOVEMENT | LOITERING,1.0000,202,242,c:\Users\sharm\CCTV-YOLO\IBVAP\backend\logs\snapshots\suspicious_0009.jpg
2026-09-11,15:27:42,229,1,person,SUSPICIOUS_ACTIVITY,ERRATIC MOVEMENT,1.0000,229,244,c:\Users\sharm\CCTV-YOLO\IBVAP\backend\logs\snapshots\suspicious_0010.jpg
2026-09-11,15:27:42,167,8,person,SUSPICIOUS_ACTIVITY,LOITERING,0.4167,14,385,c:\Users\sharm\CCTV-YOLO\IBVAP\backend\logs\snapshots\suspicious_0011.jpg
2026-09-11,15:36:24,4,1,person,SUSPICIOUS_ACTIVITY,RAPID MOVEMENT,0.8333,198,239,c:\Users\sharm\CCTV-YOLO\IBVAP\backend\logs\snapshots\suspicious_0001.jpg
2026-09-11,15:36:25,1,1,person,INTRUSION,CROSSED_RESTRICTED_ZONE,0.9072,162,239,c:\Users\sharm\CCTV-YOLO\IBVAP\backend\logs\snapshots\intrusion_0001.jpg
2026-09-11,15:36:25,1,1,person,INTRUSION,CROSSED_RESTRICTED_ZONE,0.8130,162,239,c:\Users\sharm\CCTV-YOLO\IBVAP\backend\logs\snapshots\intrusion_0002.jpg
2026-09-11,15:36:26,1,1,person,INTRUSION,CROSSED_RESTRICTED_ZONE,0.8154,162,239,c:\Users\sharm\CCTV-YOLO\IBVAP\backend\logs\snapshots\intrusion_0003.jpg
2026-09-11,15:36:26,1,1,person,INTRUSION,CROSSED_RESTRICTED_ZONE,0.2673,162,239,c:\Users\sharm\CCTV-YOLO\IBVAP\backend\logs\snapshots\intrusion_0004.jpg
2026-09-11,15:36:26,1,1,person,INTRUSION,CROSSED_RESTRICTED_ZONE,0.8760,162,239,c:\Users\sharm\CCTV-YOLO\IBVAP\backend\logs\snapshots\intrusion_0005.jpg
2026-09-11,15:36:26,1,1,person,INTRUSION,CROSSED_RESTRICTED_ZONE,0.8560,162,239,c:\Users\sharm\CCTV-YOLO\IBVAP\backend\logs\snapshots\intrusion_0006.jpg
2026-09-11,15:36:26,1,1,person,INTRUSION,CROSSED_RESTRICTED_ZONE,0.7402,162,239,c:\Users\sharm\CCTV-YOLO\IBVAP\backend\logs\snapshots\intrusion_0007.jpg
2026-09-11,15:36:26,1,1,person,INTRUSION,CROSSED_RESTRICTED_ZONE,0.8696,163,238,c:\Users\sharm\CCTV-YOLO\IBVAP\backend\logs\snapshots\intrusion_0008.jpg
2026-09-11,15:36:26,1,1,person,INTRUSION,CROSSED_RESTRICTED_ZONE,0.8652,163,238,c:\Users\sharm\CCTV-YOLO\IBVAP\backend\logs\snapshots\intrusion_0009.jpg
2026-09-11,15:36:26,1,1,person,INTRUSION,CROSSED_RESTRICTED_ZONE,0.8438,163,238,c:\Users\sharm\CCTV-YOLO\IBVAP\backend\logs\snapshots\intrusion_0010.jpg
2026-09-11,15:36:26,1,1,person,INTRUSION,CROSSED_RESTRICTED_ZONE,0.8438,163,238,c:\Users\sharm\CCTV-YOLO\IBVAP\backend\logs\snapshots\intrusion_0011.jpg
2026-09-11,15:36:26,1,1,person,INTRUSION,CROSSED_RESTRICTED_ZONE,0.8438,163,238,c:\Users\sharm\CCTV-YOLO\IBVAP\backend\logs\snapshots\intrusion_0012.jpg
2026-09-11,15:36:26,1,1,person,INTRUSION,CROSSED_RESTRICTED_ZONE,0.8550,163,238,c:\Users\sharm\CCTV-YOLO\IBVAP\backend\logs\snapshots\intrusion_0013.jpg
2026-09-11,15:36:26,1,1,person,INTRUSION,CROSSED_RESTRICTED_ZONE,0.8560,163,237,c:\Users\sharm\CCTV-YOLO\IBVAP\backend\logs\snapshots\intrusion_0014.jpg
2026-09-11,15:36:26,1,1,person,INTRUSION,CROSSED_RESTRICTED_ZONE,0.8682,163,237,c:\Users\sharm\CCTV-YOLO\IBVAP\backend\logs\snapshots\intrusion_0015.jpg
2026-09-11,15:36:26,1,1,person,INTRUSION,CROSSED_RESTRICTED_ZONE,0.8765,163,237,c:\Users\sharm\CCTV-YOLO\IBVAP\backend\logs\snapshots\intrusion_0016.jpg
2026-09-11,15:36:26,1,1,person,INTRUSION,CROSSED_RESTRICTED_ZONE,0.8882,163,237,c:\Users\sharm\CCTV-YOLO\IBVAP\backend\logs\snapshots\intrusion_0017.jpg
2026-09-11,15:36:27,1,1,person,INTRUSION,CROSSED_RESTRICTED_ZONE,0.8848,163,236,c:\Users\sharm\CCTV-YOLO\IBVAP\backend\logs\snapshots\intrusion_0018.jpg
2026-09-11,15:36:27,1,1,person,INTRUSION,CROSSED_RESTRICTED_ZONE,0.8862,163,236,c:\Users\sharm\CCTV-YOLO\IBVAP\backend\logs\snapshots\intrusion_0019.jpg
2026-09-11,15:36:27,1,1,person,INTRUSION,CROSSED_RESTRICTED_ZONE,0.8848,163,236,c:\Users\sharm\CCTV-YOLO\IBVAP\backend\logs\snapshots\intrusion_0020.jpg
2026-09-11,15:36:27,1,1,person,INTRUSION,CROSSED_RESTRICTED_ZONE,0.8823,163,236,c:\Users\sharm\CCTV-YOLO\IBVAP\backend\logs\snapshots\intrusion_0021.jpg
2026-09-11,15:36:27,1,1,person,INTRUSION,CROSSED_RESTRICTED_ZONE,0.8760,163,236,c:\Users\sharm\CCTV-YOLO\IBVAP\backend\logs\snapshots\intrusion_0022.jpg
2026-09-11,15:36:27,1,1,person,INTRUSION,CROSSED_RESTRICTED_ZONE,0.8560,163,235,c:\Users\sharm\CCTV-YOLO\IBVAP\backend\logs\snapshots\intrusion_0023.jpg
2026-09-11,15:36:27,1,1,person,INTRUSION,CROSSED_RESTRICTED_ZONE,0.8589,163,235,c:\Users\sharm\CCTV-YOLO\IBVAP\backend\logs\snapshots\intrusion_0024.jpg
2026-09-11,15:36:27,1,1,person,INTRUSION,CROSSED_RESTRICTED_ZONE,0.8579,163,235,c:\Users\sharm\CCTV-YOLO\IBVAP\backend\logs\snapshots\intrusion_0025.jpg
2026-09-11,15:36:27,1,1,person,INTRUSION,CROSSED_RESTRICTED_ZONE,0.8232,163,235,c:\Users\sharm\CCTV-YOLO\IBVAP\backend\logs\snapshots\intrusion_0026.jpg
2026-09-11,15:36:27,1,1,person,INTRUSION,CROSSED_RESTRICTED_ZONE,0.8706,163,235,c:\Users\sharm\CCTV-YOLO\IBVAP\backend\logs\snapshots\intrusion_0027.jpg
2026-09-11,15:36:27,1,1,person,INTRUSION,CROSSED_RESTRICTED_ZONE,0.8696,163,235,c:\Users\sharm\CCTV-YOLO\IBVAP\backend\logs\snapshots\intrusion_0028.jpg
2026-09-11,15:36:27,1,1,person,INTRUSION,CROSSED_RESTRICTED_ZONE,0.8843,163,235,c:\Users\sharm\CCTV-YOLO\IBVAP\backend\logs\snapshots\intrusion_0029.jpg
2026-09-11,15:36:27,1,1,person,INTRUSION,CROSSED_RESTRICTED_ZONE,0.8848,164,235,c:\Users\sharm\CCTV-YOLO\IBVAP\backend\logs\snapshots\intrusion_0030.jpg
2026-09-11,15:36:27,1,1,person,INTRUSION,CROSSED_RESTRICTED_ZONE,0.8872,164,234,c:\Users\sharm\CCTV-YOLO\IBVAP\backend\logs\snapshots\intrusion_0031.jpg
2026-09-11,15:36:28,1,1,person,INTRUSION,CROSSED_RESTRICTED_ZONE,0.8931,164,234,c:\Users\sharm\CCTV-YOLO\IBVAP\backend\logs\snapshots\intrusion_0032.jpg
2026-09-11,15:36:28,1,1,person,INTRUSION,CROSSED_RESTRICTED_ZONE,0.8882,164,234,c:\Users\sharm\CCTV-YOLO\IBVAP\backend\logs\snapshots\intrusion_0033.jpg
2026-09-11,15:36:28,1,1,person,INTRUSION,CROSSED_RESTRICTED_ZONE,0.8882,164,233,c:\Users\sharm\CCTV-YOLO\IBVAP\backend\logs\snapshots\intrusion_0034.jpg
2026-09-11,15:36:28,1,1,person,INTRUSION,CROSSED_RESTRICTED_ZONE,0.6094,165,233,c:\Users\sharm\CCTV-YOLO\IBVAP\backend\logs\snapshots\intrusion_0035.jpg
2026-09-11,15:36:28,1,1,person,INTRUSION,CROSSED_RESTRICTED_ZONE,0.8823,165,233,c:\Users\sharm\CCTV-YOLO\IBVAP\backend\logs\snapshots\intrusion_0036.jpg
2026-09-11,15:36:28,1,1,person,INTRUSION,CROSSED_RESTRICTED_ZONE,0.8823,165,233,c:\Users\sharm\CCTV-YOLO\IBVAP\backend\logs\snapshots\intrusion_0037.jpg
2026-09-11,15:36:28,1,1,person,INTRUSION,CROSSED_RESTRICTED_ZONE,0.8818,165,233,c:\Users\sharm\CCTV-YOLO\IBVAP\backend\logs\snapshots\intrusion_0038.jpg
2026-09-11,15:36:28,1,1,person,INTRUSION,CROSSED_RESTRICTED_ZONE,0.8843,165,233,c:\Users\sharm\CCTV-YOLO\IBVAP\backend\logs\snapshots\intrusion_0039.jpg
2026-09-11,15:36:28,1,1,person,INTRUSION,CROSSED_RESTRICTED_ZONE,0.8872,165,233,c:\Users\sharm\CCTV-YOLO\IBVAP\backend\logs\snapshots\intrusion_0040.jpg
2026-09-11,15:36:28,1,1,person,INTRUSION,CROSSED_RESTRICTED_ZONE,0.8926,165,233,c:\Users\sharm\CCTV-YOLO\IBVAP\backend\logs\snapshots\intrusion_0041.jpg
2026-09-11,15:36:28,1,1,person,INTRUSION,CROSSED_RESTRICTED_ZONE,0.8931,165,233,c:\Users\sharm\CCTV-YOLO\IBVAP\backend\logs\snapshots\intrusion_0042.jpg
2026-09-11,15:36:28,1,1,person,INTRUSION,CROSSED_RESTRICTED_ZONE,0.8911,165,233,c:\Users\sharm\CCTV-YOLO\IBVAP\backend\logs\snapshots\intrusion_0043.jpg
2026-09-11,15:36:29,1,1,person,INTRUSION,CROSSED_RESTRICTED_ZONE,0.8975,166,233,c:\Users\sharm\CCTV-YOLO\IBVAP\backend\logs\snapshots\intrusion_0044.jpg
2026-09-11,15:36:29,1,1,person,INTRUSION,CROSSED_RESTRICTED_ZONE,0.8911,166,233,c:\Users\sharm\CCTV-YOLO\IBVAP\backend\logs\snapshots\intrusion_0045.jpg
2026-09-11,15:36:29,1,1,person,INTRUSION,CROSSED_RESTRICTED_ZONE,0.8784,165,233,c:\Users\sharm\CCTV-YOLO\IBVAP\backend\logs\snapshots\intrusion_0046.jpg
2026-09-11,15:36:29,1,1,person,INTRUSION,CROSSED_RESTRICTED_ZONE,0.7549,165,232,c:\Users\sharm\CCTV-YOLO\IBVAP\backend\logs\snapshots\intrusion_0047.jpg
2026-09-11,15:36:29,1,1,person,INTRUSION,CROSSED_RESTRICTED_ZONE,0.7983,165,233,c:\Users\sharm\CCTV-YOLO\IBVAP\backend\logs\snapshots\intrusion_0048.jpg
2026-09-11,15:36:29,1,1,person,INTRUSION,CROSSED_RESTRICTED_ZONE,0.8472,165,233,c:\Users\sharm\CCTV-YOLO\IBVAP\backend\logs\snapshots\intrusion_0049.jpg
2026-09-11,15:36:29,1,1,person,INTRUSION,CROSSED_RESTRICTED_ZONE,0.8418,165,232,c:\Users\sharm\CCTV-YOLO\IBVAP\backend\logs\snapshots\intrusion_0050.jpg
2026-09-11,15:36:29,1,1,person,INTRUSION,CROSSED_RESTRICTED_ZONE,0.8491,165,232,c:\Users\sharm\CCTV-YOLO\IBVAP\backend\logs\snapshots\intrusion_0051.jpg
2026-09-11,15:36:29,1,1,person,INTRUSION,CROSSED_RESTRICTED_ZONE,0.8501,165,232,c:\Users\sharm\CCTV-YOLO\IBVAP\backend\logs\snapshots\intrusion_0052.jpg
2026-09-11,15:36:29,1,1,person,INTRUSION,CROSSED_RESTRICTED_ZONE,0.8438,165,232,c:\Users\sharm\CCTV-YOLO\IBVAP\backend\logs\snapshots\intrusion_0053.jpg
2026-09-11,15:36:29,1,1,person,INTRUSION,CROSSED_RESTRICTED_ZONE,0.8389,166,232,c:\Users\sharm\CCTV-YOLO\IBVAP\backend\logs\snapshots\intrusion_0054.jpg
2026-09-11,15:36:29,1,1,person,INTRUSION,CROSSED_RESTRICTED_ZONE,0.8687,165,232,c:\Users\sharm\CCTV-YOLO\IBVAP\backend\logs\snapshots\intrusion_0055.jpg
2026-09-11,15:36:29,1,1,person,INTRUSION,CROSSED_RESTRICTED_ZONE,0.8799,166,232,c:\Users\sharm\CCTV-YOLO\IBVAP\backend\logs\snapshots\intrusion_0056.jpg
2026-09-11,15:36:30,1,1,person,INTRUSION,CROSSED_RESTRICTED_ZONE,0.8765,166,232,c:\Users\sharm\CCTV-YOLO\IBVAP\backend\logs\snapshots\intrusion_0057.jpg
2026-09-11,15:36:30,1,1,person,INTRUSION,CROSSED_RESTRICTED_ZONE,0.8726,166,232,c:\Users\sharm\CCTV-YOLO\IBVAP\backend\logs\snapshots\intrusion_0058.jpg
2026-09-11,15:36:30,1,1,person,INTRUSION,CROSSED_RESTRICTED_ZONE,0.6514,166,232,c:\Users\sharm\CCTV-YOLO\IBVAP\backend\logs\snapshots\intrusion_0059.jpg
2026-09-11,15:36:30,1,1,person,INTRUSION,CROSSED_RESTRICTED_ZONE,0.5312,166,232,c:\Users\sharm\CCTV-YOLO\IBVAP\backend\logs\snapshots\intrusion_0060.jpg
2026-09-11,15:36:30,1,1,person,INTRUSION,CROSSED_RESTRICTED_ZONE,0.2012,166,232,c:\Users\sharm\CCTV-YOLO\IBVAP\backend\logs\snapshots\intrusion_0061.jpg
2026-09-11,15:36:30,1,1,person,INTRUSION,CROSSED_RESTRICTED_ZONE,0.8472,166,232,c:\Users\sharm\CCTV-YOLO\IBVAP\backend\logs\snapshots\intrusion_0062.jpg
2026-09-11,15:36:30,1,1,person,INTRUSION,CROSSED_RESTRICTED_ZONE,0.8750,166,231,c:\Users\sharm\CCTV-YOLO\IBVAP\backend\logs\snapshots\intrusion_0063.jpg
2026-09-11,15:36:30,1,1,person,INTRUSION,CROSSED_RESTRICTED_ZONE,0.7842,167,232,c:\Users\sharm\CCTV-YOLO\IBVAP\backend\logs\snapshots\intrusion_0064.jpg
2026-09-11,15:36:30,1,1,person,INTRUSION,CROSSED_RESTRICTED_ZONE,0.7905,167,232,c:\Users\sharm\CCTV-YOLO\IBVAP\backend\logs\snapshots\intrusion_0065.jpg
2026-09-11,15:36:30,1,1,person,INTRUSION,CROSSED_RESTRICTED_ZONE,0.5679,167,232,c:\Users\sharm\CCTV-YOLO\IBVAP\backend\logs\snapshots\intrusion_0066.jpg
2026-09-11,15:36:30,1,1,person,INTRUSION,CROSSED_RESTRICTED_ZONE,0.4253,167,232,c:\Users\sharm\CCTV-YOLO\IBVAP\backend\logs\snapshots\intrusion_0067.jpg
2026-09-11,15:36:31,1,1,person,INTRUSION,CROSSED_RESTRICTED_ZONE,0.7891,166,232,c:\Users\sharm\CCTV-YOLO\IBVAP\backend\logs\snapshots\intrusion_0068.jpg
2026-09-11,15:36:31,1,1,person,INTRUSION,CROSSED_RESTRICTED_ZONE,0.7476,166,232,c:\Users\sharm\CCTV-YOLO\IBVAP\backend\logs\snapshots\intrusion_0069.jpg
2026-09-11,15:36:34,1,1,person,SUSPICIOUS_ACTIVITY,ERRATIC MOVEMENT | RAPID MOVEMENT,1.0000,106,332,c:\Users\sharm\CCTV-YOLO\IBVAP\backend\logs\snapshots\suspicious_0002.jpg
2026-09-11,15:36:37,67,4,person,SUSPICIOUS_ACTIVITY,RAPID MOVEMENT,0.4167,174,226,c:\Users\sharm\CCTV-YOLO\IBVAP\backend\logs\snapshots\suspicious_0003.jpg
2026-09-11,15:36:38,1,1,person,INTRUSION,CROSSED_RESTRICTED_ZONE,0.4131,195,240,c:\Users\sharm\CCTV-YOLO\IBVAP\backend\logs\snapshots\intrusion_0070.jpg
2026-09-11,15:36:38,1,1,person,INTRUSION,CROSSED_RESTRICTED_ZONE,0.7930,195,240,c:\Users\sharm\CCTV-YOLO\IBVAP\backend\logs\snapshots\intrusion_0071.jpg
2026-09-11,15:36:38,1,1,person,INTRUSION,CROSSED_RESTRICTED_ZONE,0.8569,196,239,c:\Users\sharm\CCTV-YOLO\IBVAP\backend\logs\snapshots\intrusion_0072.jpg
2026-09-11,15:36:38,1,1,person,INTRUSION,CROSSED_RESTRICTED_ZONE,0.8208,196,239,c:\Users\sharm\CCTV-YOLO\IBVAP\backend\logs\snapshots\intrusion_0073.jpg
2026-09-11,15:36:38,1,1,person,INTRUSION,CROSSED_RESTRICTED_ZONE,0.8008,195,239,c:\Users\sharm\CCTV-YOLO\IBVAP\backend\logs\snapshots\intrusion_0074.jpg
2026-09-11,15:36:38,1,1,person,INTRUSION,CROSSED_RESTRICTED_ZONE,0.8926,196,238,c:\Users\sharm\CCTV-YOLO\IBVAP\backend\logs\snapshots\intrusion_0075.jpg
2026-09-11,15:36:38,1,1,person,INTRUSION,CROSSED_RESTRICTED_ZONE,0.8818,196,238,c:\Users\sharm\CCTV-YOLO\IBVAP\backend\logs\snapshots\intrusion_0076.jpg
2026-09-11,15:36:38,1,1,person,INTRUSION,CROSSED_RESTRICTED_ZONE,0.8579,196,238,c:\Users\sharm\CCTV-YOLO\IBVAP\backend\logs\snapshots\intrusion_0077.jpg
2026-09-11,15:36:38,1,1,person,INTRUSION,CROSSED_RESTRICTED_ZONE,0.7881,196,238,c:\Users\sharm\CCTV-YOLO\IBVAP\backend\logs\snapshots\intrusion_0078.jpg
2026-09-11,15:36:39,1,1,person,INTRUSION,CROSSED_RESTRICTED_ZONE,0.8374,196,238,c:\Users\sharm\CCTV-YOLO\IBVAP\backend\logs\snapshots\intrusion_0079.jpg
2026-09-11,15:36:39,1,1,person,INTRUSION,CROSSED_RESTRICTED_ZONE,0.8447,196,238,c:\Users\sharm\CCTV-YOLO\IBVAP\backend\logs\snapshots\intrusion_0080.jpg
2026-09-11,15:36:39,1,1,person,INTRUSION,CROSSED_RESTRICTED_ZONE,0.8530,196,238,c:\Users\sharm\CCTV-YOLO\IBVAP\backend\logs\snapshots\intrusion_0081.jpg
2026-09-11,15:36:39,1,1,person,INTRUSION,CROSSED_RESTRICTED_ZONE,0.8896,196,238,c:\Users\sharm\CCTV-YOLO\IBVAP\backend\logs\snapshots\intrusion_0082.jpg
2026-09-11,15:36:39,1,1,person,INTRUSION,CROSSED_RESTRICTED_ZONE,0.8862,196,238,c:\Users\sharm\CCTV-YOLO\IBVAP\backend\logs\snapshots\intrusion_0083.jpg
2026-09-11,15:36:39,1,1,person,INTRUSION,CROSSED_RESTRICTED_ZONE,0.8774,195,238,c:\Users\sharm\CCTV-YOLO\IBVAP\backend\logs\snapshots\intrusion_0084.jpg
2026-09-11,15:36:39,1,1,person,INTRUSION,CROSSED_RESTRICTED_ZONE,0.8633,195,238,c:\Users\sharm\CCTV-YOLO\IBVAP\backend\logs\snapshots\intrusion_0085.jpg
2026-09-11,15:36:39,1,1,person,INTRUSION,CROSSED_RESTRICTED_ZONE,0.8457,194,238,c:\Users\sharm\CCTV-YOLO\IBVAP\backend\logs\snapshots\intrusion_0086.jpg
2026-09-11,15:36:39,1,1,person,INTRUSION,CROSSED_RESTRICTED_ZONE,0.8579,194,239,c:\Users\sharm\CCTV-YOLO\IBVAP\backend\logs\snapshots\intrusion_0087.jpg
2026-09-11,15:36:39,1,1,person,INTRUSION,CROSSED_RESTRICTED_ZONE,0.8521,194,239,c:\Users\sharm\CCTV-YOLO\IBVAP\backend\logs\snapshots\intrusion_0088.jpg
2026-09-11,15:36:39,1,1,person,INTRUSION,CROSSED_RESTRICTED_ZONE,0.8354,194,239,c:\Users\sharm\CCTV-YOLO\IBVAP\backend\logs\snapshots\intrusion_0089.jpg
2026-09-11,15:36:39,1,1,person,INTRUSION,CROSSED_RESTRICTED_ZONE,0.8008,194,238,c:\Users\sharm\CCTV-YOLO\IBVAP\backend\logs\snapshots\intrusion_0090.jpg
2026-09-11,15:36:39,1,1,person,INTRUSION,CROSSED_RESTRICTED_ZONE,0.7026,194,238,c:\Users\sharm\CCTV-YOLO\IBVAP\backend\logs\snapshots\intrusion_0091.jpg
2026-09-11,15:36:40,1,1,person,INTRUSION,CROSSED_RESTRICTED_ZONE,0.1188,194,238,c:\Users\sharm\CCTV-YOLO\IBVAP\backend\logs\snapshots\intrusion_0092.jpg
2026-09-11,15:36:42,91,6,person,INTRUSION,CROSSED_RESTRICTED_ZONE,0.3311,368,303,c:\Users\sharm\CCTV-YOLO\IBVAP\backend\logs\snapshots\intrusion_0093.jpg
2026-09-11,15:36:42,91,6,person,INTRUSION,CROSSED_RESTRICTED_ZONE,0.3513,369,300,c:\Users\sharm\CCTV-YOLO\IBVAP\backend\logs\snapshots\intrusion_0094.jpg
2026-09-11,15:36:42,99,6,person,SUSPICIOUS_ACTIVITY,RAPID MOVEMENT,0.4167,368,297,c:\Users\sharm\CCTV-YOLO\IBVAP\backend\logs\snapshots\suspicious_0004.jpg
2026-09-11,15:36:42,91,6,person,INTRUSION,CROSSED_RESTRICTED_ZONE,0.2974,368,297,c:\Users\sharm\CCTV-YOLO\IBVAP\backend\logs\snapshots\intrusion_0095.jpg
2026-09-11,15:36:42,91,6,person,INTRUSION,CROSSED_RESTRICTED_ZONE,0.3201,369,293,c:\Users\sharm\CCTV-YOLO\IBVAP\backend\logs\snapshots\intrusion_0096.jpg
2026-09-11,15:36:42,91,6,person,INTRUSION,CROSSED_RESTRICTED_ZONE,0.3032,368,289,c:\Users\sharm\CCTV-YOLO\IBVAP\backend\logs\snapshots\intrusion_0097.jpg
2026-09-11,15:36:42,91,6,person,INTRUSION,CROSSED_RESTRICTED_ZONE,0.2539,367,285,c:\Users\sharm\CCTV-YOLO\IBVAP\backend\logs\snapshots\intrusion_0098.jpg
2026-09-11,15:36:42,91,6,person,INTRUSION,CROSSED_RESTRICTED_ZONE,0.2510,368,282,c:\Users\sharm\CCTV-YOLO\IBVAP\backend\logs\snapshots\intrusion_0099.jpg
2026-09-11,15:36:42,91,6,person,INTRUSION,CROSSED_RESTRICTED_ZONE,0.2576,368,280,c:\Users\sharm\CCTV-YOLO\IBVAP\backend\logs\snapshots\intrusion_0100.jpg
2026-09-11,15:36:42,91,6,person,INTRUSION,CROSSED_RESTRICTED_ZONE,0.2568,369,279,c:\Users\sharm\CCTV-YOLO\IBVAP\backend\logs\snapshots\intrusion_0101.jpg
2026-09-11,15:36:43,91,6,person,INTRUSION,CROSSED_RESTRICTED_ZONE,0.2429,370,277,c:\Users\sharm\CCTV-YOLO\IBVAP\backend\logs\snapshots\intrusion_0102.jpg
2026-09-11,15:36:43,91,6,person,INTRUSION,CROSSED_RESTRICTED_ZONE,0.2274,370,277,c:\Users\sharm\CCTV-YOLO\IBVAP\backend\logs\snapshots\intrusion_0103.jpg
2026-09-11,15:36:43,91,6,person,INTRUSION,CROSSED_RESTRICTED_ZONE,0.2444,371,277,c:\Users\sharm\CCTV-YOLO\IBVAP\backend\logs\snapshots\intrusion_0104.jpg
2026-09-11,15:36:43,91,6,person,INTRUSION,CROSSED_RESTRICTED_ZONE,0.2167,371,278,c:\Users\sharm\CCTV-YOLO\IBVAP\backend\logs\snapshots\intrusion_0105.jpg
2026-09-11,15:36:43,91,6,person,INTRUSION,CROSSED_RESTRICTED_ZONE,0.2081,372,277,c:\Users\sharm\CCTV-YOLO\IBVAP\backend\logs\snapshots\intrusion_0106.jpg
2026-09-11,15:36:43,91,6,person,INTRUSION,CROSSED_RESTRICTED_ZONE,0.2095,371,277,c:\Users\sharm\CCTV-YOLO\IBVAP\backend\logs\snapshots\intrusion_0107.jpg
2026-09-11,15:36:43,91,6,person,INTRUSION,CROSSED_RESTRICTED_ZONE,0.2220,371,277,c:\Users\sharm\CCTV-YOLO\IBVAP\backend\logs\snapshots\intrusion_0108.jpg
2026-09-11,15:36:43,91,6,person,INTRUSION,CROSSED_RESTRICTED_ZONE,0.2167,370,277,c:\Users\sharm\CCTV-YOLO\IBVAP\backend\logs\snapshots\intrusion_0109.jpg
2026-09-11,15:36:43,91,6,person,INTRUSION,CROSSED_RESTRICTED_ZONE,0.2018,370,278,c:\Users\sharm\CCTV-YOLO\IBVAP\backend\logs\snapshots\intrusion_0110.jpg
2026-09-11,15:36:43,91,6,person,INTRUSION,CROSSED_RESTRICTED_ZONE,0.2161,369,278,c:\Users\sharm\CCTV-YOLO\IBVAP\backend\logs\snapshots\intrusion_0111.jpg
2026-09-11,15:36:43,91,6,person,INTRUSION,CROSSED_RESTRICTED_ZONE,0.2120,368,279,c:\Users\sharm\CCTV-YOLO\IBVAP\backend\logs\snapshots\intrusion_0112.jpg
2026-09-11,15:36:43,91,6,person,INTRUSION,CROSSED_RESTRICTED_ZONE,0.1865,369,279,c:\Users\sharm\CCTV-YOLO\IBVAP\backend\logs\snapshots\intrusion_0113.jpg
2026-09-11,15:36:43,91,6,person,INTRUSION,CROSSED_RESTRICTED_ZONE,0.1639,368,278,c:\Users\sharm\CCTV-YOLO\IBVAP\backend\logs\snapshots\intrusion_0114.jpg
2026-09-11,15:36:43,91,6,person,INTRUSION,CROSSED_RESTRICTED_ZONE,0.1656,366,277,c:\Users\sharm\CCTV-YOLO\IBVAP\backend\logs\snapshots\intrusion_0115.jpg
2026-09-11,15:36:43,91,6,person,INTRUSION,CROSSED_RESTRICTED_ZONE,0.1343,363,278,c:\Users\sharm\CCTV-YOLO\IBVAP\backend\logs\snapshots\intrusion_0116.jpg
2026-09-11,15:36:43,91,6,person,INTRUSION,CROSSED_RESTRICTED_ZONE,0.1316,360,278,c:\Users\sharm\CCTV-YOLO\IBVAP\backend\logs\snapshots\intrusion_0117.jpg
2026-09-11,15:36:44,91,6,person,INTRUSION,CROSSED_RESTRICTED_ZONE,0.1172,357,281,c:\Users\sharm\CCTV-YOLO\IBVAP\backend\logs\snapshots\intrusion_0118.jpg
2026-09-11,15:36:44,91,6,person,INTRUSION,CROSSED_RESTRICTED_ZONE,0.1417,353,282,c:\Users\sharm\CCTV-YOLO\IBVAP\backend\logs\snapshots\intrusion_0119.jpg
2026-09-11,15:36:44,4,1,person,SUSPICIOUS_ACTIVITY,ERRATIC MOVEMENT,1.0000,202,241,c:\Users\sharm\CCTV-YOLO\IBVAP\backend\logs\snapshots\suspicious_0005.jpg
2026-09-11,15:36:44,91,6,person,INTRUSION,CROSSED_RESTRICTED_ZONE,0.1437,351,283,c:\Users\sharm\CCTV-YOLO\IBVAP\backend\logs\snapshots\intrusion_0120.jpg
2026-09-11,15:36:47,65,4,person,SUSPICIOUS_ACTIVITY,ERRATIC MOVEMENT | RAPID MOVEMENT,1.0000,164,234,c:\Users\sharm\CCTV-YOLO\IBVAP\backend\logs\snapshots\suspicious_0006.jpg
2026-09-11,15:36:52,99,6,person,SUSPICIOUS_ACTIVITY,ERRATIC MOVEMENT,1.0000,192,406,c:\Users\sharm\CCTV-YOLO\IBVAP\backend\logs\snapshots\suspicious_0007.jpg
2026-09-11,15:36:54,206,9,person,SUSPICIOUS_ACTIVITY,RAPID MOVEMENT,0.5556,697,198,c:\Users\sharm\CCTV-YOLO\IBVAP\backend\logs\snapshots\suspicious_0008.jpg
2026-09-11,15:36:54,209,1,person,SUSPICIOUS_ACTIVITY,ERRATIC MOVEMENT | RAPID MOVEMENT,1.0000,257,240,c:\Users\sharm\CCTV-YOLO\IBVAP\backend\logs\snapshots\suspicious_0009.jpg
2026-09-11,15:36:57,99,6,person,INTRUSION,CROSSED_RESTRICTED_ZONE,0.9155,253,334,c:\Users\sharm\CCTV-YOLO\IBVAP\backend\logs\snapshots\intrusion_0121.jpg
2026-09-11,15:36:58,221,4,person,SUSPICIOUS_ACTIVITY,ERRATIC MOVEMENT | LOITERING | RAPID MOVEMENT,1.0000,208,246,c:\Users\sharm\CCTV-YOLO\IBVAP\backend\logs\snapshots\suspicious_0010.jpg
2026-09-11,15:36:59,167,8,person,SUSPICIOUS_ACTIVITY,LOITERING,0.4167,14,385,c:\Users\sharm\CCTV-YOLO\IBVAP\backend\logs\snapshots\suspicious_0011.jpg
